# https://github.com/mikedh/trimesh
v 0.00000000 0.00000000 0.40000001
v 0.43288708 0.45362377 0.40000001
v 0.42111397 0.46236372 0.40000001
v 0.40854359 0.46991253 0.40000001
v 0.40000105 0.47396564 0.40000001
v 0.47396660 0.40000010 0.40000001
v 0.46989584 0.40857458 0.40000001
v 0.46234417 0.42114305 0.40000001
v 0.45360136 0.43291426 0.40000001
v 0.44375086 0.44377565 0.40000001
v 0.40000057 0.62946844 0.40000001
v 2.27938223 1.54293346 0.40000001
v 2.28735352 1.54253626 0.40000001
v 2.30186462 1.54037857 0.40000001
v 2.38832140 1.48867321 0.40000001
v 2.37844753 1.49952364 0.40000001
v 2.31609535 1.53681374 0.40000001
v 2.32990980 1.53187561 0.40000001
v 2.34317589 1.52561188 0.40000001
v 2.35576630 1.51808214 0.40000001
v 2.36756134 1.50935793 0.40000001
v 2.53167629 1.43012714 0.40000001
v 2.51908588 1.43765688 0.40000001
v 2.54347134 1.42140293 0.40000001
v 2.55435753 1.41156864 0.40000001
v 2.56423140 1.40071821 0.40000001
v 2.40895319 1.45534515 0.40000001
v 2.40466309 1.46434641 0.40000001
v 2.44861078 1.45531130 0.40000001
v 2.39708757 1.47690964 0.40000001
v 2.46326351 1.45458126 0.40000001
v 2.47777414 1.45242357 0.40000001
v 2.50581980 1.44392061 0.40000001
v 2.49200535 1.44885874 0.40000001
v 2.32507133 1.60702372 0.40000001
v 2.41318703 1.69492579 0.40000001
v 2.49699450 1.77298379 0.40000001
v 1.13595247 2.56493783 0.40000001
v 1.19144058 2.40907478 0.40000001
v 0.66383076 3.37636852 0.40000001
v 0.66379786 3.50382948 0.40000001
v 0.73380756 3.31102538 0.40000001
v 0.72657108 3.32313800 0.40000001
v 0.73398638 3.31140065 0.40000001
v 0.74156141 3.32396412 0.40000001
v 0.70803165 3.34582019 0.40000001
v 0.69719028 3.35569620 0.40000001
v 0.68543673 3.36446619 0.40000001
v 0.67288303 3.37204671 0.40000001
v 0.71785641 3.33493280 0.40000001
v 0.75032806 3.33572745 0.40000001
v 0.76020145 3.34657812 0.40000001
v 0.77108765 3.35641241 0.40000001
v 0.78288269 3.36513615 0.40000001
v 0.79547358 3.37266612 0.40000001
v 0.80873966 3.37893009 0.40000001
v 0.82255411 3.38386798 0.40000001
v 0.83678484 3.38743305 0.40000001
v 0.85129595 3.38959074 0.40000001
v 0.86594820 3.39032054 0.40000001
v 0.90548611 3.39035416 0.40000001
v 0.90943909 3.39871287 0.40000001
v 0.91697216 3.41129255 0.40000001
v 0.92569685 3.42307663 0.40000001
v 0.93553066 3.43395257 0.40000001
v 0.94637966 3.44381642 0.40000001
v 0.95813942 3.45257401 0.40000001
v 0.97069836 3.46014142 0.40000001
v 0.66307783 3.51847172 0.40000001
v 0.66093206 3.53297377 0.40000001
v 0.65738058 3.54719710 0.40000001
v 0.65245771 3.56100559 0.40000001
v 0.64621019 3.57426786 0.40000001
v 0.63869810 3.58685684 0.40000001
v 0.60934734 3.61942124 0.40000001
v 0.59760332 3.62819600 0.40000001
v 0.62017822 3.60954189 0.40000001
v 0.58505917 3.63578272 0.40000001
v 0.57591105 3.64015865 0.40000001
v 0.62999296 3.59865236 0.40000001
v 0.57591105 4.07372189 0.40000001
v 0.98393583 3.46644664 0.40000001
v 0.98958015 3.46848607 0.40000001
v 0.99164486 3.47418690 0.40000001
v 0.99795866 3.48741698 0.40000001
v 1.00553370 3.49996758 0.40000001
v 1.01429749 3.51171875 0.40000001
v 1.02416658 3.52255845 0.40000001
v 1.03504658 3.53238297 0.40000001
v 1.04683399 3.54109859 0.40000001
v 1.05941534 3.54862213 0.40000001
v 1.07267141 3.55488133 0.40000001
v 1.07748270 3.55660176 0.40000001
v 1.07938671 3.56187892 0.40000001
v 1.08569193 3.57513070 0.40000001
v 1.09326172 3.58770275 0.40000001
v 1.10202408 3.59947491 0.40000001
v 1.11189461 3.61033440 0.40000001
v 1.12277937 3.62017751 0.40000001
v 1.13457346 3.62890983 0.40000001
v 1.14716482 3.63644791 0.40000001
v 1.16043234 3.64271975 0.40000001
v 1.17424917 3.64766479 0.40000001
v 1.18848324 3.65123606 0.40000001
v 1.53356457 2.06123781 0.40000001
v 1.44566011 2.14913011 0.40000001
v 1.26957273 2.32523203 0.40000001
v 1.35747433 2.23711634 0.40000001
v 1.61329508 1.99178720 0.40000001
v 1.69296694 2.06116724 0.40000001
v 2.04889917 2.33485484 0.40000001
v 2.13274193 2.41298699 0.40000001
v 1.46416426 2.14093757 0.40000001
v 1.45092010 2.14723396 0.40000001
v 1.47672987 2.13337827 0.40000001
v 1.59702873 2.01608849 0.40000001
v 1.58717823 2.02695274 0.40000001
v 1.60577106 2.00431418 0.40000001
v 1.57631397 2.03680325 0.40000001
v 1.53871870 2.05938387 0.40000001
v 1.55196762 2.05309677 0.40000001
v 1.56453943 2.04554582 0.40000001
v 1.53175116 2.06629086 0.40000001
v 1.52547312 2.07954359 0.40000001
v 1.49935436 2.11477017 0.40000001
v 1.50919724 2.10389972 0.40000001
v 1.51793098 2.09211993 0.40000001
v 1.48849773 2.12462783 0.40000001
v 2.48865271 2.68663001 0.40000001
v 1.62071800 2.00416493 0.40000001
v 1.65015173 2.03667283 0.40000001
v 1.62945223 2.01594472 0.40000001
v 1.63929462 2.02681541 0.40000001
v 1.66191912 2.04542327 0.40000001
v 1.67448521 2.05298281 0.40000001
v 1.68772888 2.05927896 0.40000001
v 1.74960089 2.13311553 0.40000001
v 1.69468689 2.06597781 0.40000001
v 1.70094633 2.07923365 0.40000001
v 1.70846987 2.09181523 0.40000001
v 1.71718550 2.10360241 0.40000001
v 1.73784971 2.12435174 0.40000001
v 1.72700977 2.11448264 0.40000001
v 2.57253885 2.76481485 0.40000001
v 1.76215124 2.14069057 0.40000001
v 1.77538157 2.14700437 0.40000001
v 1.78108263 2.14906907 0.40000001
v 1.42926264 3.82021332 0.40000001
v 1.36311865 2.23507714 0.40000001
v 1.37635612 2.22877192 0.40000001
v 1.38891506 2.22120428 0.40000001
v 1.40067482 2.21244693 0.40000001
v 1.27438307 2.32351184 0.40000001
v 1.34909582 2.25604749 0.40000001
v 1.34152079 2.26859808 0.40000001
v 1.31200790 2.30101347 0.40000001
v 1.30022049 2.30972910 0.40000001
v 1.28763914 2.31725264 0.40000001
v 1.33275700 2.28034925 0.40000001
v 1.32288790 2.29118896 0.40000001
v 1.35540962 2.24281740 0.40000001
v 1.19999409 2.40502262 0.40000001
v 1.22434998 2.38874674 0.40000001
v 1.21257019 2.39748073 0.40000001
v 1.24507809 2.36804724 0.40000001
v 1.23522091 2.37890410 0.40000001
v 1.26768446 2.33046985 0.40000001
v 1.26138830 2.34371376 0.40000001
v 1.25382853 2.35627961 0.40000001
v 1.19139528 2.44872403 0.40000001
v 1.19066048 2.46338081 0.40000001
v 1.18849707 2.47789574 0.40000001
v 1.18492603 2.49212980 0.40000001
v 1.20299816 3.65339947 0.40000001
v 1.21765471 3.65413404 0.40000001
v 1.25730419 3.65417933 0.40000001
v 1.26135635 3.66273308 0.40000001
v 1.26889849 3.67530942 0.40000001
v 1.27763224 3.68708897 0.40000001
v 1.28747463 3.69795966 0.40000001
v 1.29833174 3.70781732 0.40000001
v 1.31009960 3.71656752 0.40000001
v 1.32266521 3.72412705 0.40000001
v 1.15743876 2.54359961 0.40000001
v 1.14759541 2.55448413 0.40000001
v 1.13673592 2.56435490 0.40000001
v 1.33590937 3.73042345 0.40000001
v 1.34114695 3.73231149 0.40000001
v 1.17998075 2.50594664 0.40000001
v 1.17370892 2.51921415 0.40000001
v 1.16617107 2.53180528 0.40000001
v 1.14382172 2.56532764 0.40000001
v 1.15832758 2.56748009 0.40000001
v 1.26954365 2.66245866 0.40000001
v 1.17255449 2.57103896 0.40000001
v 1.18636560 2.57596970 0.40000001
v 1.19962931 2.58222580 0.40000001
v 1.21221876 2.58974719 0.40000001
v 1.22401381 2.59846187 0.40000001
v 1.23490095 2.60828686 0.40000001
v 1.24477720 2.61912775 0.40000001
v 1.25354719 2.63088155 0.40000001
v 1.26112747 2.64343524 0.40000001
v 1.26744604 2.65666938 0.40000001
v 1.35774899 2.75044513 0.40000001
v 1.27531290 2.66454816 0.40000001
v 1.28854275 2.67086196 0.40000001
v 1.35600710 2.74557471 0.40000001
v 1.30109358 2.67843699 0.40000001
v 1.31284475 2.68720078 0.40000001
v 1.32368422 2.69707012 0.40000001
v 1.33350897 2.70795012 0.40000001
v 1.34222460 2.71973729 0.40000001
v 1.34974813 2.73231888 0.40000001
v 1.36311865 2.75238538 0.40000001
v 1.40067482 2.77501559 0.40000001
v 1.37635612 2.75869060 0.40000001
v 1.43761539 2.16734338 0.40000001
v 1.43008280 2.17992306 0.40000001
v 1.44388390 2.15408850 0.40000001
v 1.41152382 2.20258307 0.40000001
v 1.42135763 2.19170713 0.40000001
v 1.78942680 2.16795087 0.40000001
v 1.78312159 2.15471315 0.40000001
v 1.79699469 2.18050957 0.40000001
v 1.80575180 2.19226956 0.40000001
v 1.81561565 2.20311832 0.40000001
v 1.82649183 2.21295214 0.40000001
v 1.83827591 2.22167730 0.40000001
v 1.85085535 2.22921014 0.40000001
v 1.86411047 2.23547864 0.40000001
v 1.86906958 2.23725510 0.40000001
v 1.38891506 2.76625800 0.40000001
v 1.41152382 2.78487945 0.40000001
v 1.42135763 2.79575539 0.40000001
v 1.43008280 2.80753946 0.40000001
v 1.43761539 2.82011914 0.40000001
v 1.44158745 2.82851768 0.40000001
v 1.48121929 2.82856297 0.40000001
v 1.62139940 2.92611718 0.40000001
v 1.49587631 2.82929754 0.40000001
v 1.51039124 2.83146071 0.40000001
v 1.52462530 2.83503222 0.40000001
v 1.53844213 2.83997726 0.40000001
v 1.55170965 2.84624887 0.40000001
v 2.76066685 1.27955055 0.40000001
v 2.75636196 1.28856754 0.40000001
v 2.74878168 1.30112123 0.40000001
v 2.92852211 1.27955055 0.40000001
v 2.58484650 1.36742449 0.40000001
v 2.62440872 1.36740065 0.40000001
v 2.63905621 1.36667538 0.40000001
v 2.65356207 1.36452293 0.40000001
v 2.58057308 1.37639141 0.40000001
v 2.57299757 1.38895464 0.40000001
v 2.66778898 1.36096382 0.40000001
v 2.68160009 1.35603285 0.40000001
v 2.69486380 1.34977722 0.40000001
v 2.73013544 1.32371616 0.40000001
v 2.74001122 1.31287527 0.40000001
v 2.71924782 1.33354092 0.40000001
v 2.70745325 1.34225559 0.40000001
v 3.95099664 1.10364056 0.40000001
v 4.55900097 0.62949324 0.40000001
v 4.04645252 1.15809679 0.40000001
v 2.93250084 1.28794909 0.40000001
v 4.06096363 1.16025448 0.40000001
v 2.94004250 1.30052519 0.40000001
v 4.08900928 1.16875744 0.40000001
v 2.94877672 1.31230497 0.40000001
v 4.11486578 1.18255138 0.40000001
v 2.95861912 1.32317543 0.40000001
v 4.12666082 1.19127512 0.40000001
v 2.96947622 1.33303308 0.40000001
v 2.98124361 1.34178352 0.40000001
v 4.13754702 1.20110941 0.40000001
v 2.99380970 1.34934282 0.40000001
v 4.14742088 1.21196032 0.40000001
v 3.00705338 1.35563946 0.40000001
v 3.01229143 1.35752726 0.40000001
v 4.15618706 1.22372341 0.40000001
v 3.01401138 1.36233807 0.40000001
v 3.02027082 1.37559414 0.40000001
v 4.16376209 1.23628712 0.40000001
v 3.02779436 1.38817549 0.40000001
v 4.17007446 1.24953032 0.40000001
v 3.03650999 1.39996290 0.40000001
v 4.17689705 1.25667095 0.40000001
v 3.04633427 1.41084290 0.40000001
v 4.20273447 1.27045393 0.40000001
v 3.05717421 1.42071199 0.40000001
v 4.21452141 1.27916956 0.40000001
v 3.06892538 1.42947578 0.40000001
v 3.08147573 1.43705082 0.40000001
v 3.95149374 1.10401154 0.40000001
v 3.96233344 1.11388063 0.40000001
v 3.97215796 1.12476063 0.40000001
v 3.98087358 1.13654804 0.40000001
v 3.98839688 1.14912939 0.40000001
v 3.99227095 1.15733337 0.40000001
v 4.03180027 1.15736723 0.40000001
v 4.22540188 1.28899384 0.40000001
v 3.09470606 1.44336462 0.40000001
v 4.23527098 1.29983377 0.40000001
v 3.10040712 1.44542933 0.40000001
v 3.10244608 1.45107365 0.40000001
v 3.10875130 1.46431112 0.40000001
v 4.24403477 1.31158495 0.40000001
v 3.11631918 1.47687006 0.40000001
v 4.25160980 1.32413578 0.40000001
v 3.12507629 1.48862982 0.40000001
v 2.27966213 1.54314089 0.40000001
v 2.29053831 1.55297470 0.40000001
v 2.30915928 1.57558346 0.40000001
v 2.30040216 1.56382322 0.40000001
v 2.31672716 1.58814192 0.40000001
v 2.92846727 3.03853440 0.40000001
v 2.32303238 1.60137987 0.40000001
v 2.33077240 1.60908842 0.40000001
v 2.34400225 1.61540222 0.40000001
v 2.35655308 1.62297726 0.40000001
v 2.36830425 1.63174105 0.40000001
v 2.37914419 1.64161062 0.40000001
v 2.38896847 1.65249062 0.40000001
v 2.39768410 1.66427755 0.40000001
v 2.40520763 1.67685938 0.40000001
v 2.41146708 1.69011497 0.40000001
v 2.41842461 1.69681406 0.40000001
v 2.43166876 1.70311022 0.40000001
v 2.49297762 1.76450443 0.40000001
v 2.44423437 1.71066952 0.40000001
v 2.45600224 1.71941996 0.40000001
v 2.46685934 1.72927761 0.40000001
v 2.47670174 1.74014807 0.40000001
v 2.48543596 1.75192809 0.40000001
v 2.53645420 1.77300739 0.40000001
v 2.67682314 1.87086415 0.40000001
v 2.55110121 1.77373314 0.40000001
v 2.56560707 1.77588558 0.40000001
v 2.57983398 1.77944422 0.40000001
v 2.59364510 1.78437519 0.40000001
v 2.60690880 1.79063106 0.40000001
v 2.61949825 1.79815245 0.40000001
v 2.63129330 1.80686712 0.40000001
v 2.64218044 1.81669211 0.40000001
v 2.76502800 1.95885038 0.40000001
v 2.65205669 1.82753301 0.40000001
v 2.66082668 1.83928680 0.40000001
v 2.66840696 1.85184050 0.40000001
v 2.67472553 1.86507463 0.40000001
v 2.84886694 2.03692293 0.40000001
v 2.68259239 1.87295365 0.40000001
v 2.69582224 1.87926722 0.40000001
v 2.70837307 1.88684225 0.40000001
v 2.72012424 1.89560628 0.40000001
v 2.73096371 1.90547538 0.40000001
v 2.74078846 1.91635537 0.40000001
v 2.76328659 1.95397997 0.40000001
v 2.74950409 1.92814255 0.40000001
v 2.75702763 1.94072413 0.40000001
v 1.87098122 2.24255443 0.40000001
v 1.90348959 2.29100990 0.40000001
v 1.87728643 2.25580597 0.40000001
v 1.88485670 2.26837826 0.40000001
v 1.91437387 2.30085301 0.40000001
v 1.89361858 2.28015041 0.40000001
v 1.92616844 2.30958533 0.40000001
v 1.93875933 2.31712341 0.40000001
v 1.95202732 2.32339525 0.40000001
v 1.96584415 2.32834029 0.40000001
v 1.98007774 2.33191156 0.40000001
v 1.99459267 2.33407497 0.40000001
v 2.00924969 2.33480954 0.40000001
v 2.06049299 2.35598469 0.40000001
v 2.05295086 2.34340858 0.40000001
v 2.06922722 2.36776447 0.40000001
v 2.07906961 2.37863517 0.40000001
v 2.08992672 2.38849282 0.40000001
v 3.01229143 3.11662674 0.40000001
v 2.10169411 2.39724302 0.40000001
v 2.11426020 2.40480256 0.40000001
v 2.12750387 2.41109896 0.40000001
v 2.21515656 2.49882412 0.40000001
v 2.13446188 2.41779757 0.40000001
v 2.14072132 2.43105364 0.40000001
v 2.14824438 2.44363523 0.40000001
v 2.15696001 2.45542240 0.40000001
v 2.16678476 2.46630239 0.40000001
v 2.17762423 2.47617149 0.40000001
v 3.36820221 3.39026976 0.40000001
v 2.22085714 2.50088906 0.40000001
v 2.18937588 2.48493552 0.40000001
v 2.20192623 2.49251056 0.40000001
v 2.30879354 2.58905673 0.40000001
v 2.22289658 2.50653315 0.40000001
v 2.22920179 2.51977062 0.40000001
v 2.23676920 2.53232956 0.40000001
v 2.24552679 2.54408956 0.40000001
v 2.25539064 2.55493832 0.40000001
v 2.26626635 2.56477213 0.40000001
v 2.27805042 2.57349706 0.40000001
v 2.29063034 2.58102989 0.40000001
v 2.30388498 2.58729863 0.40000001
v 2.44891119 2.68657136 0.40000001
v 2.31065607 2.59422946 0.40000001
v 2.40549707 2.68008447 0.40000001
v 2.31695461 2.60748839 0.40000001
v 2.32451916 2.62006807 0.40000001
v 2.33327675 2.63184810 0.40000001
v 2.34314442 2.64271593 0.40000001
v 2.35402632 2.65256715 0.40000001
v 2.36581945 2.66130757 0.40000001
v 2.41973305 2.68366241 0.40000001
v 2.43425083 2.68583155 0.40000001
v 2.37841034 2.66885328 0.40000001
v 2.39167833 2.67513251 0.40000001
v 2.51884460 2.73045516 0.40000001
v 2.49272585 2.69522834 0.40000001
v 2.50026798 2.70780468 0.40000001
v 2.50900173 2.71958447 0.40000001
v 2.52970123 2.74031258 0.40000001
v 2.54146910 2.74906301 0.40000001
v 2.55403471 2.75662255 0.40000001
v 2.56727886 2.76291871 0.40000001
v 2.58058357 2.78302813 0.40000001
v 2.57431459 2.76977324 0.40000001
v 2.58811617 2.79560781 0.40000001
v 2.59684134 2.80739188 0.40000001
v 2.60667515 2.81826782 0.40000001
v 2.61752415 2.82813168 0.40000001
v 2.62928391 2.83688927 0.40000001
v 2.64184284 2.84445667 0.40000001
v 2.65508032 2.85076189 0.40000001
v 2.66072464 2.85280132 0.40000001
v 2.77039814 1.96079063 0.40000001
v 2.78363562 1.96709585 0.40000001
v 2.79619455 1.97466350 0.40000001
v 2.80795431 1.98342085 0.40000001
v 2.81880331 1.99328470 0.40000001
v 2.82863712 2.00416064 0.40000001
v 2.83736229 2.01594472 0.40000001
v 2.84489489 2.02852440 0.40000001
v 3.28860569 2.38870287 0.40000001
v 2.88849878 2.03696823 0.40000001
v 3.02876997 2.13477492 0.40000001
v 2.90315580 2.03770280 0.40000001
v 2.91767073 2.03986621 0.40000001
v 2.93190479 2.04343748 0.40000001
v 2.94572163 2.04838252 0.40000001
v 2.95898914 2.05465412 0.40000001
v 2.97158003 2.06219220 0.40000001
v 2.98337460 2.07092476 0.40000001
v 2.99425936 2.08076787 0.40000001
v 3.00412989 2.09162736 0.40000001
v 3.01289225 2.10339952 0.40000001
v 3.02046204 2.11597157 0.40000001
v 3.11677408 2.22250843 0.40000001
v 3.02676725 2.12922335 0.40000001
v 4.25998831 1.34306669 0.40000001
v 3.13494015 1.49947882 0.40000001
v 4.27887011 1.35141134 0.40000001
v 3.14581633 1.50931263 0.40000001
v 4.29142904 1.35897875 0.40000001
v 3.15760040 1.51803732 0.40000001
v 4.30318880 1.36773634 0.40000001
v 3.17017984 1.52557039 0.40000001
v 3.18343496 1.53183889 0.40000001
v 4.31403732 1.37760019 0.40000001
v 3.18839407 1.53361559 0.40000001
v 3.19030571 1.53891468 0.40000001
v 3.19661093 1.55216646 0.40000001
v 4.32387161 1.38847589 0.40000001
v 3.20418119 1.56473827 0.40000001
v 4.33259678 1.40025997 0.40000001
v 3.21294308 1.57651043 0.40000001
v 4.34012938 1.41283941 0.40000001
v 3.22281408 1.58737040 0.40000001
v 4.34817410 1.43105268 0.40000001
v 3.23369837 1.59721327 0.40000001
v 4.36667824 1.43924522 0.40000001
v 3.24549294 1.60594559 0.40000001
v 4.37924385 1.44680500 0.40000001
v 3.25808430 1.61348391 0.40000001
v 3.27135181 1.61975527 0.40000001
v 4.39101124 1.45555496 0.40000001
v 3.28516865 1.62470055 0.40000001
v 4.40186882 1.46541262 0.40000001
v 3.29940271 1.62827206 0.40000001
v 3.31391716 1.63043499 0.40000001
v 3.32857418 1.63116980 0.40000001
v 3.03441191 2.13681841 0.40000001
v 3.04764223 2.14313221 0.40000001
v 3.06019258 2.15070724 0.40000001
v 3.07194424 2.15947104 0.40000001
v 3.08278370 2.16934013 0.40000001
v 3.09260845 2.18022037 0.40000001
v 3.20450735 2.31051159 0.40000001
v 3.10132408 2.19200754 0.40000001
v 3.10884714 2.20458913 0.40000001
v 3.11510658 2.21784496 0.40000001
v 3.12143755 2.22417569 0.40000001
v 3.13469315 2.23043513 0.40000001
v 3.14727497 2.23795843 0.40000001
v 3.15906191 2.24667406 0.40000001
v 3.16994238 2.25649881 0.40000001
v 3.17981148 2.26733828 0.40000001
v 3.18857527 2.27908969 0.40000001
v 3.19615030 2.29164028 0.40000001
v 3.20246410 2.30487037 0.40000001
v 3.72842050 2.74060750 0.40000001
v 3.21001959 2.31249857 0.40000001
v 3.22326326 2.31879497 0.40000001
v 3.23582935 2.32635450 0.40000001
v 3.24759674 2.33510470 0.40000001
v 3.25845385 2.34496236 0.40000001
v 3.26829624 2.35583305 0.40000001
v 3.27703047 2.36761284 0.40000001
v 3.28457260 2.38018918 0.40000001
v 3.32816076 2.38873649 0.40000001
v 3.46838641 2.48629904 0.40000001
v 3.34281301 2.38946652 0.40000001
v 3.35732412 2.39162421 0.40000001
v 3.37155485 2.39518905 0.40000001
v 3.38536930 2.40012717 0.40000001
v 3.39863539 2.40639114 0.40000001
v 3.41122603 2.41392088 0.40000001
v 3.42302108 2.42264485 0.40000001
v 3.43390727 2.43247914 0.40000001
v 3.44378090 2.44332981 0.40000001
v 3.45254731 2.45509315 0.40000001
v 3.55634856 2.57443619 0.40000001
v 3.46012259 2.46765661 0.40000001
v 3.46643448 2.48089981 0.40000001
v 3.48651314 2.49430013 0.40000001
v 3.49909496 2.50182343 0.40000001
v 3.51088190 2.51053905 0.40000001
v 3.52176213 2.52036357 0.40000001
v 4.16815519 3.09234262 0.40000001
v 3.47325730 2.48804069 0.40000001
v 3.53163123 2.53120327 0.40000001
v 3.64453435 2.66242242 0.40000001
v 3.54039526 2.54295444 0.40000001
v 3.54797006 2.55550504 0.40000001
v 3.55428386 2.56873536 0.40000001
v 3.56199288 2.57647538 0.40000001
v 3.57523036 2.58278060 0.40000001
v 3.58778930 2.59034824 0.40000001
v 3.59954906 2.59910560 0.40000001
v 3.61039782 2.60896945 0.40000001
v 3.62023187 2.61984539 0.40000001
v 3.62895679 2.63162947 0.40000001
v 3.63648963 2.64420915 0.40000001
v 3.64275837 2.65746403 0.40000001
v 3.66303825 2.67061496 0.40000001
v 3.67560410 2.67817426 0.40000001
v 3.68737173 2.68692470 0.40000001
v 3.69822884 2.69678235 0.40000001
v 3.64979434 2.66431856 0.40000001
v 7.61230469 5.93354034 0.40000001
v 0.00000000 0.00000000 0.00000000
v 0.00000000 11.49612904 0.40000001
v 0.60843658 5.14942551 0.40000001
v 1.56430054 2.85378695 0.40000001
v 1.57609510 2.86251926 0.40000001
v 1.58697987 2.87236238 0.40000001
v 1.59685040 2.88322210 0.40000001
v 1.60561275 2.89499426 0.40000001
v 1.70938683 3.01430321 0.40000001
v 1.61318254 2.90756631 0.40000001
v 1.61948776 2.92081785 0.40000001
v 1.62635899 2.92789364 0.40000001
v 1.63961363 2.93416238 0.40000001
v 1.65219355 2.94169521 0.40000001
v 1.66397762 2.95042014 0.40000001
v 1.67485332 2.96025419 0.40000001
v 1.68471718 2.97110271 0.40000001
v 1.69347477 2.98286271 0.40000001
v 1.79750204 3.10220528 0.40000001
v 1.70104218 2.99542165 0.40000001
v 1.70734739 3.00865912 0.40000001
v 1.71508741 3.01636815 0.40000001
v 1.72831774 3.02268195 0.40000001
v 1.74086809 3.03025675 0.40000001
v 1.75261974 3.03902078 0.40000001
v 1.76345921 3.04888988 0.40000001
v 1.77328396 3.05977011 0.40000001
v 1.78952265 3.08413863 0.40000001
v 1.78199959 3.07155704 0.40000001
v 1.79578209 3.09739470 0.40000001
v 1.80274010 3.10409331 0.40000001
v 1.88134480 3.18033743 0.40000001
v 1.81598377 3.11038971 0.40000001
v 1.82854986 3.11794925 0.40000001
v 1.38602972 3.79549599 0.40000001
v 1.34286690 3.73712206 0.40000001
v 1.34912634 3.75037813 0.40000001
v 1.35664988 3.76295972 0.40000001
v 1.36536551 3.77474689 0.40000001
v 1.39778090 3.80426002 0.40000001
v 1.37518978 3.78562689 0.40000001
v 1.41033173 3.81183481 0.40000001
v 1.42356157 3.81814861 0.40000001
v 1.43130207 3.82585764 0.40000001
v 1.46379614 3.87426281 0.40000001
v 1.43760729 3.83909512 0.40000001
v 1.45393229 3.86341381 0.40000001
v 1.44517469 3.85165405 0.40000001
v 1.47467184 3.88409662 0.40000001
v 1.48645592 3.89282179 0.40000001
v 1.49903536 3.90035439 0.40000001
v 1.51229048 3.90662313 0.40000001
v 1.51724958 3.90839958 0.40000001
v 1.69706202 4.00599909 0.40000001
v 1.51916170 3.91369867 0.40000001
v 1.65742970 4.00595379 0.40000001
v 1.52546692 3.92695045 0.40000001
v 1.53303671 3.93952250 0.40000001
v 1.54179907 3.95129466 0.40000001
v 1.55166960 3.96215439 0.40000001
v 1.56255436 3.97199726 0.40000001
v 1.58693981 3.98826790 0.40000001
v 1.57434845 3.98072982 0.40000001
v 1.60020733 3.99453950 0.40000001
v 1.61402416 3.99948454 0.40000001
v 1.62825823 4.00305605 0.40000001
v 1.64277315 4.00521946 0.40000001
v 1.70856667 4.02697754 0.40000001
v 1.70103359 4.01439762 0.40000001
v 1.71729183 4.03876162 0.40000001
v 1.72712564 4.04963732 0.40000001
v 1.73797417 4.05950117 0.40000001
v 1.74973440 4.06825876 0.40000001
v 1.76229286 4.07582617 0.40000001
v 1.77553082 4.08213139 0.40000001
v 1.78117466 4.08417082 0.40000001
v 1.81576157 4.13824320 0.40000001
v 1.78323936 4.08987141 0.40000001
v 1.78955317 4.10310173 0.40000001
v 1.79712820 4.11565208 0.40000001
v 1.80589199 4.12740374 0.40000001
v 1.82664156 4.14806795 0.40000001
v 1.83842850 4.15678358 0.40000001
v 2.04886055 4.26981926 0.40000001
v 1.85101032 4.16430664 0.40000001
v 1.86426592 4.17056608 0.40000001
v 1.86902666 4.17226839 0.40000001
v 0.58446312 4.07778025 0.40000001
v 0.59703493 4.08533144 0.40000001
v 0.60880899 4.09407377 0.40000001
v 0.61967325 4.10392427 0.40000001
v 0.62952375 4.11478853 0.40000001
v 0.63826656 4.12656307 0.40000001
v 0.64581728 4.13913441 0.40000001
v 0.65394688 4.15750551 0.40000001
v 0.65885401 4.15926313 0.40000001
v 0.65210438 4.15238333 0.40000001
v 0.67210913 4.16553211 0.40000001
v 0.68468857 4.17306471 0.40000001
v 0.69647264 4.18178988 0.40000001
v 0.70734882 4.19162369 0.40000001
v 0.71721268 4.20247221 0.40000001
v 0.72597027 4.21423244 0.40000001
v 0.73353767 4.22679138 0.40000001
v 0.73984289 4.24002886 0.40000001
v 0.74188232 4.24567270 0.40000001
v 0.74758291 4.24773788 0.40000001
v 0.76081324 4.25405121 0.40000001
v 0.77336359 4.26162624 0.40000001
v 0.78511477 4.27039051 0.40000001
v 0.79595470 4.28025961 0.40000001
v 0.80577898 4.29113960 0.40000001
v 0.81449461 4.30292654 0.40000001
v 0.82201815 4.31550837 0.40000001
v 0.82827759 4.32876396 0.40000001
v 0.82999754 4.33357477 0.40000001
v 0.83523560 4.33546305 0.40000001
v 0.84847927 4.34175920 0.40000001
v 0.86104536 4.34931850 0.40000001
v 0.87281275 4.35806894 0.40000001
v 0.88366985 4.36792660 0.40000001
v 0.89351225 4.37879753 0.40000001
v 0.90224648 4.39057732 0.40000001
v 0.90978813 4.40315342 0.40000001
v 0.91384029 4.41170692 0.40000001
v 0.95348978 4.41175222 0.40000001
v 0.64162111 5.14945364 0.40000001
v 0.96814632 4.41248703 0.40000001
v 0.98266125 4.41464996 0.40000001
v 0.99689531 4.41822147 0.40000001
v 1.01071215 4.42316675 0.40000001
v 1.02397966 4.42943859 0.40000001
v 1.03657103 4.43697643 0.40000001
v 1.04836512 4.44570875 0.40000001
v 1.05924988 4.45555210 0.40000001
v 1.18165684 4.59749269 0.40000001
v 0.64557409 5.15781212 0.40000001
v 0.66183186 5.18217611 0.40000001
v 0.65310717 5.17039204 0.40000001
v 0.67166615 5.19305182 0.40000001
v 0.68251467 5.20291567 0.40000001
v 0.69427443 5.21167326 0.40000001
v 0.70683336 5.21924067 0.40000001
v 0.72544098 5.22748613 0.40000001
v 0.72007084 5.22554588 0.40000001
v 1.26977253 4.68539476 0.40000001
v 0.72718239 5.23235655 0.40000001
v 0.73344183 5.24561262 0.40000001
v 0.74096489 5.25819397 0.40000001
v 0.74968052 5.26998138 0.40000001
v 1.06912041 4.46641159 0.40000001
v 1.07788277 4.47818375 0.40000001
v 1.08545256 4.49075603 0.40000001
v 1.09175777 4.50400734 0.40000001
v 1.09366989 4.50930691 0.40000001
v 1.09862900 4.51108313 0.40000001
v 1.11188412 4.51735163 0.40000001
v 1.12446356 4.52488470 0.40000001
v 1.13624763 4.53360939 0.40000001
v 1.14712334 4.54344368 0.40000001
v 1.15698719 4.55429220 0.40000001
v 1.16574478 4.56605244 0.40000001
v 1.17331219 4.57861090 0.40000001
v 1.17961740 4.59184837 0.40000001
v 1.18735790 4.59955740 0.40000001
v 1.20058775 4.60587120 0.40000001
v 1.21313858 4.61344624 0.40000001
v 1.22488976 4.62221003 0.40000001
v 1.23572922 4.63207912 0.40000001
v 1.24555397 4.64295959 0.40000001
v 1.25426960 4.65474653 0.40000001
v 1.26179314 4.66732788 0.40000001
v 1.26805258 4.68058395 0.40000001
v 0.81357813 5.31544828 0.40000001
v 1.27501011 4.68728256 0.40000001
v 1.28825426 4.69357920 0.40000001
v 1.30081987 4.70113850 0.40000001
v 1.31258774 4.70988894 0.40000001
v 1.32344484 4.71974659 0.40000001
v 1.33328724 4.73061705 0.40000001
v 1.34202099 4.74239683 0.40000001
v 1.34956312 4.75497341 0.40000001
v 1.35361528 4.76352692 0.40000001
v 0.99344110 5.41331863 0.40000001
v 1.39326477 4.76357222 0.40000001
v 1.40792131 4.76430655 0.40000001
v 1.42243624 4.76646996 0.40000001
v 1.43667030 4.77004147 0.40000001
v 1.45048714 4.77498674 0.40000001
v 1.46375465 4.78125811 0.40000001
v 1.47634602 4.78879642 0.40000001
v 1.48814011 4.79752874 0.40000001
v 1.49902487 4.80737162 0.40000001
v 1.50889540 4.81823158 0.40000001
v 1.51765776 4.83000374 0.40000001
v 1.52522755 4.84257555 0.40000001
v 0.75950527 5.28086138 0.40000001
v 0.77034473 5.29073048 0.40000001
v 0.78209639 5.29949427 0.40000001
v 0.79464674 5.30706930 0.40000001
v 0.80787706 5.31338310 0.40000001
v 0.81562948 5.32112169 0.40000001
v 0.82194138 5.33436489 0.40000001
v 0.82951641 5.34692860 0.40000001
v 0.83828306 5.35869169 0.40000001
v 0.84815645 5.36954260 0.40000001
v 0.85904264 5.37937689 0.40000001
v 0.87083769 5.38810062 0.40000001
v 0.88342857 5.39563036 0.40000001
v 0.89669466 5.40189409 0.40000001
v 0.91050911 5.40683222 0.40000001
v 0.92473984 5.41039705 0.40000001
v 0.93925095 5.41255522 0.40000001
v 0.95390320 5.41328478 0.40000001
v 1.53153276 4.85582733 0.40000001
v 1.53344440 4.86112642 0.40000001
v 0.99739408 5.42167711 0.40000001
v 1.00492668 5.43425703 0.40000001
v 1.01365185 5.44604111 0.40000001
v 1.02348566 5.45691681 0.40000001
v 1.03433466 5.46678066 0.40000001
v 1.04609442 5.47553825 0.40000001
v 1.05865335 5.48310566 0.40000001
v 1.07189083 5.48941088 0.40000001
v 1.07726097 5.49135113 0.40000001
v 1.70954704 5.03721428 0.40000001
v 1.07900238 5.49622154 0.40000001
v 1.08526134 5.50947762 0.40000001
v 1.09278488 5.52205896 0.40000001
v 1.10150051 5.53384590 0.40000001
v 1.11132526 5.54472637 0.40000001
v 1.12216473 5.55459547 0.40000001
v 1.13391590 5.56335926 0.40000001
v 1.14646673 5.57093430 0.40000001
v 1.15969658 5.57724810 0.40000001
v 1.16539812 5.57931280 0.40000001
v 1.16744947 5.58498669 0.40000001
v 1.17376137 5.59822989 0.40000001
v 1.18133640 5.61079311 0.40000001
v 1.19010305 5.62255669 0.40000001
v 1.19997644 5.63340712 0.40000001
v 1.21086264 5.64324141 0.40000001
v 1.22265768 5.65196514 0.40000001
v 1.53840399 4.86290312 0.40000001
v 1.55165863 4.86917162 0.40000001
v 1.56423855 4.87670422 0.40000001
v 1.57602262 4.88542938 0.40000001
v 1.58689833 4.89526320 0.40000001
v 1.59676218 4.90611219 0.40000001
v 1.60551977 4.91787195 0.40000001
v 1.61308718 4.93043089 0.40000001
v 1.61939240 4.94366837 0.40000001
v 1.62143183 4.94931269 0.40000001
v 1.62713242 4.95137739 0.40000001
v 1.64036274 4.95769119 0.40000001
v 1.65291357 4.96526623 0.40000001
v 1.66466475 4.97403002 0.40000001
v 1.67550421 4.98389912 0.40000001
v 1.68532896 4.99477911 0.40000001
v 1.69404459 5.00656652 0.40000001
v 1.70156765 5.01914787 0.40000001
v 1.70782709 5.03240395 0.40000001
v 1.71478510 5.03910255 0.40000001
v 1.72802877 5.04539919 0.40000001
v 1.34527826 5.67718363 0.40000001
v 1.74059486 5.05295849 0.40000001
v 1.75236225 5.06170893 0.40000001
v 1.76321936 5.07156658 0.40000001
v 1.77306175 5.08243704 0.40000001
v 1.78179598 5.09421682 0.40000001
v 1.78933811 5.10679293 0.40000001
v 1.79338980 5.11534691 0.40000001
v 1.83303928 5.11539221 0.40000001
v 1.42937660 5.75537491 0.40000001
v 1.84769630 5.11612654 0.40000001
v 1.86221123 5.11828995 0.40000001
v 1.87644482 5.12186146 0.40000001
v 1.89026213 5.12680626 0.40000001
v 1.90352964 5.13307810 0.40000001
v 1.91612053 5.14061594 0.40000001
v 1.92791510 5.14934826 0.40000001
v 1.93879938 5.15919161 0.40000001
v 1.94867039 5.17005110 0.40000001
v 1.95743227 5.18182325 0.40000001
v 1.96500254 5.19439554 0.40000001
v 1.97130775 5.20764732 0.40000001
v 1.23524809 5.65949535 0.40000001
v 1.24851418 5.66575909 0.40000001
v 1.26232910 5.67069721 0.40000001
v 1.27655983 5.67426205 0.40000001
v 1.29107094 5.67641973 0.40000001
v 1.30572319 5.67714977 0.40000001
v 1.34931135 5.68569708 0.40000001
v 1.35685349 5.69827366 0.40000001
v 1.36558723 5.71005344 0.40000001
v 1.37542963 5.72092390 0.40000001
v 1.38628674 5.73078156 0.40000001
v 1.39805460 5.73953199 0.40000001
v 1.41062021 5.74709129 0.40000001
v 1.42386436 5.75338745 0.40000001
v 1.97321939 5.21294641 0.40000001
v 1.43141985 5.76101589 0.40000001
v 1.97817850 5.21472263 0.40000001
v 1.99143362 5.22099161 0.40000001
v 1.51710939 5.84337807 0.40000001
v 2.00401306 5.22852421 0.40000001
v 1.43773365 5.77424622 0.40000001
v 1.45407248 5.79854774 0.40000001
v 1.44530821 5.78679657 0.40000001
v 1.46394157 5.80938768 0.40000001
v 1.47482157 5.81921196 0.40000001
v 1.48660851 5.82792759 0.40000001
v 1.49919033 5.83545113 0.40000001
v 1.51244640 5.84171057 0.40000001
v 2.14932203 5.38903427 0.40000001
v 1.52503633 5.86129713 0.40000001
v 1.51877689 5.84804153 0.40000001
v 1.53255987 5.87387896 0.40000001
v 1.54127550 5.88566589 0.40000001
v 1.55109978 5.89654589 0.40000001
v 1.56193972 5.90641546 0.40000001
v 1.58624172 5.92275429 0.40000001
v 1.57369089 5.91517925 0.40000001
v 1.59947157 5.92906809 0.40000001
v 1.84031725 3.12669945 0.40000001
v 1.85117435 3.13655710 0.40000001
v 1.86101675 3.14742780 0.40000001
v 1.86975098 3.15920758 0.40000001
v 1.87729311 3.17178369 0.40000001
v 1.92099428 3.18038273 0.40000001
v 2.06117439 3.27793717 0.40000001
v 1.93565130 3.18111730 0.40000001
v 2.04538727 3.24681425 0.40000001
v 1.95016575 3.18328071 0.40000001
v 1.96439981 3.18685198 0.40000001
v 1.97821665 3.19179726 0.40000001
v 1.99148464 3.19806886 0.40000001
v 2.00407553 3.20560694 0.40000001
v 2.05295753 3.25938630 0.40000001
v 2.01587009 3.21433926 0.40000001
v 2.02675438 3.22418237 0.40000001
v 2.05926275 3.27263784 0.40000001
v 2.03662539 3.23504186 0.40000001
v 2.14916134 3.36612320 0.40000001
v 2.23727703 3.45402503 0.40000001
v 2.06613350 3.27971363 0.40000001
v 2.07938862 3.28598213 0.40000001
v 2.09196806 3.29351497 0.40000001
v 2.10375214 3.30224013 0.40000001
v 2.11462831 3.31207395 0.40000001
v 2.12449217 3.32292271 0.40000001
v 2.13324928 3.33468270 0.40000001
v 2.14081717 3.34724140 0.40000001
v 2.14712238 3.36047912 0.40000001
v 2.15486240 3.36818790 0.40000001
v 2.16809273 3.37450171 0.40000001
v 2.18064308 3.38207674 0.40000001
v 2.19239426 3.39084053 0.40000001
v 2.20323420 3.40070987 0.40000001
v 2.21305847 3.41158986 0.40000001
v 2.22177410 3.42337704 0.40000001
v 2.22929764 3.43595862 0.40000001
v 2.23555708 3.44921446 0.40000001
v 2.24251509 3.45591331 0.40000001
v 2.31706762 3.52360368 0.40000001
v 2.25575876 3.46220946 0.40000001
v 2.26832485 3.46976900 0.40000001
v 2.28009224 3.47851944 0.40000001
v 2.29094934 3.48837686 0.40000001
v 2.30079174 3.49924755 0.40000001
v 2.32110119 3.53211761 0.40000001
v 2.74868679 2.94093823 0.40000001
v 2.66278934 2.85850215 0.40000001
v 2.66910315 2.87173223 0.40000001
v 2.67667818 2.88428283 0.40000001
v 2.68544197 2.89603400 0.40000001
v 2.69531107 2.90687370 0.40000001
v 2.70619106 2.91669822 0.40000001
v 2.71797848 2.92541385 0.40000001
v 2.74381590 2.93919659 0.40000001
v 2.73055983 2.93293738 0.40000001
v 2.75063896 2.94633746 0.40000001
v 2.76452589 2.97214413 0.40000001
v 2.75695038 2.95958090 0.40000001
v 2.77329206 2.98390746 0.40000001
v 2.30952597 3.51102734 0.40000001
v 2.36065578 3.53215122 0.40000001
v 2.50098085 3.62998796 0.40000001
v 2.37530851 3.53288102 0.40000001
v 2.49892950 3.62431431 0.40000001
v 2.38981915 3.53503871 0.40000001
v 2.40405035 3.53860378 0.40000001
v 2.41786480 3.54354167 0.40000001
v 2.43113089 3.54980564 0.40000001
v 2.44372129 3.55733562 0.40000001
v 2.45551634 3.56605935 0.40000001
v 2.46640253 3.57589364 0.40000001
v 1.87718010 4.19067764 0.40000001
v 1.89350224 4.21503735 0.40000001
v 1.88474417 4.20325756 0.40000001
v 1.90336943 4.22590542 0.40000001
v 1.91425180 4.23575640 0.40000001
v 2.00913620 4.26976109 0.40000001
v 1.87088108 4.17741871 0.40000001
v 1.92604446 4.24449682 0.40000001
v 1.93863535 4.25204277 0.40000001
v 1.95190382 4.25832176 0.40000001
v 1.96572208 4.26327419 0.40000001
v 1.97995806 4.26685190 0.40000001
v 1.99447584 4.26902103 0.40000001
v 2.06038666 4.29084206 0.40000001
v 2.08979416 4.32336617 0.40000001
v 2.06911135 4.30262661 0.40000001
v 2.13272047 4.34793663 0.40000001
v 2.05285358 4.27826262 0.40000001
v 2.58911848 3.71794987 0.40000001
v 2.47627640 3.58674431 0.40000001
v 2.48504257 3.59850764 0.40000001
v 2.49261808 3.61107111 0.40000001
v 2.51991224 3.63836670 0.40000001
v 2.53246307 3.64594150 0.40000001
v 2.54421425 3.65470552 0.40000001
v 2.50668240 3.63205290 0.40000001
v 2.67702961 3.80583715 0.40000001
v 2.55505371 3.66457462 0.40000001
v 2.56487846 3.67545485 0.40000001
v 2.57359409 3.68724179 0.40000001
v 2.58111763 3.69982362 0.40000001
v 2.58737707 3.71307945 0.40000001
v 2.59448814 3.71989012 0.40000001
v 2.60772562 3.72619534 0.40000001
v 2.62028456 3.73376274 0.40000001
v 2.63204432 3.74252033 0.40000001
v 2.64289331 3.75238419 0.40000001
v 2.65272713 3.76325989 0.40000001
v 2.66145229 3.77504396 0.40000001
v 2.66898489 3.78762364 0.40000001
v 2.67525387 3.80087852 0.40000001
v 2.68228960 3.80773306 0.40000001
v 2.76085949 3.88390303 0.40000001
v 2.69553375 3.81402946 0.40000001
v 2.70809937 3.82158899 0.40000001
v 2.71986723 3.83033919 0.40000001
v 2.73072386 3.84019685 0.40000001
v 2.74056673 3.85106754 0.40000001
v 2.74930048 3.86284733 0.40000001
v 2.75684261 3.87542343 0.40000001
v 2.40073776 4.53376865 0.40000001
v 3.11273193 4.14784193 0.40000001
v 2.78316593 2.99475837 0.40000001
v 2.79405212 3.00459266 0.40000001
v 2.80584717 3.01331639 0.40000001
v 2.81843758 3.02084637 0.40000001
v 2.88891268 3.03850079 0.40000001
v 2.83170366 3.02711010 0.40000001
v 2.84551811 3.03204823 0.40000001
v 2.85974932 3.03561306 0.40000001
v 2.87425995 3.03777099 0.40000001
v 2.93250084 3.04704833 0.40000001
v 2.94004250 3.05962443 0.40000001
v 2.94877672 3.07140422 0.40000001
v 2.95861912 3.08227491 0.40000001
v 2.96947622 3.09213257 0.40000001
v 2.98124361 3.10088277 0.40000001
v 2.99380970 3.10844231 0.40000001
v 3.00705338 3.11473870 0.40000001
v 3.05717421 3.17981124 0.40000001
v 3.01401138 3.12143731 0.40000001
v 3.02027082 3.13469338 0.40000001
v 3.02779436 3.14727497 0.40000001
v 3.03650999 3.15906215 0.40000001
v 3.06892538 3.18857527 0.40000001
v 3.04633427 3.16994214 0.40000001
v 3.08147573 3.19615006 0.40000001
v 3.09470606 3.20246387 0.40000001
v 3.10040712 3.20452881 0.40000001
v 3.10875130 3.22341037 0.40000001
v 3.10244608 3.21017289 0.40000001
v 3.11631918 3.23596931 0.40000001
v 3.12507629 3.24772930 0.40000001
v 3.13494015 3.25857806 0.40000001
v 3.14581633 3.26841187 0.40000001
v 3.15760040 3.27713680 0.40000001
v 3.17017984 3.28466964 0.40000001
v 3.18343496 3.29093838 0.40000001
v 3.18834352 3.29269648 0.40000001
v 3.19650459 3.31112814 0.40000001
v 3.19020557 3.29786921 0.40000001
v 3.20406866 3.32370782 0.40000001
v 3.21282673 3.33548784 0.40000001
v 3.22269392 3.34635568 0.40000001
v 3.23357630 3.35620689 0.40000001
v 3.24536943 3.36494732 0.40000001
v 3.25795984 3.37249303 0.40000001
v 3.27122831 3.37877226 0.40000001
v 3.28504658 3.38372421 0.40000001
v 3.29928255 3.38730216 0.40000001
v 3.31380033 3.38947129 0.40000001
v 3.32846069 3.39021111 0.40000001
v 3.44682837 3.46655846 0.40000001
v 3.37227535 3.39886808 0.40000001
v 3.37981749 3.41144443 0.40000001
v 3.38855147 3.42322421 0.40000001
v 3.39839411 3.43409491 0.40000001
v 3.45206618 3.46844673 0.40000001
v 3.40925097 3.44395232 0.40000001
v 3.42101860 3.45270276 0.40000001
v 3.43358445 3.46026230 0.40000001
v 3.54018164 3.55634856 0.40000001
v 3.45378637 3.47325730 0.40000001
v 3.46004558 3.48651314 0.40000001
v 3.46756911 3.49909472 0.40000001
v 3.47628474 3.51088190 0.40000001
v 3.48610926 3.52176189 0.40000001
v 3.49694896 3.53163123 0.40000001
v 3.50870013 3.54039502 0.40000001
v 3.52125072 3.54797006 0.40000001
v 3.53448081 3.55428386 0.40000001
v 3.62816882 3.64453459 0.40000001
v 3.54222107 3.56199265 0.40000001
v 3.80799842 3.74213433 0.40000001
v 2.80031872 3.88392663 0.40000001
v 2.94068813 3.98178339 0.40000001
v 2.81496620 3.88465214 0.40000001
v 2.82947206 3.88680458 0.40000001
v 2.84369898 3.89036322 0.40000001
v 2.85751009 3.89529419 0.40000001
v 2.87077379 3.90155029 0.40000001
v 2.88336325 3.90907168 0.40000001
v 2.89515781 3.91778636 0.40000001
v 2.90604544 3.92761135 0.40000001
v 2.91592121 3.93845224 0.40000001
v 2.92469168 3.95020580 0.40000001
v 2.93227196 3.96275997 0.40000001
v 2.93859053 3.97599387 0.40000001
v 3.02889299 4.06976986 0.40000001
v 2.94645691 3.98387289 0.40000001
v 2.95968723 3.99018645 0.40000001
v 3.02089214 4.05164337 0.40000001
v 2.97223806 3.99776149 0.40000001
v 2.98398924 4.00652552 0.40000001
v 2.99482870 4.01639462 0.40000001
v 3.00465345 4.02727461 0.40000001
v 3.02715158 4.06489944 0.40000001
v 3.01336908 4.03906155 0.40000001
v 3.03426313 4.07170963 0.40000001
v 3.04750061 4.07801533 0.40000001
v 3.06005955 4.08558273 0.40000001
v 3.07181931 4.09434032 0.40000001
v 3.08266830 4.10420418 0.40000001
v 3.09250212 4.11507988 0.40000001
v 3.10122681 4.12686396 0.40000001
v 3.10875988 4.13944340 0.40000001
v 3.16702080 4.14862204 0.40000001
v 3.18153572 4.15078545 0.40000001
v 3.27675676 4.21431875 0.40000001
v 3.15236378 4.14788723 0.40000001
v 3.19576931 4.15435648 0.40000001
v 3.29254389 4.24544191 0.40000001
v 3.62320971 3.64275813 0.40000001
v 3.54852629 3.57523036 0.40000001
v 3.55609369 3.58778906 0.40000001
v 3.56485128 3.59954906 0.40000001
v 3.57471514 3.61039782 0.40000001
v 3.58559108 3.62023163 0.40000001
v 3.60995483 3.63648963 0.40000001
v 3.59737515 3.62895679 0.40000001
v 3.76834893 3.74208903 0.40000001
v 3.63008070 3.64983392 0.40000001
v 3.64395595 3.67565751 0.40000001
v 3.66258883 3.69828939 0.40000001
v 3.65271807 3.68742990 0.40000001
v 3.67347336 3.70813251 0.40000001
v 3.68526769 3.71686482 0.40000001
v 3.63638592 3.66308546 0.40000001
v 3.69785881 3.72440290 0.40000001
v 3.71112633 3.73067451 0.40000001
v 3.20958662 4.15930176 0.40000001
v 3.22285414 4.16557312 0.40000001
v 3.28432703 4.22689056 0.40000001
v 3.23544502 4.17311144 0.40000001
v 3.24723959 4.18184376 0.40000001
v 3.29063225 4.24014235 0.40000001
v 3.25812387 4.19168711 0.40000001
v 3.26799488 4.20254660 0.40000001
v 3.38053107 4.33362770 0.40000001
v 3.29750299 4.24721813 0.40000001
v 3.37849164 4.32798386 0.40000001
v 3.31075811 4.25348663 0.40000001
v 3.32333755 4.26101971 0.40000001
v 3.46864653 4.42152977 0.40000001
v 3.33512163 4.26974487 0.40000001
v 3.34599781 4.27957869 0.40000001
v 3.35586166 4.29042721 0.40000001
v 3.36461926 4.30218744 0.40000001
v 3.37218666 4.31474590 0.40000001
v 2.07894516 4.31350231 0.40000001
v 2.10155392 4.33212376 0.40000001
v 2.11411285 4.33969116 0.40000001
v 2.12735033 4.34599638 0.40000001
v 2.21515656 4.43383360 0.40000001
v 2.13446188 4.35280704 0.40000001
v 2.14072132 4.36606312 0.40000001
v 2.14824438 4.37864447 0.40000001
v 2.15696001 4.39043140 0.40000001
v 2.16678476 4.40131187 0.40000001
v 2.18937588 4.41994476 0.40000001
v 2.17762423 4.41118097 0.40000001
v 2.20192623 4.42751980 0.40000001
v 2.22085762 4.43589830 0.40000001
v 2.22922087 4.45481539 0.40000001
v 2.24556255 4.47914219 0.40000001
v 2.23679590 4.46737862 0.40000001
v 2.22290897 4.44157219 0.40000001
v 2.25543594 4.48999262 0.40000001
v 2.26632214 4.49982691 0.40000001
v 2.27811718 4.50855064 0.40000001
v 2.36118269 4.53373528 0.40000001
v 2.29070807 4.51608086 0.40000001
v 2.30397415 4.52234459 0.40000001
v 2.31778860 4.52728271 0.40000001
v 2.33201933 4.53084755 0.40000001
v 2.34653044 4.53300524 0.40000001
v 2.43088961 4.57750940 0.40000001
v 2.40477085 4.54228258 0.40000001
v 2.41231298 4.55485916 0.40000001
v 2.42104673 4.56663895 0.40000001
v 2.44174623 4.58736706 0.40000001
v 2.45351410 4.59611702 0.40000001
v 2.46607971 4.60367680 0.40000001
v 2.47932386 4.60997295 0.40000001
v 2.48456144 4.61186123 0.40000001
v 2.48628187 4.61667156 0.40000001
v 2.50006437 4.64250946 0.40000001
v 2.49254084 4.62992764 0.40000001
v 2.50878000 4.65429640 0.40000001
v 2.51860476 4.66517639 0.40000001
v 2.57267714 4.69976330 0.40000001
v 2.52944422 4.67504597 0.40000001
v 2.54119539 4.68380976 0.40000001
v 2.55374622 4.69138479 0.40000001
v 2.56697607 4.69769859 0.40000001
v 2.57471657 4.70540714 0.40000001
v 2.66061354 4.78793097 0.40000001
v 2.58102179 4.71864510 0.40000001
v 2.58858919 4.73120356 0.40000001
v 2.59734678 4.74296379 0.40000001
v 2.84045506 4.88550425 0.40000001
v 2.60721064 4.75381231 0.40000001
v 2.65570498 4.78617287 0.40000001
v 2.61808634 4.76364613 0.40000001
v 2.62987041 4.77237129 0.40000001
v 2.64244986 4.77990437 0.40000001
v 2.66247606 4.79310369 0.40000001
v 2.67633915 4.81894207 0.40000001
v 2.66877460 4.80636263 0.40000001
v 2.68509674 4.83072233 0.40000001
v 2.69496393 4.84158993 0.40000001
v 2.70584631 4.85144138 0.40000001
v 2.71763945 4.86018181 0.40000001
v 2.73023033 4.86772728 0.40000001
v 2.80073071 4.88544559 0.40000001
v 2.74349833 4.87400675 0.40000001
v 2.75731659 4.87895870 0.40000001
v 2.77155304 4.88253641 0.40000001
v 2.78607082 4.88470554 0.40000001
v 2.01579714 5.23724937 0.40000001
v 2.02667332 5.24708319 0.40000001
v 2.03653717 5.25793171 0.40000001
v 2.04529476 5.26969194 0.40000001
v 2.05286217 5.28225088 0.40000001
v 2.05916739 5.29548836 0.40000001
v 2.06120682 5.30113268 0.40000001
v 2.06690741 5.30319738 0.40000001
v 2.08013773 5.30951118 0.40000001
v 2.09268808 5.31708622 0.40000001
v 2.10443926 5.32585001 0.40000001
v 2.11527920 5.33571911 0.40000001
v 2.12510347 5.34659910 0.40000001
v 2.13381910 5.35838604 0.40000001
v 2.14134264 5.37096786 0.40000001
v 2.14760208 5.38422394 0.40000001
v 2.15456009 5.39092255 0.40000001
v 1.78503418 6.02896357 0.40000001
v 2.16780376 5.39721870 0.40000001
v 2.18036985 5.40477848 0.40000001
v 2.19213724 5.41352844 0.40000001
v 2.20299435 5.42338610 0.40000001
v 2.21283674 5.43425703 0.40000001
v 2.22157097 5.44603682 0.40000001
v 2.22911310 5.45861292 0.40000001
v 2.23316479 5.46716642 0.40000001
v 2.27281427 5.46721172 0.40000001
v 1.86887693 6.10709572 0.40000001
v 2.28747082 5.46794653 0.40000001
v 2.30198574 5.47010994 0.40000001
v 2.31621981 5.47368097 0.40000001
v 2.33003664 5.47862625 0.40000001
v 2.34330416 5.48489809 0.40000001
v 2.35589552 5.49243593 0.40000001
v 2.36768961 5.50116825 0.40000001
v 2.37857437 5.51101160 0.40000001
v 2.38844490 5.52187109 0.40000001
v 2.39720726 5.53364325 0.40000001
v 2.40477705 5.54621553 0.40000001
v 2.41108227 5.55946684 0.40000001
v 2.41299438 5.56476641 0.40000001
v 2.84444857 4.89394760 0.40000001
v 2.89314890 4.94780827 0.40000001
v 2.85198116 4.90652704 0.40000001
v 2.92431498 4.96362114 0.40000001
v 2.86070633 4.91831112 0.40000001
v 2.87054014 4.92918682 0.40000001
v 2.88138866 4.93905067 0.40000001
v 2.90570736 4.95537567 0.40000001
v 2.91894531 4.96168089 0.40000001
v 2.92605639 4.96849155 0.40000001
v 2.98097038 5.03562927 0.40000001
v 2.93231583 4.98174763 0.40000001
v 2.93983936 4.99432945 0.40000001
v 2.94855499 5.00611639 0.40000001
v 2.96921921 5.02686548 0.40000001
v 2.95837927 5.01699638 0.40000001
v 2.99352074 5.04320431 0.40000001
v 3.19233227 5.14945364 0.40000001
v 3.00675106 5.04951811 0.40000001
v 3.01245260 5.05158329 0.40000001
v 3.38623190 4.33569241 0.40000001
v 3.39946198 4.34200621 0.40000001
v 3.41201258 4.34958124 0.40000001
v 3.42376399 4.35834503 0.40000001
v 3.43460369 4.36821461 0.40000001
v 3.44442821 4.37909460 0.40000001
v 3.45314384 4.39088154 0.40000001
v 3.46066713 4.40346336 0.40000001
v 3.46692657 4.41671944 0.40000001
v 3.47388434 4.42341805 0.40000001
v 3.55248928 4.49966192 0.40000001
v 3.48712826 4.42971420 0.40000001
v 3.49969411 4.43727350 0.40000001
v 3.51146173 4.44602394 0.40000001
v 3.52231884 4.45588160 0.40000001
v 3.53216124 4.46675205 0.40000001
v 3.54089546 4.47853184 0.40000001
v 3.54843736 4.49110842 0.40000001
v 3.59213877 4.49970722 0.40000001
v 3.73231888 4.59726143 0.40000001
v 3.60679555 4.50044203 0.40000001
v 3.73040700 4.59196234 0.40000001
v 3.62131047 4.50260544 0.40000001
v 3.71653175 4.56613874 0.40000001
v 3.63554430 4.50617647 0.40000001
v 3.64936113 4.51112175 0.40000001
v 3.66262889 4.51739311 0.40000001
v 3.67522001 4.52493143 0.40000001
v 3.72410178 4.57871056 0.40000001
v 3.90842152 4.77334976 0.40000001
v 3.02081537 5.07049990 0.40000001
v 3.01450348 5.05725670 0.40000001
v 3.02839088 5.08306360 0.40000001
v 3.03715706 5.09482670 0.40000001
v 3.04703093 5.10567760 0.40000001
v 3.05791712 5.11551189 0.40000001
v 3.06971216 5.12423563 0.40000001
v 3.08230257 5.13176537 0.40000001
v 3.09556866 5.13802958 0.40000001
v 3.10938311 5.14296722 0.40000001
v 3.12361383 5.14653254 0.40000001
v 3.13812494 5.14869022 0.40000001
v 3.15277719 5.14941978 0.40000001
v 3.19636536 5.15796757 0.40000001
v 3.27615643 5.22754574 0.40000001
v 3.20390749 5.17054367 0.40000001
v 3.21264172 5.18232346 0.40000001
v 3.22248411 5.19319439 0.40000001
v 3.23334122 5.20305157 0.40000001
v 3.24510860 5.21180201 0.40000001
v 3.25767469 5.21936131 0.40000001
v 3.27091837 5.22565794 0.40000001
v 3.27787638 5.23235655 0.40000001
v 3.35857105 5.31338310 0.40000001
v 3.28413582 5.24561262 0.40000001
v 3.29165936 5.25819397 0.40000001
v 3.31019926 5.28086138 0.40000001
v 3.30037451 5.26998138 0.40000001
v 3.32103920 5.29073048 0.40000001
v 3.33279037 5.29949427 0.40000001
v 3.34534073 5.30706930 0.40000001
v 3.36427164 5.31544781 0.40000001
v 3.36631107 5.32109213 0.40000001
v 3.45225906 5.40363407 0.40000001
v 3.37261629 5.33432961 0.40000001
v 3.38018394 5.34688854 0.40000001
v 3.63207126 5.50123358 0.40000001
v 3.38894129 5.35864830 0.40000001
v 3.39880514 5.36949730 0.40000001
v 3.40968108 5.37933111 0.40000001
v 3.42146516 5.38805580 0.40000001
v 3.43404484 5.39558887 0.40000001
v 3.44729972 5.40185738 0.40000001
v 3.46047592 5.42218494 0.40000001
v 3.45417070 5.40893316 0.40000001
v 3.46804595 5.43475676 0.40000001
v 3.47680831 5.44652891 0.40000001
v 3.48667884 5.45738888 0.40000001
v 3.49756336 5.46723175 0.40000001
v 3.50935769 5.47596407 0.40000001
v 3.52194905 5.48350239 0.40000001
v 3.53521657 5.48977375 0.40000001
v 3.54903340 5.49471903 0.40000001
v 3.56326747 5.49829054 0.40000001
v 3.57778215 5.50045395 0.40000001
v 3.59243894 5.50118828 0.40000001
v 3.66213489 5.54487181 0.40000001
v 3.63604307 5.50963211 0.40000001
v 3.64357591 5.52221203 0.40000001
v 3.65230083 5.53399611 0.40000001
v 3.67298365 5.55473566 0.40000001
v 3.68474340 5.56349325 0.40000001
v 3.69730234 5.57106066 0.40000001
v 3.71053982 5.57736588 0.40000001
v 3.71590972 5.57930613 0.40000001
v 14.74870491 0.00000000 0.00000000
v 4.07519436 1.16381979 0.40000001
v 4.10227489 1.17502165 0.40000001
v 4.17202616 1.25492954 0.40000001
v 4.19015312 1.26293039 0.40000001
v 4.25792360 1.33736563 0.40000001
v 4.26563263 1.34510612 0.40000001
v 4.16024017 1.10364056 0.40000001
v 4.16474152 1.11301804 0.40000001
v 4.69540644 0.71744442 0.40000001
v 4.17233658 1.12553883 0.40000001
v 4.18111610 1.13725948 0.40000001
v 4.57361937 0.63020706 0.40000001
v 4.58809853 0.63234282 0.40000001
v 4.60230064 0.63587856 0.40000001
v 4.61609030 0.64078236 0.40000001
v 4.62933636 0.64700603 0.40000001
v 4.64191341 0.65449142 0.40000001
v 4.65370083 0.66316700 0.40000001
v 4.66458654 0.67294979 0.40000001
v 4.67446709 0.68374681 0.40000001
v 4.68324852 0.69545507 0.40000001
v 4.69084692 0.70796394 0.40000001
v 14.27473927 0.40000105 0.40000001
v 4.99877691 0.71744823 0.40000001
v 5.01339531 0.71816254 0.40000001
v 5.02787399 0.72029781 0.40000001
v 5.04207611 0.72383404 0.40000001
v 5.05586576 0.72873735 0.40000001
v 5.06911182 0.73496151 0.40000001
v 5.08168888 0.74244690 0.40000001
v 5.09347582 0.75112200 0.40000001
v 5.10436153 0.76090479 0.40000001
v 5.11424208 0.77170181 0.40000001
v 5.12302351 0.78341055 0.40000001
v 5.48283577 0.88420200 0.40000001
v 4.19099712 1.14806843 0.40000001
v 5.13062191 0.79591894 0.40000001
v 5.13519287 0.80542421 0.40000001
v 5.35087395 0.80546570 0.40000001
v 5.36551714 0.80618525 0.40000001
v 5.38002014 0.80833054 0.40000001
v 5.39424419 0.81188107 0.40000001
v 5.40805340 0.81680346 0.40000001
v 5.42131615 0.82305050 0.40000001
v 5.43390608 0.83056211 0.40000001
v 5.44570255 0.83926725 0.40000001
v 5.45659256 0.84908247 0.40000001
v 5.46647263 0.85991335 0.40000001
v 5.47524834 0.87165737 0.40000001
v 5.48723793 0.89340544 0.40000001
v 5.52681351 0.89342070 0.40000001
v 5.66313744 0.98133802 0.40000001
v 4.20188427 1.15786219 0.40000001
v 5.71725082 0.98206568 0.40000001
v 4.21367550 1.16654778 0.40000001
v 5.74596119 0.98775530 0.40000001
v 4.22625685 1.17404175 0.40000001
v 5.75976276 0.99267244 0.40000001
v 4.23950958 1.18027353 0.40000001
v 5.77301931 0.99891233 0.40000001
v 4.25330639 1.18518305 0.40000001
v 4.26751614 1.18872404 0.40000001
v 5.78560352 1.00641584 0.40000001
v 4.28200340 1.19086218 0.40000001
v 4.29663038 1.19157791 0.40000001
v 4.59987640 1.19159031 0.40000001
v 5.81816292 1.03573561 0.40000001
v 4.60425472 1.20074368 0.40000001
v 4.61184120 1.21328831 0.40000001
v 5.83452988 1.06000042 0.40000001
v 4.62061596 1.22503185 0.40000001
v 5.83906364 1.06946278 0.40000001
v 4.63049507 1.23586273 0.40000001
v 5.90825939 1.07243061 0.40000001
v 4.64138508 1.24567795 0.40000001
v 5.54145432 0.89414263 0.40000001
v 5.55595493 0.89629030 0.40000001
v 5.57017660 0.89984274 0.40000001
v 5.58398342 0.90476704 0.40000001
v 5.59724426 0.91101503 0.40000001
v 5.60983133 0.91852760 0.40000001
v 5.62162495 0.92723274 0.40000001
v 5.63251305 0.93704748 0.40000001
v 5.64239120 0.94787836 0.40000001
v 5.65116453 0.95962143 0.40000001
v 5.65875006 0.97216511 0.40000001
v 5.70261717 0.98134661 0.40000001
v 5.73174524 0.98420858 0.40000001
v 5.79739618 1.01511145 0.40000001
v 5.80828381 1.02491570 0.40000001
v 5.93631363 1.08096075 0.40000001
v 4.65318012 1.25438309 0.40000001
v 5.94958210 1.08723974 0.40000001
v 4.66576958 1.26189518 0.40000001
v 4.67903137 1.26814222 0.40000001
v 5.97396564 1.10352564 0.40000001
v 4.69284010 1.27306509 0.40000001
v 4.70706367 1.27661657 0.40000001
v 4.72156525 1.27876282 0.40000001
v 4.73620796 1.27948284 0.40000001
v 4.86366892 1.27951574 0.40000001
v 5.99471521 1.12424469 0.40000001
v 4.86799049 1.28856754 0.40000001
v 6.00347328 1.13602495 0.40000001
v 4.87557125 1.30112123 0.40000001
v 6.01103783 1.14860439 0.40000001
v 4.88434124 1.31287527 0.40000001
v 6.01518440 1.15733337 0.40000001
v 4.89421701 1.32371616 0.40000001
v 6.05476475 1.15736723 0.40000001
v 4.90510464 1.33354092 0.40000001
v 5.82693958 1.04746819 0.40000001
v 5.87908125 1.06952143 0.40000001
v 5.89374161 1.07026148 0.40000001
v 5.92249537 1.07600832 0.40000001
v 5.96217251 1.09478569 0.40000001
v 6.08392811 1.16025448 0.40000001
v 4.91689920 1.34225559 0.40000001
v 6.11197329 1.16875744 0.40000001
v 4.92948866 1.34977722 0.40000001
v 6.12523937 1.17502165 0.40000001
v 4.94275236 1.35603285 0.40000001
v 6.13782978 1.18255138 0.40000001
v 4.95656395 1.36096382 0.40000001
v 6.14962482 1.19127512 0.40000001
v 4.97079039 1.36452293 0.40000001
v 4.98529625 1.36667538 0.40000001
v 4.99994373 1.36740065 0.40000001
v 5.03975058 1.36742449 0.40000001
v 6.16051102 1.20110941 0.40000001
v 5.04429054 1.37688160 0.40000001
v 6.17038488 1.21196032 0.40000001
v 5.05188513 1.38940239 0.40000001
v 6.17915106 1.22372341 0.40000001
v 5.06066465 1.40112305 0.40000001
v 5.07054520 1.41193199 0.40000001
v 6.18672657 1.23628712 0.40000001
v 5.08143234 1.42172575 0.40000001
v 6.19303846 1.24953032 0.40000001
v 5.09322262 1.43041086 0.40000001
v 6.19986153 1.25667095 0.40000001
v 5.10580397 1.43790531 0.40000001
v 6.21311712 1.26293039 0.40000001
v 5.11905575 1.44413710 0.40000001
v 6.22569895 1.27045393 0.40000001
v 5.13285255 1.44904709 0.40000001
v 5.14706230 1.45258808 0.40000001
v 6.23748589 1.27916956 0.40000001
v 5.16154957 1.45472670 0.40000001
v 5.17617607 1.45544291 0.40000001
v 4.41171074 1.47628355 0.40000001
v 3.36822367 1.63121510 0.40000001
v 3.37227535 1.63976860 0.40000001
v 4.42044497 1.48806334 0.40000001
v 3.37981749 1.65234518 0.40000001
v 3.38855147 1.66412497 0.40000001
v 4.42798710 1.50063944 0.40000001
v 3.39839411 1.67499542 0.40000001
v 4.44138908 1.52090406 0.40000001
v 3.40925097 1.68485308 0.40000001
v 4.45463276 1.52720022 0.40000001
v 3.42101860 1.69360352 0.40000001
v 4.46719885 1.53476000 0.40000001
v 3.43358445 1.70116282 0.40000001
v 4.47896671 1.54350996 0.40000001
v 3.44682837 1.70745897 0.40000001
v 3.45206618 1.70934725 0.40000001
v 3.45378637 1.71415806 0.40000001
v 4.48982334 1.55336761 0.40000001
v 3.46004558 1.72741365 0.40000001
v 4.49966621 1.56423855 0.40000001
v 3.46756911 1.73999548 0.40000001
v 4.50839996 1.57601786 0.40000001
v 3.47628474 1.75178266 0.40000001
v 4.51594210 1.58859444 0.40000001
v 3.48610926 1.76266265 0.40000001
v 4.52001524 1.59719276 0.40000001
v 3.49694896 1.77253175 0.40000001
v 4.58893490 1.60016060 0.40000001
v 3.50870013 1.78129578 0.40000001
v 4.60317087 1.60373831 0.40000001
v 3.52125072 1.78887081 0.40000001
v 4.61698914 1.60869026 0.40000001
v 3.53448081 1.79518437 0.40000001
v 4.63025761 1.61496925 0.40000001
v 3.54018164 1.79724932 0.40000001
v 3.54222107 1.80289340 0.40000001
v 4.64284801 1.62251520 0.40000001
v 3.54852629 1.81613111 0.40000001
v 4.34639835 1.42609453 0.40000001
v 4.35343409 1.43294907 0.40000001
v 4.43426514 1.51389217 0.40000001
v 4.43609715 1.51899624 0.40000001
v 4.65464115 1.63125563 0.40000001
v 3.55609369 1.82868981 0.40000001
v 4.66552353 1.64110708 0.40000001
v 3.56485128 1.84044981 0.40000001
v 4.67539120 1.65197468 0.40000001
v 3.57471514 1.85129857 0.40000001
v 4.68414879 1.66375494 0.40000001
v 3.58559108 1.86113238 0.40000001
v 4.69171333 1.67633438 0.40000001
v 3.59737515 1.86985731 0.40000001
v 3.60995483 1.87739015 0.40000001
v 4.69801140 1.68959332 0.40000001
v 3.62320971 1.88365889 0.40000001
v 4.70493984 1.69661236 0.40000001
v 3.62816811 1.88543487 0.40000001
v 3.63006425 1.89069486 0.40000001
v 4.71819305 1.70288992 0.40000001
v 3.63636041 1.90393877 0.40000001
v 4.73076916 1.71043205 0.40000001
v 3.64391994 1.91650462 0.40000001
v 4.74254894 1.71916628 0.40000001
v 3.65267038 1.92827225 0.40000001
v 4.75341940 1.72900867 0.40000001
v 3.66252780 1.93912935 0.40000001
v 4.76327705 1.73986578 0.40000001
v 3.67339849 1.94897175 0.40000001
v 4.77202702 1.75163341 0.40000001
v 3.68517828 1.95770574 0.40000001
v 3.69775462 1.96524787 0.40000001
v 4.77958679 1.76419902 0.40000001
v 3.71100736 1.97152591 0.40000001
v 4.78588295 1.77744317 0.40000001
v 3.71611238 1.97335815 0.40000001
v 3.71803570 1.97868967 0.40000001
v 4.79273748 1.78447914 0.40000001
v 3.72434092 1.99194121 0.40000001
v 4.80599260 1.79074788 0.40000001
v 3.73191094 2.00451326 0.40000001
v 4.81857204 1.79828072 0.40000001
v 3.74067307 2.01628542 0.40000001
v 4.83035612 1.80700564 0.40000001
v 3.75054383 2.02714515 0.40000001
v 4.84123230 1.81683946 0.40000001
v 3.76142836 2.03698802 0.40000001
v 4.85109615 1.82768822 0.40000001
v 3.77322268 2.04572058 0.40000001
v 4.85985374 1.83944821 0.40000001
v 3.78581381 2.05325866 0.40000001
v 4.55975676 1.59725142 0.40000001
v 4.57441711 1.59799099 0.40000001
v 4.69988537 1.69479799 0.40000001
v 3.79908133 2.05953026 0.40000001
v 4.86742115 1.85200691 0.40000001
v 3.81289840 2.06447530 0.40000001
v 3.82713223 2.06804681 0.40000001
v 4.87372589 1.86524463 0.40000001
v 3.84164715 2.07020998 0.40000001
v 4.87576580 1.87088871 0.40000001
v 3.85630393 2.07094455 0.40000001
v 4.88146639 1.87295365 0.40000001
v 3.89595318 2.07099009 0.40000001
v 4.89469624 1.87926722 0.40000001
v 3.90000534 2.07954359 0.40000001
v 3.90754724 2.09211993 0.40000001
v 4.91899872 1.89560628 0.40000001
v 3.91628122 2.10389972 0.40000001
v 4.92983818 1.90547538 0.40000001
v 3.92612386 2.11477017 0.40000001
v 4.93966293 1.91635537 0.40000001
v 3.93698072 2.12462783 0.40000001
v 3.94874835 2.13337827 0.40000001
v 4.94837856 1.92814255 0.40000001
v 3.96131420 2.14093757 0.40000001
v 4.95590162 1.94072413 0.40000001
v 3.97455835 2.14723396 0.40000001
v 3.97979617 2.14912224 0.40000001
v 3.98151612 2.15393281 0.40000001
v 4.96216106 1.95397997 0.40000001
v 3.98777556 2.16718864 0.40000001
v 4.96911907 1.96067882 0.40000001
v 3.99529886 2.17977023 0.40000001
v 4.99492836 1.97453451 0.40000001
v 4.00401449 2.19155741 0.40000001
v 5.00669622 1.98328495 0.40000001
v 4.01383877 2.20243740 0.40000001
v 5.01755333 1.99314260 0.40000001
v 4.02467871 2.21230674 0.40000001
v 5.02739573 2.00401306 0.40000001
v 4.03642988 2.22107053 0.40000001
v 4.04898071 2.22864556 0.40000001
v 4.78777933 1.78270292 0.40000001
v 4.90724707 1.88684225 0.40000001
v 3.70807123 2.70765281 0.40000001
v 3.71680522 2.71943259 0.40000001
v 3.72434735 2.73200893 0.40000001
v 3.76816201 2.74066591 0.40000001
v 3.90827942 2.83818054 0.40000001
v 3.78282237 2.74140573 0.40000001
v 3.79733992 2.74357486 0.40000001
v 3.81157613 2.74715281 0.40000001
v 3.82539463 2.75210500 0.40000001
v 3.83866262 2.75838399 0.40000001
v 3.85125351 2.76592994 0.40000001
v 3.86304665 2.77467012 0.40000001
v 3.87392879 2.78452134 0.40000001
v 3.88379622 2.79538918 0.40000001
v 3.89255404 2.80716920 0.40000001
v 3.90011835 2.81974888 0.40000001
v 3.99621582 2.92634845 0.40000001
v 3.90641713 2.83300781 0.40000001
v 3.91318798 2.83993864 0.40000001
v 3.92644286 2.84620738 0.40000001
v 5.03612995 2.01579285 0.40000001
v 4.06221056 2.23495936 0.40000001
v 5.04367161 2.02836919 0.40000001
v 4.06791162 2.23702407 0.40000001
v 4.06995106 2.24266815 0.40000001
v 5.04772377 2.03692293 0.40000001
v 4.07625580 2.25590587 0.40000001
v 5.10202980 2.03770280 0.40000001
v 4.08382368 2.26846457 0.40000001
v 5.13077879 2.04343748 0.40000001
v 4.09258080 2.28022456 0.40000001
v 5.14459562 2.04838252 0.40000001
v 4.10244465 2.29107332 0.40000001
v 5.15786314 2.05465412 0.40000001
v 4.11332083 2.30090714 0.40000001
v 5.17045450 2.06219220 0.40000001
v 4.12510490 2.30963230 0.40000001
v 5.18224907 2.07092476 0.40000001
v 4.13768482 2.31716514 0.40000001
v 5.19313335 2.08076787 0.40000001
v 4.15093946 2.32343364 0.40000001
v 4.15584803 2.32519197 0.40000001
v 5.20300388 2.09162736 0.40000001
v 4.15771008 2.33036447 0.40000001
v 4.16400909 2.34362340 0.40000001
v 5.21176624 2.10339952 0.40000001
v 4.17157364 2.35620308 0.40000001
v 5.21933651 2.11597157 0.40000001
v 4.18033123 2.36798334 0.40000001
v 5.22564125 2.12922335 0.40000001
v 4.19019890 2.37885094 0.40000001
v 5.23266983 2.13638687 0.40000001
v 4.20108080 2.38870215 0.40000001
v 5.24592257 2.14266491 0.40000001
v 4.21287394 2.39744258 0.40000001
v 5.25849915 2.15020704 0.40000001
v 4.22546482 2.40498853 0.40000001
v 5.27027845 2.15894103 0.40000001
v 4.23873281 2.41126752 0.40000001
v 5.28114891 2.16878343 0.40000001
v 4.25255108 2.41621971 0.40000001
v 4.26678753 2.41979742 0.40000001
v 4.96388102 1.95879078 0.40000001
v 4.98236275 1.96697521 0.40000001
v 5.08737326 2.03696823 0.40000001
v 5.11654472 2.03986621 0.40000001
v 4.28130531 2.42196679 0.40000001
v 5.29100704 2.17964053 0.40000001
v 4.29596519 2.42270660 0.40000001
v 4.33570671 2.42276502 0.40000001
v 5.29975700 2.19140816 0.40000001
v 4.33977985 2.43136358 0.40000001
v 5.30731678 2.20397401 0.40000001
v 4.34732246 2.44393969 0.40000001
v 4.35605621 2.45571947 0.40000001
v 5.32046747 2.22425389 0.40000001
v 4.36589861 2.46659017 0.40000001
v 5.33372211 2.23052263 0.40000001
v 4.37675571 2.47644782 0.40000001
v 5.34630203 2.23805547 0.40000001
v 4.38852310 2.48519802 0.40000001
v 5.35808611 2.24678040 0.40000001
v 4.40108919 2.49275756 0.40000001
v 4.41433334 2.49905396 0.40000001
v 5.36896229 2.25661445 0.40000001
v 4.41959286 2.50095010 0.40000001
v 5.37882566 2.26746297 0.40000001
v 4.42136908 2.50590825 0.40000001
v 4.42763805 2.51916337 0.40000001
v 5.38758326 2.27922297 0.40000001
v 4.43517065 2.53174305 0.40000001
v 5.39515066 2.29178190 0.40000001
v 4.44389534 2.54352689 0.40000001
v 5.40145588 2.30501938 0.40000001
v 4.45372963 2.55440283 0.40000001
v 5.40919638 2.31272840 0.40000001
v 4.46457815 2.56426668 0.40000001
v 5.42242622 2.31904221 0.40000001
v 4.47633839 2.57302427 0.40000001
v 5.43497705 2.32661700 0.40000001
v 4.48889732 2.58059168 0.40000001
v 5.44672823 2.33538103 0.40000001
v 4.50213432 2.58689690 0.40000001
v 5.45756769 2.34525013 0.40000001
v 4.50750446 2.58883715 0.40000001
v 4.50924587 2.59370756 0.40000001
v 5.22756481 2.13455462 0.40000001
v 5.31550884 2.22247791 0.40000001
v 5.31361294 2.21721792 0.40000001
v 4.51550531 2.60696340 0.40000001
v 5.46739244 2.35613036 0.40000001
v 4.52302837 2.61954498 0.40000001
v 5.47610807 2.36791730 0.40000001
v 4.53174400 2.63133216 0.40000001
v 5.48363113 2.38049889 0.40000001
v 4.54156876 2.64221239 0.40000001
v 5.48989105 2.39375496 0.40000001
v 4.55240822 2.65208149 0.40000001
v 5.49684858 2.40045357 0.40000001
v 4.56415987 2.66084528 0.40000001
v 5.51009274 2.40674996 0.40000001
v 4.57671070 2.66842031 0.40000001
v 5.52265835 2.41430950 0.40000001
v 4.58994055 2.67473412 0.40000001
v 5.53442621 2.42305970 0.40000001
v 4.59570980 2.67682362 0.40000001
v 4.59780693 2.68261290 0.40000001
v 4.60412550 2.69584703 0.40000001
v 5.54528332 2.43291736 0.40000001
v 4.61170578 2.70840096 0.40000001
v 5.55512571 2.44378805 0.40000001
v 4.62047625 2.72015452 0.40000001
v 5.56385946 2.45556784 0.40000001
v 4.63035202 2.73099566 0.40000001
v 5.57140160 2.46814394 0.40000001
v 4.64123964 2.74082041 0.40000001
v 5.57547474 2.47674251 0.40000001
v 4.65303421 2.74953508 0.40000001
v 5.62987661 2.47754073 0.40000001
v 4.66562366 2.75705647 0.40000001
v 5.65863037 2.48328781 0.40000001
v 4.67888737 2.76331258 0.40000001
v 5.67244911 2.48824000 0.40000001
v 4.69269848 2.76824355 0.40000001
v 5.68571711 2.49451900 0.40000001
v 4.70692539 2.77180219 0.40000001
v 4.72143173 2.77395463 0.40000001
v 5.69830799 2.50206494 0.40000001
v 4.73607874 2.77468038 0.40000001
v 5.40349531 2.31066370 0.40000001
v 5.49161100 2.39856553 0.40000001
v 4.77553797 2.77470374 0.40000001
v 5.71010113 2.51080537 0.40000001
v 4.77955484 2.78318334 0.40000001
v 5.61521626 2.47680092 0.40000001
v 4.78709698 2.79575968 0.40000001
v 5.72098303 2.52065659 0.40000001
v 4.79583073 2.80753946 0.40000001
v 5.73085022 2.53152418 0.40000001
v 4.80567360 2.81840992 0.40000001
v 5.73960829 2.54330444 0.40000001
v 4.81653023 2.82826757 0.40000001
v 5.74717283 2.55588412 0.40000001
v 4.82829809 2.83701801 0.40000001
v 5.75347137 2.56914282 0.40000001
v 4.84086418 2.84457731 0.40000001
v 5.76039982 2.57616186 0.40000001
v 4.85410786 2.85087371 0.40000001
v 4.85936785 2.85276985 0.40000001
v 5.77365208 2.58243966 0.40000001
v 4.86114407 2.85772824 0.40000001
v 5.78622866 2.58998179 0.40000001
v 4.86741257 2.87098312 0.40000001
v 5.79800844 2.59871578 0.40000001
v 4.87494564 2.88356280 0.40000001
v 5.80887890 2.60855842 0.40000001
v 4.88367081 2.89534688 0.40000001
v 5.81873655 2.61941528 0.40000001
v 4.89350414 2.90622282 0.40000001
v 4.90435314 2.91608667 0.40000001
v 5.82748699 2.63118291 0.40000001
v 4.91611290 2.92484403 0.40000001
v 5.83504629 2.64374876 0.40000001
v 4.92867184 2.93241167 0.40000001
v 5.84134293 2.65699267 0.40000001
v 4.94190979 2.93871689 0.40000001
v 4.94755363 2.94075608 0.40000001
v 5.84804153 2.66395068 0.40000001
v 4.94961834 2.94645715 0.40000001
v 5.86129761 2.67020988 0.40000001
v 4.95593214 2.95968723 0.40000001
v 5.87387896 2.67773342 0.40000001
v 4.96350718 2.97223783 0.40000001
v 5.64439440 2.47971010 0.40000001
v 5.75534534 2.57434773 0.40000001
v 5.98484802 1.11337709 0.40000001
v 6.06941700 1.15809679 0.40000001
v 6.09815884 1.16381979 0.40000001
v 6.24836636 1.28899384 0.40000001
v 5.30327606 1.45545149 0.40000001
v 5.30710030 1.46354914 0.40000001
v 6.25823498 1.29983377 0.40000001
v 5.31462336 1.47613049 0.40000001
v 6.26699924 1.31158495 0.40000001
v 5.32333899 1.48791742 0.40000001
v 6.27457428 1.32413578 0.40000001
v 5.33316326 1.49879789 0.40000001
v 6.19499016 1.25492954 0.40000001
v 6.28088760 1.33736563 0.40000001
v 6.28295279 1.34306669 0.40000001
v 6.28859663 1.34510612 0.40000001
v 5.34400320 1.50866699 0.40000001
v 6.30183458 1.35141134 0.40000001
v 6.31439304 1.35897875 0.40000001
v 5.36830521 1.52500582 0.40000001
v 6.32615328 1.36773634 0.40000001
v 5.38153505 1.53131962 0.40000001
v 6.33700180 1.37760019 0.40000001
v 5.39559937 1.55230141 0.40000001
v 5.35575438 1.51743078 0.40000001
v 5.38723660 1.53338432 0.40000001
v 5.38928795 1.53905821 0.40000001
v 6.34683561 1.38847589 0.40000001
v 5.40317488 1.56486464 0.40000001
v 5.41194153 1.57662821 0.40000001
v 6.36309338 1.41283941 0.40000001
v 5.42181492 1.58747864 0.40000001
v 6.36706543 1.42123795 0.40000001
v 5.43270111 1.59731293 0.40000001
v 6.43586922 1.42418146 0.40000001
v 5.44449615 1.60603666 0.40000001
v 6.45010328 1.42775249 0.40000001
v 5.45708656 1.61356688 0.40000001
v 5.47035265 1.61983061 0.40000001
v 6.46392012 1.43269777 0.40000001
v 5.48416710 1.62476873 0.40000001
v 6.47718763 1.43896961 0.40000001
v 5.49839783 1.62833357 0.40000001
v 6.48977900 1.44650745 0.40000001
v 5.51290894 1.63049126 0.40000001
v 5.52756166 1.63122129 0.40000001
v 5.56739330 1.63125515 0.40000001
v 6.50157309 1.45523977 0.40000001
v 5.57188654 1.64063311 0.40000001
v 6.51245785 1.46508312 0.40000001
v 5.57947636 1.65316534 0.40000001
v 5.58825302 1.66489744 0.40000001
v 6.52232838 1.47594261 0.40000001
v 5.59813213 1.67571735 0.40000001
v 6.53109074 1.48771477 0.40000001
v 5.60902023 1.68552208 0.40000001
v 6.53866053 1.50028706 0.40000001
v 5.62081242 1.69421721 0.40000001
v 6.54688931 1.51886988 0.40000001
v 5.63339663 1.70172071 0.40000001
v 6.55199432 1.52070236 0.40000001
v 5.64665318 1.70796108 0.40000001
v 6.56524706 1.52698040 0.40000001
v 5.66045523 1.71287775 0.40000001
v 6.57782316 1.53452206 0.40000001
v 5.67467117 1.71642494 0.40000001
v 5.68916512 1.71856785 0.40000001
v 6.35556078 1.40025997 0.40000001
v 6.40669775 1.42128325 0.40000001
v 6.42135429 1.42201805 0.40000001
v 6.58960295 1.54325628 0.40000001
v 5.70379925 1.71928644 0.40000001
v 5.74309301 1.71929550 0.40000001
v 6.60047388 1.55309868 0.40000001
v 5.74716568 1.72787762 0.40000001
v 5.75471687 1.74044943 0.40000001
v 6.61033154 1.56395578 0.40000001
v 5.76345921 1.75222373 0.40000001
v 6.61908150 1.57572317 0.40000001
v 5.77330971 1.76308799 0.40000001
v 5.78417397 1.77293849 0.40000001
v 6.63293743 1.60153294 0.40000001
v 5.79594803 1.78168082 0.40000001
v 6.63979197 1.60856915 0.40000001
v 5.80851984 1.78923178 0.40000001
v 6.65304661 1.61483765 0.40000001
v 5.82176876 1.79551911 0.40000001
v 5.82692289 1.79737282 0.40000001
v 6.66562653 1.62237072 0.40000001
v 5.82873631 1.80242610 0.40000001
v 5.83501434 1.81567860 0.40000001
v 6.67741060 1.63109589 0.40000001
v 5.84255648 1.82825494 0.40000001
v 6.68828630 1.64092970 0.40000001
v 5.85129070 1.84003472 0.40000001
v 6.69815016 1.65177822 0.40000001
v 5.86113310 1.85090542 0.40000001
v 6.70690775 1.66353846 0.40000001
v 5.87199020 1.86076307 0.40000001
v 6.54496574 1.51353836 0.40000001
v 6.62664127 1.58828926 0.40000001
v 6.63483334 1.60679293 0.40000001
v 6.71447515 1.67609692 0.40000001
v 6.72078037 1.68933487 0.40000001
v 5.89632368 1.87707281 0.40000001
v 6.72272062 1.69470453 0.40000001
v 5.88375759 1.86951327 0.40000001
v 5.90956736 1.88336921 0.40000001
v 6.74084711 1.70270538 0.40000001
v 5.91480541 1.88525724 0.40000001
v 5.91652536 1.89006782 0.40000001
v 6.75342846 1.71022892 0.40000001
v 5.92278481 1.90332365 0.40000001
v 5.93030834 1.91590524 0.40000001
v 6.76521587 1.71894455 0.40000001
v 5.93902397 1.92769241 0.40000001
v 6.77609587 1.72876883 0.40000001
v 5.94884825 1.93857265 0.40000001
v 6.78596497 1.73960876 0.40000001
v 5.95968819 1.94844174 0.40000001
v 6.79472876 1.75135994 0.40000001
v 5.97143936 1.95720553 0.40000001
v 6.80230379 1.76391053 0.40000001
v 5.98398972 1.96478057 0.40000001
v 6.80861759 1.77714062 0.40000001
v 5.99722004 1.97109437 0.40000001
v 6.00292110 1.97315907 0.40000001
v 6.81635618 1.78489304 0.40000001
v 6.00496006 1.97880340 0.40000001
v 6.01126528 1.99204087 0.40000001
v 6.84216309 1.79878020 0.40000001
v 6.01883316 2.00459981 0.40000001
v 6.85392618 1.80754662 0.40000001
v 6.02759027 2.01635957 0.40000001
v 6.86477709 1.81742024 0.40000001
v 6.03745413 2.02720833 0.40000001
v 6.87461138 1.82830644 0.40000001
v 6.04833031 2.03704238 0.40000001
v 6.06011391 2.04576731 0.40000001
v 6.88333511 1.84010148 0.40000001
v 6.07269382 2.05330014 0.40000001
v 6.89086485 1.85269213 0.40000001
v 6.08594894 2.05956888 0.40000001
v 6.09076023 2.06129217 0.40000001
v 6.09243536 2.06597781 0.40000001
v 6.09869480 2.07923365 0.40000001
v 6.90206671 1.87977266 0.40000001
v 6.10621834 2.09181523 0.40000001
v 6.90563202 1.89400339 0.40000001
v 6.11493397 2.10360241 0.40000001
v 6.12475824 2.11448264 0.40000001
v 6.90851927 1.92316675 0.40000001
v 6.13559818 2.12435174 0.40000001
v 6.14734936 2.13311553 0.40000001
v 6.15989971 2.14069057 0.40000001
v 6.17313004 2.14700437 0.40000001
v 6.90855312 1.96269631 0.40000001
v 6.17877102 2.14904761 0.40000001
v 6.18075848 2.15455985 0.40000001
v 6.18705463 2.16780376 0.40000001
v 6.92933846 1.97409368 0.40000001
v 6.19461393 2.18036962 0.40000001
v 6.94112587 1.98280931 0.40000001
v 6.20336437 2.19213724 0.40000001
v 5.84323072 2.66223049 0.40000001
v 5.88566589 2.68644905 0.40000001
v 4.97227097 2.98398900 0.40000001
v 5.89654636 2.69627357 0.40000001
v 4.98214006 2.99482870 0.40000001
v 5.90641546 2.70711327 0.40000001
v 4.99302006 3.00465322 0.40000001
v 5.91517925 2.71886444 0.40000001
v 5.01738930 3.02089214 0.40000001
v 5.92275429 2.73141503 0.40000001
v 5.03064489 3.02715158 0.40000001
v 5.92906809 2.74464512 0.40000001
v 5.03746796 3.03429246 0.40000001
v 5.93113279 2.75034595 0.40000001
v 5.93677711 2.75238538 0.40000001
v 5.04377937 3.04753590 0.40000001
v 5.95001459 2.75869060 0.40000001
v 5.05135536 3.06009912 0.40000001
v 5.96257305 2.76625800 0.40000001
v 5.06012154 3.07186246 0.40000001
v 5.97433329 2.77501559 0.40000001
v 6.72759104 1.69644594 0.40000001
v 6.81068277 1.78284192 0.40000001
v 6.82959938 1.79120493 0.40000001
v 6.89712906 1.86595821 0.40000001
v 6.90778971 1.90851450 0.40000001
v 6.95200586 1.99263382 0.40000001
v 6.21322203 2.20299411 0.40000001
v 6.96187496 2.00347352 0.40000001
v 6.22409248 2.21283674 0.40000001
v 6.23587227 2.22157073 0.40000001
v 6.97063875 2.01522470 0.40000001
v 6.24844837 2.22911286 0.40000001
v 6.91675711 1.96657014 0.40000001
v 6.97821379 2.02777529 0.40000001
v 6.98452759 2.04100537 0.40000001
v 6.26170111 2.23539066 0.40000001
v 6.98664427 2.04684973 0.40000001
v 6.26842356 2.24204350 0.40000001
v 6.99254227 2.04899168 0.40000001
v 7.00576639 2.05531669 0.40000001
v 6.27469206 2.25529838 0.40000001
v 7.01831007 2.06290197 0.40000001
v 6.28222466 2.26787806 0.40000001
v 7.03005314 2.07167554 0.40000001
v 6.29094982 2.27966213 0.40000001
v 7.04088402 2.08155346 0.40000001
v 6.31163263 2.30040193 0.40000001
v 6.26668072 2.23717785 0.40000001
v 6.30078411 2.29053807 0.40000001
v 7.05069876 2.09244132 0.40000001
v 6.32339239 2.30915928 0.40000001
v 6.33595133 2.31672692 0.40000001
v 7.05940390 2.10423517 0.40000001
v 6.34918880 2.32303214 0.40000001
v 7.06691647 2.11682248 0.40000001
v 6.35483313 2.32507133 0.40000001
v 6.35689783 2.33077216 0.40000001
v 6.36321163 2.34400249 0.40000001
v 7.07316446 2.13008308 0.40000001
v 6.37078667 2.35655308 0.40000001
v 7.07808828 2.14389014 0.40000001
v 6.37955046 2.36830425 0.40000001
v 7.08164120 2.15811181 0.40000001
v 6.38941956 2.37914395 0.40000001
v 7.08378887 2.17261219 0.40000001
v 6.40029955 2.38896847 0.40000001
v 7.08451080 2.18725324 0.40000001
v 6.41208696 2.39768410 0.40000001
v 6.42466831 2.40520740 0.40000001
v 6.43792439 2.41146684 0.40000001
v 6.44273472 2.41318679 0.40000001
v 7.08452606 2.22659111 0.40000001
v 6.44462299 2.41842461 0.40000001
v 6.45091963 2.43166876 0.40000001
v 7.09266710 2.23043513 0.40000001
v 6.45847893 2.44423437 0.40000001
v 7.10524845 2.23795843 0.40000001
v 6.46722937 2.45600224 0.40000001
v 7.11703587 2.24667406 0.40000001
v 7.12791586 2.25649881 0.40000001
v 6.47708702 2.46685910 0.40000001
v 6.48795748 2.47670174 0.40000001
v 7.13778496 2.26733828 0.40000001
v 6.49973726 2.48543572 0.40000001
v 7.14654875 2.27908969 0.40000001
v 6.51231337 2.49297762 0.40000001
v 7.15412378 2.29164028 0.40000001
v 6.52091217 2.49705100 0.40000001
v 6.52097034 2.53679252 0.40000001
v 7.19410419 2.32663608 0.40000001
v 6.52171040 2.55145264 0.40000001
v 7.20585775 2.33540606 0.40000001
v 6.52387953 2.56597042 0.40000001
v 7.21669912 2.34528208 0.40000001
v 6.52745724 2.58020663 0.40000001
v 6.53240967 2.59402490 0.40000001
v 7.23523855 2.36796427 0.40000001
v 6.53868866 2.60729313 0.40000001
v 6.54623461 2.61988401 0.40000001
v 7.24275970 2.38055372 0.40000001
v 6.55497456 2.63167691 0.40000001
v 7.24901581 2.39381742 0.40000001
v 6.56482601 2.64255929 0.40000001
v 7.25394678 2.40762854 0.40000001
v 6.57569361 2.65242648 0.40000001
v 7.25750542 2.42185521 0.40000001
v 6.58747387 2.66118431 0.40000001
v 7.25965786 2.43636155 0.40000001
v 6.60005379 2.66874886 0.40000001
v 6.61331224 2.67504740 0.40000001
v 7.26038361 2.45100856 0.40000001
v 6.61873770 2.67700076 0.40000001
v 6.62076283 2.68259215 0.40000001
v 6.62707663 2.69582224 0.40000001
v 6.63465166 2.70837283 0.40000001
v 7.26910162 2.49462366 0.40000001
v 6.64341545 2.72012401 0.40000001
v 6.65328455 2.73096371 0.40000001
v 7.28168154 2.50218821 0.40000001
v 6.66416454 2.74078846 0.40000001
v 7.30432940 2.52081323 0.40000001
v 6.67595196 2.74950385 0.40000001
v 6.68853331 2.75702739 0.40000001
v 7.31418037 2.53169537 0.40000001
v 6.69670296 2.76088500 0.40000001
v 6.69672680 2.80031872 0.40000001
v 7.34169769 2.58316588 0.40000001
v 6.69745207 2.81496596 0.40000001
v 6.69960451 2.82947206 0.40000001
v 7.16043758 2.30487037 0.40000001
v 7.16252708 2.31063938 0.40000001
v 7.16831636 2.31273699 0.40000001
v 7.18155050 2.31905556 0.40000001
v 7.22652388 2.35616946 0.40000001
v 7.26040745 2.49049330 0.40000001
v 7.29346132 2.51094580 0.40000001
v 7.32292080 2.54348850 0.40000001
v 7.33046675 2.55607939 0.40000001
v 7.33674574 2.56934738 0.40000001
v 7.34527588 2.59740210 0.40000001
v 7.34744501 2.61191964 0.40000001
v 6.70316315 2.84369874 0.40000001
v 6.70809412 2.85751009 0.40000001
v 7.34818459 2.62658000 0.40000001
v 6.71435022 2.87077379 0.40000001
v 6.72187138 2.88336301 0.40000001
v 6.73058653 2.89515781 0.40000001
v 6.74041128 2.90604520 0.40000001
v 7.35770893 2.67113328 0.40000001
v 6.75125217 2.91592121 0.40000001
v 7.37024164 2.67872405 0.40000001
v 6.76300573 2.92469144 0.40000001
v 7.38197422 2.68750119 0.40000001
v 6.77555990 2.93227196 0.40000001
v 7.39279413 2.69738126 0.40000001
v 6.78461170 2.93659353 0.40000001
v 7.34824371 2.66659760 0.40000001
v 7.40259886 2.70827007 0.40000001
v 7.41129398 2.72006321 0.40000001
v 6.78464460 3.06405473 0.40000001
v 7.41879749 2.73264861 0.40000001
v 7.42503691 2.74590611 0.40000001
v 7.42995358 2.75970888 0.40000001
v 7.43349981 2.77392554 0.40000001
v 0.00000000 11.49612904 0.00000000
v 4.08433151 3.01425028 0.40000001
v 3.93902254 2.85374022 0.40000001
v 3.95080662 2.86246514 0.40000001
v 3.96168256 2.87229919 0.40000001
v 3.97154641 2.88314795 0.40000001
v 3.98030376 2.89490771 0.40000001
v 3.98787141 2.90746665 0.40000001
v 3.99417663 2.92070413 0.40000001
v 4.01514673 2.93472695 0.40000001
v 4.02769756 2.94230175 0.40000001
v 4.03944874 2.95106578 0.40000001
v 4.00191689 2.92841315 0.40000001
v 4.06011295 2.97181511 0.40000001
v 4.05028820 2.96093488 0.40000001
v 4.06882858 2.98360205 0.40000001
v 4.07635212 2.99618387 0.40000001
v 4.08261108 3.00943971 0.40000001
v 4.08956909 3.01613832 0.40000001
v 4.10281277 3.02243471 0.40000001
v 4.11537886 3.02999425 0.40000001
v 4.12714672 3.03874445 0.40000001
v 4.13800335 3.04860210 0.40000001
v 4.14784622 3.05947280 0.40000001
v 4.15657997 3.07125258 0.40000001
v 4.16412210 3.08382893 0.40000001
v 4.20771027 3.09237623 0.40000001
v 4.34793615 3.18993878 0.40000001
v 4.22236252 3.09310627 0.40000001
v 4.34598398 3.18453956 0.40000001
v 4.23687363 3.09526396 0.40000001
v 4.25110435 3.09882879 0.40000001
v 4.26491928 3.10376692 0.40000001
v 4.27818489 3.11003089 0.40000001
v 4.29077578 3.11756063 0.40000001
v 4.30257034 3.12628460 0.40000001
v 4.31345701 3.13611889 0.40000001
v 4.43589830 3.27807593 0.40000001
v 4.32333088 3.14696956 0.40000001
v 4.33209705 3.15873289 0.40000001
v 4.33967209 3.17129612 0.40000001
v 4.35280704 3.19168043 0.40000001
v 4.36606312 3.19793987 0.40000001
v 4.37864447 3.20546317 0.40000001
v 4.39043140 3.21417880 0.40000001
v 4.52003241 3.35629225 0.40000001
v 4.40131187 3.22400331 0.40000001
v 4.41118097 3.23484302 0.40000001
v 4.41994476 3.24659419 0.40000001
v 4.42751980 3.25914478 0.40000001
v 4.43383360 3.27237487 0.40000001
v 4.44154263 3.28011513 0.40000001
v 4.45478010 3.28642035 0.40000001
v 4.46733856 3.29398799 0.40000001
v 4.47909880 3.30274534 0.40000001
v 4.48994732 3.31260920 0.40000001
v 4.49978161 3.32348514 0.40000001
v 4.50850677 3.33526921 0.40000001
v 4.51603937 3.34784889 0.40000001
v 4.95973396 3.70799303 0.40000001
v 4.55975676 3.35635066 0.40000001
v 4.69987392 3.45386529 0.40000001
v 3.72494340 3.73561978 0.40000001
v 3.73917723 3.73919106 0.40000001
v 3.75369215 3.74135447 0.40000001
v 3.82832646 3.77504396 0.40000001
v 3.81205034 3.75068808 0.40000001
v 3.81959224 3.76326418 0.40000001
v 3.83816886 3.78591466 0.40000001
v 3.84902596 3.79577208 0.40000001
v 3.86079359 3.80452251 0.40000001
v 3.87335944 3.81208205 0.40000001
v 3.88660336 3.81837845 0.40000001
v 3.89184117 3.82026649 0.40000001
v 3.89982057 3.83833313 0.40000001
v 3.89356112 3.82507706 0.40000001
v 3.90734386 3.85091448 0.40000001
v 3.91605949 3.86270189 0.40000001
v 3.92588401 3.87358189 0.40000001
v 3.93672371 3.88345098 0.40000001
v 3.94847488 3.89221478 0.40000001
v 3.96102571 3.89978981 0.40000001
v 3.97425580 3.90610361 0.40000001
v 3.97995663 3.90816832 0.40000001
v 3.98830104 3.92705011 0.40000001
v 3.98199582 3.91381264 0.40000001
v 3.99586868 3.93960905 0.40000001
v 4.00462627 3.95136881 0.40000001
v 4.01449013 3.96221781 0.40000001
v 4.02536583 3.97205162 0.40000001
v 4.24775219 4.09390926 0.40000001
v 4.03714991 3.98077655 0.40000001
v 4.04972935 3.98830938 0.40000001
v 4.06298447 3.99457788 0.40000001
v 4.06789303 3.99633646 0.40000001
v 4.07605410 4.01476765 0.40000001
v 4.06975555 4.00150871 0.40000001
v 4.08361816 4.02734756 0.40000001
v 4.09237623 4.03912735 0.40000001
v 4.10224342 4.04999542 0.40000001
v 4.11312580 4.05984640 0.40000001
v 4.12491894 4.06858683 0.40000001
v 4.13750982 4.07613277 0.40000001
v 4.15077782 4.08241177 0.40000001
v 4.16459656 4.08736420 0.40000001
v 4.17883253 4.09094191 0.40000001
v 4.19334984 4.09311104 0.40000001
v 4.20801067 4.09385109 0.40000001
v 4.28880072 4.14759207 0.40000001
v 4.25182533 4.10250759 0.40000001
v 4.25936699 4.11508417 0.40000001
v 4.26810122 4.12686396 0.40000001
v 4.27794361 4.13773441 0.40000001
v 4.30056858 4.15634251 0.40000001
v 4.31313419 4.16390181 0.40000001
v 4.32637787 4.17019844 0.40000001
v 4.33163834 4.17209435 0.40000001
v 4.33968258 4.19030762 0.40000001
v 4.33341408 4.17705250 0.40000001
v 4.34721565 4.20288754 0.40000001
v 4.35594082 4.21467113 0.40000001
v 4.36577463 4.22554731 0.40000001
v 4.37662315 4.23541117 0.40000001
v 4.38838291 4.24416876 0.40000001
v 4.40094185 4.25173616 0.40000001
v 4.41417980 4.25804138 0.40000001
v 4.41982365 4.26008081 0.40000001
v 4.42820263 4.27901173 0.40000001
v 4.42188835 4.26578140 0.40000001
v 4.43577719 4.29156208 0.40000001
v 4.44454098 4.30331326 0.40000001
v 4.45441055 4.31415319 0.40000001
v 4.46529055 4.32397747 0.40000001
v 4.47707748 4.33269310 0.40000001
v 4.48965931 4.34021664 0.40000001
v 4.68756676 4.44581413 0.40000001
v 4.57441711 3.35709047 0.40000001
v 4.58893490 3.35925961 0.40000001
v 4.69801140 3.44869256 0.40000001
v 4.60317087 3.36283755 0.40000001
v 4.61698914 3.36778975 0.40000001
v 4.63025761 3.37406874 0.40000001
v 4.64284801 3.38161469 0.40000001
v 4.65464115 3.39035511 0.40000001
v 4.66552353 3.40020633 0.40000001
v 4.67539120 3.41107392 0.40000001
v 4.68414879 3.42285395 0.40000001
v 4.69171333 3.43543386 0.40000001
v 4.78781033 3.54203320 0.40000001
v 4.70478249 3.45562363 0.40000001
v 4.71803761 3.46189213 0.40000001
v 4.73061752 3.46942496 0.40000001
v 4.74240112 3.47815013 0.40000001
v 4.75327682 3.48798394 0.40000001
v 4.87592602 3.62993503 0.40000001
v 4.76314068 3.49883270 0.40000001
v 4.77946568 3.52315140 0.40000001
v 4.77189827 3.51059246 0.40000001
v 4.78577137 3.53638887 0.40000001
v 4.79351139 3.54409790 0.40000001
v 4.80674171 3.55041170 0.40000001
v 4.81929207 3.55798674 0.40000001
v 4.83104324 3.56675053 0.40000001
v 4.84188318 3.57661963 0.40000001
v 5.00480747 3.01336884 0.40000001
v 5.03551579 3.02889323 0.40000001
v 5.06999493 3.08271313 0.40000001
v 5.98518181 2.78487945 0.40000001
v 5.08088112 3.09254742 0.40000001
v 5.99501610 2.79575539 0.40000001
v 5.09267616 3.10127139 0.40000001
v 6.00374079 2.80753946 0.40000001
v 5.10526657 3.10880113 0.40000001
v 5.11853313 3.11506510 0.40000001
v 6.01127386 2.82011914 0.40000001
v 5.13234711 3.12000322 0.40000001
v 5.14657831 3.12356806 0.40000001
v 6.01926565 2.83818507 0.40000001
v 5.16108894 3.12572575 0.40000001
v 6.02395153 2.83986044 0.40000001
v 5.17574167 3.12645578 0.40000001
v 5.21529675 3.12648940 0.40000001
v 6.03720713 2.84611988 0.40000001
v 5.21932983 3.13500309 0.40000001
v 6.04978895 2.85364342 0.40000001
v 5.22687149 3.14757943 0.40000001
v 6.06157589 2.86235881 0.40000001
v 5.23560572 3.15935922 0.40000001
v 6.07245636 2.87218356 0.40000001
v 5.24544811 3.17022991 0.40000001
v 6.08232498 2.88302302 0.40000001
v 5.25630522 3.18008757 0.40000001
v 4.85170746 3.58749986 0.40000001
v 4.86042309 3.59928703 0.40000001
v 4.86794662 3.61186862 0.40000001
v 4.87420607 3.62512445 0.40000001
v 4.88116360 3.63182306 0.40000001
v 4.89440775 3.63811946 0.40000001
v 4.90697384 3.64567900 0.40000001
v 4.91874123 3.65442920 0.40000001
v 4.92959833 3.66428685 0.40000001
v 4.93944073 3.67515755 0.40000001
v 4.94817448 3.68693733 0.40000001
v 4.95571709 3.69951367 0.40000001
v 4.99919319 3.70801663 0.40000001
v 5.13956261 3.80587339 0.40000001
v 5.01384020 3.70874238 0.40000001
v 5.02834606 3.71089482 0.40000001
v 5.04257298 3.71445346 0.40000001
v 5.05638409 3.71938443 0.40000001
v 5.06964779 3.72564030 0.40000001
v 5.08223724 3.73316169 0.40000001
v 5.09403229 3.74187660 0.40000001
v 5.10491943 3.75170135 0.40000001
v 5.11479568 3.76254225 0.40000001
v 5.12356567 3.77429605 0.40000001
v 5.13114643 3.78684998 0.40000001
v 5.13746452 3.80008411 0.40000001
v 5.22776699 3.89385986 0.40000001
v 5.14533138 3.80796289 0.40000001
v 5.15856171 3.81427670 0.40000001
v 5.17111206 3.82185149 0.40000001
v 5.18286324 3.83061552 0.40000001
v 5.19370270 3.84048462 0.40000001
v 5.20352745 3.85136461 0.40000001
v 5.31160593 3.97193217 0.40000001
v 5.21224308 3.86315179 0.40000001
v 5.21976662 3.87573338 0.40000001
v 5.22602558 3.88898945 0.40000001
v 5.23313713 3.89580011 0.40000001
v 5.24637508 3.90210533 0.40000001
v 5.25893354 3.90967274 0.40000001
v 5.27069378 3.91843033 0.40000001
v 5.28154230 3.92829418 0.40000001
v 5.29137611 3.93916988 0.40000001
v 5.30010128 3.95095396 0.40000001
v 5.30763435 3.96353364 0.40000001
v 5.75134468 4.32371235 0.40000001
v 5.35123825 3.97197747 0.40000001
v 5.36589479 3.97271204 0.40000001
v 5.39464378 3.97844672 0.40000001
v 5.38040972 3.97487545 0.40000001
v 5.40846062 3.98339176 0.40000001
v 5.42172813 3.98966360 0.40000001
v 5.43431950 3.99720144 0.40000001
v 5.44611359 4.00593376 0.40000001
v 5.49141788 4.06953192 0.40000001
v 5.45699835 4.01577711 0.40000001
v 5.46686888 4.02663660 0.40000001
v 5.47563124 4.03840876 0.40000001
v 5.48320103 4.05098104 0.40000001
v 5.48950624 4.06423235 0.40000001
v 5.57940531 4.15771770 0.40000001
v 5.49637747 4.07130814 0.40000001
v 5.50963211 4.07757664 0.40000001
v 5.52221203 4.08510971 0.40000001
v 5.53399611 4.09383488 0.40000001
v 5.54487181 4.10366869 0.40000001
v 5.55473566 4.11451721 0.40000001
v 5.66752052 4.24561977 0.40000001
v 3.68701434 4.53366375 0.40000001
v 3.69789886 4.54350662 0.40000001
v 3.70776963 4.55436659 0.40000001
v 3.82030582 4.68544769 0.40000001
v 3.73727798 4.59903812 0.40000001
v 3.75053287 4.60530663 0.40000001
v 3.76311255 4.61283970 0.40000001
v 3.77489662 4.62156487 0.40000001
v 3.78577256 4.63139820 0.40000001
v 3.79563642 4.64224720 0.40000001
v 3.80439377 4.65400696 0.40000001
v 3.81196141 4.66656590 0.40000001
v 3.81826663 4.67980385 0.40000001
v 3.82600689 4.68751240 0.40000001
v 3.90670133 4.76853895 0.40000001
v 3.83923697 4.69382620 0.40000001
v 3.85178757 4.70140123 0.40000001
v 3.86353874 4.71016502 0.40000001
v 3.87437844 4.72003412 0.40000001
v 3.88420296 4.73091412 0.40000001
v 3.89291859 4.74270153 0.40000001
v 3.90044212 4.75528336 0.40000001
v 3.91365933 4.77523756 0.40000001
v 3.92690325 4.78153419 0.40000001
v 3.98821211 4.84292793 0.40000001
v 3.93946910 4.78909349 0.40000001
v 3.95123672 4.79784393 0.40000001
v 3.96209359 4.80770159 0.40000001
v 3.97193623 4.81857204 0.40000001
v 3.99222898 4.85140753 0.40000001
v 3.98067021 4.83035183 0.40000001
v 4.03168869 4.85143137 0.40000001
v 4.17205763 4.94928789 0.40000001
v 4.04633522 4.85215664 0.40000001
v 4.06084156 4.85430908 0.40000001
v 4.07506847 4.85786819 0.40000001
v 4.08887959 4.86279869 0.40000001
v 4.10214329 4.86905479 0.40000001
v 4.11473274 4.87657642 0.40000001
v 4.12652779 4.88529110 0.40000001
v 4.13741493 4.89511585 0.40000001
v 4.26026249 5.03727436 0.40000001
v 4.50291538 4.34647608 0.40000001
v 4.50778580 4.34821796 0.40000001
v 4.51604986 4.36686039 0.40000001
v 4.50973797 4.35361671 0.40000001
v 4.52362537 4.37942362 0.40000001
v 4.53239155 4.39118719 0.40000001
v 4.54226494 4.40203762 0.40000001
v 4.55315113 4.41187191 0.40000001
v 4.56494617 4.42059612 0.40000001
v 4.57753706 4.42812586 0.40000001
v 4.59080315 4.43438959 0.40000001
v 4.60461760 4.43932772 0.40000001
v 4.61884880 4.44289255 0.40000001
v 4.63335943 4.44505024 0.40000001
v 4.64801216 4.44578028 0.40000001
v 4.14729118 4.90595722 0.40000001
v 4.15606117 4.91771078 0.40000001
v 4.16364145 4.93026447 0.40000001
v 4.16996002 4.94349861 0.40000001
v 4.17782688 4.95137739 0.40000001
v 4.34410095 5.11534691 0.40000001
v 4.19105673 4.95769119 0.40000001
v 4.20360756 4.96526623 0.40000001
v 4.21535873 4.97403002 0.40000001
v 4.22619820 4.98389912 0.40000001
v 4.23602295 4.99477911 0.40000001
v 4.24473858 5.00656652 0.40000001
v 4.25226212 5.01914787 0.40000001
v 3.72391057 5.59743214 0.40000001
v 3.74014950 5.62180090 0.40000001
v 3.73143387 5.61001396 0.40000001
v 3.74997401 5.63268137 0.40000001
v 3.80411482 5.66729259 0.40000001
v 3.71765113 5.58417654 0.40000001
v 3.76081371 5.64255047 0.40000001
v 3.77256513 5.65131426 0.40000001
v 3.78511572 5.65888929 0.40000001
v 3.79834580 5.66520309 0.40000001
v 3.98394346 5.76517296 0.40000001
v 3.81253099 5.68631601 0.40000001
v 3.80621243 5.67308187 0.40000001
v 3.82011127 5.69886971 0.40000001
v 3.82888150 5.71062326 0.40000001
v 3.83875751 5.72146463 0.40000001
v 3.84964490 5.73128939 0.40000001
v 3.86143970 5.74000406 0.40000001
v 3.87402916 5.74752522 0.40000001
v 3.88729286 5.75378132 0.40000001
v 3.90110397 5.75871229 0.40000001
v 3.91533065 5.76227093 0.40000001
v 3.92983699 5.76442337 0.40000001
v 3.94448400 5.76514912 0.40000001
v 4.25852108 5.03240395 0.40000001
v 4.26563263 5.03921461 0.40000001
v 4.27887011 5.04551983 0.40000001
v 4.29142904 5.05308723 0.40000001
v 4.30318880 5.06184483 0.40000001
v 4.31403732 5.07170868 0.40000001
v 4.33259678 5.09436846 0.40000001
v 4.32387161 5.08258438 0.40000001
v 4.34012938 5.10694838 0.40000001
v 4.38373375 5.11539221 0.40000001
v 4.52391338 5.21294641 0.40000001
v 4.39839029 5.11612654 0.40000001
v 4.41290474 5.11828995 0.40000001
v 4.42713928 5.12186146 0.40000001
v 4.44095612 5.12680626 0.40000001
v 4.45422363 5.13307810 0.40000001
v 4.46681499 5.14061594 0.40000001
v 4.47860909 5.14934826 0.40000001
v 4.48949337 5.15919161 0.40000001
v 4.49936390 5.17005110 0.40000001
v 4.50812626 5.18182325 0.40000001
v 4.51569653 5.19439554 0.40000001
v 4.52200174 5.20764732 0.40000001
v 4.61190033 5.30113268 0.40000001
v 4.52887249 5.21472263 0.40000001
v 4.54212761 5.22099161 0.40000001
v 4.55470753 5.22852421 0.40000001
v 4.70001602 5.38903427 0.40000001
v 4.56649113 5.23724937 0.40000001
v 4.57736731 5.24708319 0.40000001
v 4.58723116 5.25793171 0.40000001
v 4.59598827 5.26969194 0.40000001
v 4.60355616 5.28225088 0.40000001
v 4.60986137 5.29548836 0.40000001
v 4.06775093 5.84323072 0.40000001
v 4.69914198 4.46690416 0.40000001
v 4.71771860 4.48955441 0.40000001
v 4.70787621 4.47868395 0.40000001
v 4.69159985 4.45432758 0.40000001
v 4.77139091 4.52390623 0.40000001
v 4.72857571 4.49941206 0.40000001
v 4.74034309 4.50816250 0.40000001
v 4.75290871 4.51572180 0.40000001
v 4.76615286 4.52201796 0.40000001
v 4.77311087 4.52871704 0.40000001
v 4.78689384 4.55455446 0.40000001
v 4.77937031 4.54197264 0.40000001
v 4.79560947 4.56634140 0.40000001
v 4.80543375 4.57722187 0.40000001
v 4.85950613 4.61180830 0.40000001
v 4.81627369 4.58709049 0.40000001
v 4.82802486 4.59585476 0.40000001
v 4.84057522 4.60342979 0.40000001
v 4.85380554 4.60974312 0.40000001
v 4.86154556 4.61745214 0.40000001
v 4.88417578 4.65500879 0.40000001
v 4.86785078 4.63069010 0.40000001
v 4.87541819 4.64324856 0.40000001
v 4.89403963 4.66585732 0.40000001
v 4.94749355 4.69999409 0.40000001
v 4.90491581 4.67569113 0.40000001
v 4.91669941 4.68441629 0.40000001
v 5.12730551 4.79759407 0.40000001
v 4.92927933 4.69194889 0.40000001
v 4.94253445 4.69821787 0.40000001
v 4.96328068 4.73111725 0.40000001
v 4.98191357 4.75374889 0.40000001
v 4.97204256 4.74288940 0.40000001
v 4.99279785 4.76359224 0.40000001
v 5.08767319 4.79754877 0.40000001
v 4.94940519 4.70529366 0.40000001
v 4.95571041 4.71854496 0.40000001
v 5.00459194 4.77232456 0.40000001
v 5.01718330 4.77986240 0.40000001
v 5.03045082 4.78613424 0.40000001
v 5.04426765 4.79107952 0.40000001
v 5.05850172 4.79465055 0.40000001
v 5.07301664 4.79681396 0.40000001
v 5.13127756 4.80599260 0.40000001
v 5.19253683 4.86742115 0.40000001
v 5.13881016 4.81857204 0.40000001
v 5.21114445 4.87566662 0.40000001
v 5.14753532 4.83035612 0.40000001
v 5.16821766 4.85109615 0.40000001
v 5.15736914 4.84123230 0.40000001
v 5.17997789 4.85985327 0.40000001
v 5.20577431 4.87372589 0.40000001
v 5.21914482 4.89379263 0.40000001
v 5.26779938 4.94767475 0.40000001
v 5.22666836 4.90637398 0.40000001
v 5.29934931 4.96365261 0.40000001
v 5.21288586 4.88053656 0.40000001
v 5.23538399 4.91816139 0.40000001
v 5.24520874 4.92904139 0.40000001
v 5.25604820 4.93891048 0.40000001
v 5.28035021 4.95524979 0.40000001
v 5.29358006 4.96156311 0.40000001
v 5.30776501 4.98267603 0.40000001
v 5.30144691 4.96944189 0.40000001
v 5.31534576 4.99523020 0.40000001
v 5.32411575 5.00698376 0.40000001
v 5.33399200 5.01782465 0.40000001
v 5.34487915 5.02764940 0.40000001
v 5.35667419 5.03636456 0.40000001
v 5.36926365 5.04388571 0.40000001
v 5.38252735 5.05014181 0.40000001
v 5.39633846 5.05507278 0.40000001
v 5.41056538 5.05863142 0.40000001
v 5.42507124 5.06078386 0.40000001
v 5.43971825 5.06150961 0.40000001
v 5.47917795 5.06153297 0.40000001
v 4.61760139 5.30319738 0.40000001
v 4.63083172 5.30951118 0.40000001
v 4.64338207 5.31708622 0.40000001
v 4.65513325 5.32585001 0.40000001
v 4.66597319 5.33571911 0.40000001
v 4.67579746 5.34659910 0.40000001
v 4.68451309 5.35838604 0.40000001
v 4.69203663 5.37096786 0.40000001
v 4.69829607 5.38422394 0.40000001
v 4.70525360 5.39092255 0.40000001
v 4.71849823 5.39721870 0.40000001
v 4.78385878 5.46716642 0.40000001
v 4.73106384 5.40477848 0.40000001
v 4.74283123 5.41352844 0.40000001
v 4.75368834 5.42338610 0.40000001
v 4.76353073 5.43425703 0.40000001
v 4.77226496 5.44603682 0.40000001
v 4.77980709 5.45861292 0.40000001
v 4.42366600 6.11691856 0.40000001
v 4.82350826 5.46721172 0.40000001
v 4.96368837 5.56476641 0.40000001
v 4.83816528 5.46794653 0.40000001
v 4.94790125 5.53364325 0.40000001
v 4.85268021 5.47010994 0.40000001
v 4.86691380 5.47368097 0.40000001
v 4.88073063 5.47862625 0.40000001
v 4.89399815 5.48489809 0.40000001
v 4.95547104 5.54621553 0.40000001
v 4.90658951 5.49243593 0.40000001
v 4.91838360 5.50116825 0.40000001
v 4.92926836 5.51101160 0.40000001
v 4.93913937 5.52187109 0.40000001
v 4.96177673 5.55946684 0.40000001
v 5.05167580 5.65295219 0.40000001
v 4.96864748 5.56654263 0.40000001
v 5.04963589 5.64730835 0.40000001
v 4.98190260 5.57281113 0.40000001
v 4.99448204 5.58034420 0.40000001
v 5.13979101 5.74085426 0.40000001
v 5.00626612 5.58906937 0.40000001
v 5.04333115 5.63407040 0.40000001
v 5.01714230 5.59890318 0.40000001
v 5.02700615 5.60975170 0.40000001
v 5.03576374 5.62151194 0.40000001
v 5.48319483 5.07001257 0.40000001
v 5.49947071 5.09436846 0.40000001
v 5.49073696 5.08258867 0.40000001
v 5.50931311 5.10523891 0.40000001
v 5.52017021 5.11509657 0.40000001
v 5.56298542 5.13959122 0.40000001
v 5.53193760 5.12384701 0.40000001
v 5.54450369 5.13140678 0.40000001
v 5.55774784 5.13770294 0.40000001
v 5.05737638 5.65501690 0.40000001
v 5.13807106 5.73604345 0.40000001
v 5.07060623 5.66133070 0.40000001
v 5.08315706 5.66890574 0.40000001
v 5.09490824 5.67766953 0.40000001
v 5.10574818 5.68753910 0.40000001
v 5.11557245 5.69841909 0.40000001
v 5.12428808 5.71020603 0.40000001
v 5.13181162 5.72278786 0.40000001
v 6.01754236 2.83337402 0.40000001
v 6.09108925 2.89477444 0.40000001
v 5.26807308 3.18883777 0.40000001
v 6.09866428 2.90732503 0.40000001
v 5.28063869 3.19639730 0.40000001
v 5.29388285 3.20269370 0.40000001
v 5.30084038 3.20939231 0.40000001
v 6.11253357 2.92818356 0.40000001
v 5.30710030 3.22264814 0.40000001
v 5.29912090 3.20458174 0.40000001
v 6.10702133 2.92619634 0.40000001
v 6.12577724 2.93447971 0.40000001
v 5.31462336 3.23522997 0.40000001
v 6.13834333 2.94203925 0.40000001
v 5.32333899 3.24701691 0.40000001
v 6.15011072 2.95078969 0.40000001
v 5.33316326 3.25789714 0.40000001
v 6.16096783 2.96064711 0.40000001
v 5.34400320 3.26776624 0.40000001
v 6.17081022 2.97151780 0.40000001
v 5.35575438 3.27653027 0.40000001
v 6.17954445 2.98329759 0.40000001
v 5.36830521 3.28410506 0.40000001
v 6.18708611 2.99587393 0.40000001
v 5.38153505 3.29041886 0.40000001
v 5.38723612 3.29248357 0.40000001
v 6.19110298 3.00435328 0.40000001
v 5.38927555 3.29812789 0.40000001
v 5.39558077 3.31136537 0.40000001
v 6.24520969 3.00510263 0.40000001
v 5.40314817 3.32392430 0.40000001
v 6.27394247 3.01081371 0.40000001
v 5.41190577 3.33568406 0.40000001
v 6.28775406 3.01574469 0.40000001
v 5.42176962 3.34653282 0.40000001
v 6.10497761 2.92055511 0.40000001
v 6.23056269 3.00437689 0.40000001
v 6.25971603 3.00725508 0.40000001
v 6.30101776 3.02200079 0.40000001
v 5.43264532 3.35636687 0.40000001
v 6.31360674 3.02952194 0.40000001
v 5.44442940 3.36509180 0.40000001
v 6.32540178 3.03823686 0.40000001
v 5.45700932 3.37262464 0.40000001
v 6.33628893 3.04806161 0.40000001
v 5.47026396 3.37889338 0.40000001
v 5.47522259 3.38066936 0.40000001
v 6.34616518 3.05890274 0.40000001
v 5.47711849 3.38592935 0.40000001
v 5.48341465 3.39917326 0.40000001
v 6.35493517 3.07065630 0.40000001
v 5.49097443 3.41173911 0.40000001
v 6.36251545 3.08321023 0.40000001
v 5.49972439 3.42350674 0.40000001
v 6.36883402 3.09644437 0.40000001
v 5.50958204 3.43436384 0.40000001
v 6.37670088 3.10432315 0.40000001
v 5.52045298 3.44420624 0.40000001
v 6.38993073 3.11063671 0.40000001
v 5.53223276 3.45294023 0.40000001
v 6.40248156 3.11821175 0.40000001
v 5.54480886 3.46048236 0.40000001
v 6.41423273 3.12697577 0.40000001
v 5.55806160 3.46676040 0.40000001
v 6.42507267 3.13684487 0.40000001
v 5.56316662 3.46859264 0.40000001
v 5.56509018 3.47392392 0.40000001
v 5.57139492 3.48717570 0.40000001
v 6.43489695 3.14772487 0.40000001
v 5.57896519 3.49974775 0.40000001
v 6.44361258 3.15951204 0.40000001
v 5.58772755 3.51151991 0.40000001
v 6.45113611 3.17209363 0.40000001
v 5.59759808 3.52237940 0.40000001
v 6.45913696 3.19021988 0.40000001
v 5.60848236 3.53222251 0.40000001
v 6.46450663 3.19216013 0.40000001
v 5.62027693 3.54095507 0.40000001
v 6.47774410 3.19846535 0.40000001
v 5.63286829 3.54849315 0.40000001
v 6.49030304 3.20603299 0.40000001
v 5.64613581 3.55476475 0.40000001
v 6.50206327 3.21479034 0.40000001
v 5.65995264 3.55970979 0.40000001
v 6.51291180 3.22465420 0.40000001
v 5.67418671 3.56328106 0.40000001
v 5.68870163 3.56544447 0.40000001
v 6.52274561 3.23553014 0.40000001
v 5.70335817 3.56617904 0.40000001
v 5.74300766 3.56622434 0.40000001
v 6.37093163 3.10223365 0.40000001
v 6.45739555 3.18534970 0.40000001
v 6.53147078 3.24731421 0.40000001
v 5.74705982 3.57477808 0.40000001
v 6.53900337 3.25989389 0.40000001
v 5.75460148 3.58735442 0.40000001
v 5.76333570 3.59913421 0.40000001
v 6.55230808 3.28000331 0.40000001
v 5.77317810 3.61000466 0.40000001
v 6.56555223 3.28629971 0.40000001
v 5.78403521 3.61986232 0.40000001
v 6.57811785 3.29385900 0.40000001
v 5.79580259 3.62861276 0.40000001
v 6.58988571 3.30260944 0.40000001
v 5.80836868 3.63617206 0.40000001
v 6.60074282 3.31246710 0.40000001
v 5.82161236 3.64246845 0.40000001
v 5.82685041 3.64435649 0.40000001
v 6.61058521 3.32333755 0.40000001
v 5.82857037 3.64916730 0.40000001
v 5.83482981 3.66242313 0.40000001
v 6.61931896 3.33511734 0.40000001
v 5.84235334 3.67500472 0.40000001
v 6.62686110 3.34769368 0.40000001
v 5.85106850 3.68679190 0.40000001
v 6.63093424 3.35629225 0.40000001
v 5.86089325 3.69767189 0.40000001
v 6.67067575 3.35635066 0.40000001
v 5.87173319 3.70754099 0.40000001
v 6.54527235 3.27314878 0.40000001
v 6.54704809 3.27810717 0.40000001
v 6.68533611 3.35709047 0.40000001
v 6.69985390 3.35925961 0.40000001
v 5.88348436 3.71630502 0.40000001
v 6.71409035 3.36283755 0.40000001
v 5.89603472 3.72388005 0.40000001
v 6.72790861 3.36778975 0.40000001
v 5.56349325 4.12627745 0.40000001
v 5.57106066 4.13883591 0.40000001
v 5.57736588 4.15207386 0.40000001
v 5.58510590 4.15978241 0.40000001
v 5.59833622 4.16609669 0.40000001
v 5.61088657 4.17367125 0.40000001
v 5.62263823 4.18243504 0.40000001
v 5.63347769 4.19230461 0.40000001
v 5.64330244 4.20318460 0.40000001
v 5.65201807 4.21497154 0.40000001
v 5.65954113 4.22755337 0.40000001
v 5.66580057 4.24080944 0.40000001
v 6.19110298 4.67549801 0.40000001
v 5.67275858 4.24750805 0.40000001
v 5.68600273 4.25380421 0.40000001
v 5.69856834 4.26136398 0.40000001
v 5.71033573 4.27011395 0.40000001
v 5.72119284 4.27997160 0.40000001
v 5.73103523 4.29084206 0.40000001
v 5.73976946 4.30262184 0.40000001
v 5.90926504 3.73019361 0.40000001
v 6.74117661 3.37406874 0.40000001
v 5.91496563 3.73225856 0.40000001
v 5.91700506 3.73790264 0.40000001
v 6.75376749 3.38161469 0.40000001
v 5.92331028 3.75114012 0.40000001
v 6.76556063 3.39035511 0.40000001
v 5.93087769 3.76369905 0.40000001
v 6.77644253 3.40020633 0.40000001
v 5.93963528 3.77545905 0.40000001
v 6.78631020 3.41107392 0.40000001
v 5.94949913 3.78630781 0.40000001
v 5.96037531 3.79614162 0.40000001
v 6.79506779 3.42285395 0.40000001
v 5.97215939 3.80486679 0.40000001
v 5.98473883 3.81239939 0.40000001
v 6.80893087 3.44869256 0.40000001
v 5.99799395 3.81866813 0.40000001
v 6.80263233 3.43543386 0.40000001
v 6.81585932 3.45571136 0.40000001
v 6.00290203 3.82042646 0.40000001
v 6.00476456 3.82559919 0.40000001
v 6.82911205 3.46198940 0.40000001
v 6.01106358 3.83885789 0.40000001
v 6.84168816 3.46953154 0.40000001
v 6.01862764 3.85143757 0.40000001
v 6.85346794 3.47826552 0.40000001
v 6.02738571 3.86321783 0.40000001
v 6.86433840 3.48810792 0.40000001
v 6.03725290 3.87408543 0.40000001
v 6.87419605 3.49896502 0.40000001
v 6.04813528 3.88393664 0.40000001
v 6.88294649 3.51073265 0.40000001
v 6.05992794 3.89267707 0.40000001
v 6.07251930 3.90022278 0.40000001
v 6.89050579 3.52329850 0.40000001
v 6.08578730 3.90650201 0.40000001
v 6.89680243 3.53654242 0.40000001
v 6.09960556 3.91145420 0.40000001
v 6.90350103 3.54350019 0.40000001
v 6.11384153 3.91503191 0.40000001
v 6.91675711 3.54975963 0.40000001
v 6.12835932 3.91720104 0.40000001
v 6.14301968 3.91794109 0.40000001
v 6.92933846 3.55728292 0.40000001
v 6.18276119 3.91799951 0.40000001
v 6.94112587 3.56599855 0.40000001
v 6.18683434 3.92659807 0.40000001
v 6.19437647 3.93917418 0.40000001
v 6.81080484 3.45389748 0.40000001
v 7.43635941 2.80305529 0.40000001
v 6.78536463 3.07869697 0.40000001
v 6.78751087 3.09319901 0.40000001
v 6.79106236 3.10742211 0.40000001
v 6.79598522 3.12123084 0.40000001
v 6.80223227 3.13449311 0.40000001
v 6.80974436 3.14708209 0.40000001
v 6.81844950 3.15887761 0.40000001
v 6.82826424 3.16976690 0.40000001
v 6.83909559 3.17964649 0.40000001
v 6.85083914 3.18842125 0.40000001
v 7.44566536 2.93499899 0.40000001
v 6.86338329 3.19600797 0.40000001
v 6.87273169 3.20047927 0.40000001
v 7.45819855 2.94259000 0.40000001
v 7.46993113 2.95136762 0.40000001
v 6.87279034 3.24043226 0.40000001
v 7.49925089 2.98393106 0.40000001
v 6.87353039 3.25509238 0.40000001
v 7.50675440 2.99651694 0.40000001
v 6.87569952 3.26961017 0.40000001
v 7.51299381 3.00977468 0.40000001
v 6.87927723 3.28384638 0.40000001
v 6.88422918 3.29766464 0.40000001
v 7.52145529 3.03779531 0.40000001
v 6.89050865 3.31093287 0.40000001
v 6.89805412 3.32352376 0.40000001
v 7.43564177 2.78842044 0.40000001
v 7.43637848 2.93054867 0.40000001
v 7.48075104 2.96124816 0.40000001
v 7.49055576 2.97213721 0.40000001
v 7.51790953 3.02357817 0.40000001
v 7.52359724 3.05229068 0.40000001
v 7.52431440 3.06692576 0.40000001
v 6.90679455 3.33531666 0.40000001
v 6.91664600 3.34619904 0.40000001
v 6.92751360 3.35606623 0.40000001
v 6.93929386 3.36482406 0.40000001
v 6.95187330 3.37238860 0.40000001
v 6.21295309 3.96182442 0.40000001
v 7.56884718 3.31334519 0.40000001
v 7.57862997 3.32423115 0.40000001
v 6.22381020 3.97168207 0.40000001
v 7.58730507 3.33601856 0.40000001
v 6.24814320 3.98799181 0.40000001
v 7.59479046 3.34859538 0.40000001
v 6.96049356 3.37648344 0.40000001
v 6.96050406 3.58515716 0.40000001
v 7.52433825 3.28251863 0.40000001
v 7.53383255 3.28708458 0.40000001
v 7.54634142 3.29468322 0.40000001
v 7.55805016 3.30346465 0.40000001
v 6.26138735 3.99428844 0.40000001
v 7.60101414 3.36184168 0.40000001
v 6.26842356 4.00114250 0.40000001
v 7.60591793 3.37563157 0.40000001
v 6.89869022 3.54178023 0.40000001
v 6.20311069 3.95095396 0.40000001
v 6.23557758 3.98043251 0.40000001
v 6.95200586 3.57582331 0.40000001
v 6.26664734 3.99618435 0.40000001
v 6.27469206 4.01439762 0.40000001
v 7.60945368 3.38983369 0.40000001
v 6.28222466 4.02697754 0.40000001
v 7.61158895 3.40431285 0.40000001
v 6.29094982 4.03876162 0.40000001
v 7.61230326 3.41893125 0.40000001
v 6.30078411 4.04963732 0.40000001
v 6.31163263 4.05950117 0.40000001
v 6.32339239 4.06825876 0.40000001
v 6.33595133 4.07582617 0.40000001
v 6.34918880 4.08213139 0.40000001
v 6.35455894 4.08407164 0.40000001
v 6.35630035 4.08894205 0.40000001
v 6.36255932 4.10219765 0.40000001
v 6.37008286 4.11477947 0.40000001
v 6.37879848 4.12656689 0.40000001
v 6.38862324 4.13744688 0.40000001
v 6.39946270 4.14731598 0.40000001
v 6.41121387 4.15607977 0.40000001
v 6.42376471 4.16365480 0.40000001
v 6.43699455 4.16996861 0.40000001
v 6.44276381 4.17205811 0.40000001
v 6.44486141 4.17784739 0.40000001
v 6.45117998 4.19108152 0.40000001
v 6.45876026 4.20363522 0.40000001
v 6.46753073 4.21538925 0.40000001
v 6.47740650 4.22623014 0.40000001
v 6.48829412 4.23605490 0.40000001
v 6.50008869 4.24476957 0.40000001
v 6.51267815 4.25229073 0.40000001
v 6.52594185 4.25854683 0.40000001
v 6.53975296 4.26347780 0.40000001
v 6.55397987 4.26703644 0.40000001
v 6.56848621 4.26918888 0.40000001
v 6.58313322 4.26991463 0.40000001
v 6.62259245 4.26993847 0.40000001
v 6.62660933 4.27841759 0.40000001
v 6.63415146 4.29099417 0.40000001
v 6.64288521 4.30277395 0.40000001
v 6.65272808 4.31364441 0.40000001
v 6.66358471 4.32350206 0.40000001
v 6.67535257 4.33225250 0.40000001
v 6.68791819 4.33981180 0.40000001
v 6.70116234 4.34610844 0.40000001
v 6.70642233 4.34800434 0.40000001
v 6.70819855 4.35296249 0.40000001
v 6.71446705 4.36621761 0.40000001
v 6.72199965 4.37879753 0.40000001
v 6.73072481 4.39058113 0.40000001
v 6.74055862 4.40145731 0.40000001
v 6.75140762 4.41132116 0.40000001
v 6.76316738 4.42007828 0.40000001
v 6.77572632 4.42764616 0.40000001
v 6.78896379 4.43395138 0.40000001
v 6.79460812 4.43599033 0.40000001
v 6.79667282 4.44169140 0.40000001
v 6.80298662 4.45492172 0.40000001
v 6.81056118 4.46747208 0.40000001
v 6.81932545 4.47922325 0.40000001
v 6.82919455 4.49006319 0.40000001
v 6.84007454 4.49988747 0.40000001
v 6.85186195 4.50860310 0.40000001
v 6.86444330 4.51612663 0.40000001
v 6.87769938 4.52238607 0.40000001
v 6.88257027 4.52412796 0.40000001
v 6.88452244 4.52952671 0.40000001
v 6.89083385 4.54277039 0.40000001
v 6.89840937 4.55533361 0.40000001
v 6.90717554 4.56709671 0.40000001
v 6.91704941 4.57794762 0.40000001
v 6.92793560 4.58778191 0.40000001
v 6.93973064 4.59650564 0.40000001
v 6.95232105 4.60403538 0.40000001
v 6.96558714 4.61029959 0.40000001
v 6.97940159 4.61523771 0.40000001
v 6.99363232 4.61880255 0.40000001
v 7.00814342 4.62096024 0.40000001
v 7.02279615 4.62169027 0.40000001
v 7.04847479 4.62171173 0.40000001
v 7.04848051 4.64715767 0.40000001
v 7.04919910 4.66179132 0.40000001
v 7.05134249 4.67628574 0.40000001
v 7.05488920 4.69050121 0.40000001
v 7.05564404 4.69262028 0.40000001
v 7.05485439 4.69483995 0.40000001
v 7.05131340 4.70905018 0.40000001
v 7.04917479 4.72353745 0.40000001
v 7.04845953 4.73816442 0.40000001
v 5.74731159 4.31519842 0.40000001
v 5.79089975 4.32374573 0.40000001
v 5.93122482 4.42158270 0.40000001
v 5.80555201 4.32447577 0.40000001
v 5.82006311 4.32663345 0.40000001
v 5.83429384 4.33019829 0.40000001
v 5.84810829 4.33513641 0.40000001
v 5.86137438 4.34140015 0.40000001
v 5.87396526 4.34893036 0.40000001
v 5.88576031 4.35765409 0.40000001
v 5.89664650 4.36748838 0.40000001
v 5.90651989 4.37833881 0.40000001
v 5.91528606 4.39010239 0.40000001
v 6.01936197 4.50954437 0.40000001
v 5.92286158 4.40266562 0.40000001
v 5.92917347 4.41590881 0.40000001
v 5.93692589 4.42364788 0.40000001
v 6.10727358 4.59743166 0.40000001
v 5.95015621 4.42996120 0.40000001
v 5.97445774 4.44630051 0.40000001
v 5.98529768 4.45616913 0.40000001
v 5.99512196 4.46704960 0.40000001
v 5.96270657 4.43753624 0.40000001
v 6.00383759 4.47883654 0.40000001
v 6.01136112 4.49141836 0.40000001
v 6.01762056 4.50467396 0.40000001
v 6.02473164 4.51148462 0.40000001
v 6.03796959 4.51778984 0.40000001
v 6.08297062 4.55485487 0.40000001
v 6.05052853 4.52535725 0.40000001
v 6.06228828 4.53411484 0.40000001
v 6.07313681 4.54397869 0.40000001
v 6.09169579 4.56663895 0.40000001
v 6.09922886 4.57921839 0.40000001
v 6.10549736 4.59247351 0.40000001
v 6.12577724 4.60562420 0.40000001
v 6.13834333 4.61318350 0.40000001
v 6.17954445 4.65444183 0.40000001
v 6.11253357 4.59932804 0.40000001
v 6.15011072 4.62193394 0.40000001
v 6.16096783 4.63179159 0.40000001
v 6.18708611 4.66701794 0.40000001
v 6.17081022 4.64266205 0.40000001
v 6.23056269 4.67552137 0.40000001
v 6.37093163 4.77337790 0.40000001
v 6.27394247 4.68195820 0.40000001
v 6.28775406 4.68688917 0.40000001
v 6.31360674 4.70066643 0.40000001
v 6.25971603 4.67839956 0.40000001
v 6.24520969 4.67624664 0.40000001
v 6.30101776 4.69314480 0.40000001
v 6.32540178 4.70938110 0.40000001
v 6.33628893 4.71920586 0.40000001
v 6.34616518 4.73004723 0.40000001
v 6.35493517 4.74180079 0.40000001
v 6.36251545 4.75435448 0.40000001
v 6.36883402 4.76758862 0.40000001
v 6.45913696 4.86136436 0.40000001
v 6.38993073 4.78178120 0.40000001
v 6.40248156 4.78935623 0.40000001
v 6.42507267 4.80798912 0.40000001
v 6.37670088 4.77546740 0.40000001
v 6.44361258 4.83065653 0.40000001
v 6.41423273 4.79812002 0.40000001
v 6.43489695 4.81886959 0.40000001
v 6.54297543 4.93943691 0.40000001
v 6.45113611 4.84323788 0.40000001
v 6.45739555 4.85649395 0.40000001
v 5.65110111 5.22749281 0.40000001
v 5.56470537 5.14440155 0.40000001
v 5.57096481 5.15765762 0.40000001
v 5.57848835 5.17023897 0.40000001
v 5.58720398 5.18202639 0.40000001
v 5.59702826 5.19290638 0.40000001
v 5.60786819 5.20277548 0.40000001
v 5.61961937 5.21153927 0.40000001
v 5.63216972 5.21911430 0.40000001
v 5.64540005 5.22542810 0.40000001
v 5.65944576 5.24637461 0.40000001
v 5.65314007 5.23313713 0.40000001
v 5.66701317 5.25893354 0.40000001
v 5.67577076 5.27069330 0.40000001
v 5.68563461 5.28154230 0.40000001
v 5.69651031 5.29137611 0.40000001
v 5.70829439 5.30010128 0.40000001
v 5.72087383 5.30763388 0.40000001
v 5.73412895 5.31390238 0.40000001
v 5.73903751 5.31566095 0.40000001
v 5.87915468 5.41317558 0.40000001
v 5.74090004 5.32083368 0.40000001
v 5.74719858 5.33409214 0.40000001
v 5.75476265 5.34667206 0.40000001
v 5.76352072 5.35845232 0.40000001
v 5.77338791 5.36931992 0.40000001
v 5.78427029 5.37917089 0.40000001
v 5.91889620 5.41323376 0.40000001
v 5.79606342 5.38791132 0.40000001
v 5.82192230 5.40173626 0.40000001
v 5.80865383 5.39545727 0.40000001
v 5.83574057 5.40668869 0.40000001
v 5.84997654 5.41026640 0.40000001
v 5.86449432 5.41243553 0.40000001
v 5.93051147 5.43440866 0.40000001
v 5.92296934 5.42183256 0.40000001
v 5.93924570 5.44618845 0.40000001
v 5.94908810 5.45705891 0.40000001
v 5.95994520 5.46691656 0.40000001
v 5.97171259 5.47566700 0.40000001
v 5.98427868 5.48322630 0.40000001
v 5.99752235 5.48952293 0.40000001
v 6.00278234 5.49141884 0.40000001
v 6.19476986 5.69874811 0.40000001
v 6.21340942 5.72136211 0.40000001
v 6.20353603 5.71051168 0.40000001
v 6.22429562 5.73119640 0.40000001
v 6.23609066 5.73992014 0.40000001
v 6.17893028 5.66754246 0.40000001
v 6.31915617 5.76510477 0.40000001
v 6.18088245 5.67294168 0.40000001
v 6.18719435 5.68618488 0.40000001
v 6.24868155 5.74745035 0.40000001
v 6.26194763 5.75371408 0.40000001
v 6.27576208 5.75865221 0.40000001
v 6.28999281 5.76221704 0.40000001
v 6.30450392 5.76437473 0.40000001
v 6.35869408 5.76513815 0.40000001
v 6.46450663 4.86330462 0.40000001
v 6.47774410 4.86960983 0.40000001
v 6.49030304 4.87717724 0.40000001
v 6.50206327 4.88593483 0.40000001
v 6.51291180 4.89579868 0.40000001
v 6.52274561 4.90667439 0.40000001
v 6.53147078 4.91845846 0.40000001
v 6.53900337 4.93103838 0.40000001
v 6.58260775 4.93948221 0.40000001
v 6.59726429 4.94021654 0.40000001
v 6.61177921 4.94237995 0.40000001
v 6.62601328 4.94595146 0.40000001
v 6.63983011 4.95089626 0.40000001
v 6.65309763 4.95716810 0.40000001
v 6.72277975 5.03701448 0.40000001
v 6.66568899 4.96470642 0.40000001
v 6.67748308 4.97343874 0.40000001
v 6.68836784 4.98328161 0.40000001
v 6.69823837 4.99414158 0.40000001
v 6.70700073 5.00591373 0.40000001
v 6.71457052 5.01848555 0.40000001
v 6.72087574 5.03173733 0.40000001
v 7.04844713 5.04147482 0.40000001
v 6.81068230 5.12513018 0.40000001
v 6.72759104 5.03873491 0.40000001
v 6.74084711 5.04499388 0.40000001
v 6.75342846 5.05251741 0.40000001
v 6.89886808 5.21311665 0.40000001
v 6.76521587 5.06123304 0.40000001
v 6.77609587 5.07105780 0.40000001
v 6.78596497 5.08189726 0.40000001
v 6.79472876 5.09364843 0.40000001
v 6.80230379 5.10619926 0.40000001
v 6.80861759 5.11942911 0.40000001
v 6.81632662 5.12716961 0.40000001
v 6.82956409 5.13347483 0.40000001
v 6.84212303 5.14104223 0.40000001
v 6.85388279 5.14979982 0.40000001
v 6.86473179 5.15966368 0.40000001
v 6.87456560 5.17053938 0.40000001
v 6.88329077 5.18232346 0.40000001
v 6.89082336 5.19490337 0.40000001
v 6.89709187 5.20815802 0.40000001
v 6.00455856 5.49637699 0.40000001
v 6.01082706 5.50963211 0.40000001
v 6.01836014 5.52221203 0.40000001
v 6.02708530 5.53399611 0.40000001
v 6.03691864 5.54487181 0.40000001
v 6.04776764 5.55473566 0.40000001
v 6.05952740 5.56349325 0.40000001
v 6.07208633 5.57106066 0.40000001
v 6.08532429 5.57736588 0.40000001
v 6.09096813 5.57940531 0.40000001
v 6.09303284 5.58510590 0.40000001
v 6.09934664 5.59833622 0.40000001
v 6.10692167 5.61088657 0.40000001
v 6.11568546 5.62263823 0.40000001
v 6.12555456 5.63347769 0.40000001
v 6.13643456 5.64330244 0.40000001
v 6.14822197 5.65201807 0.40000001
v 6.90412807 5.21501255 0.40000001
v 6.91737223 5.22130871 0.40000001
v 6.94170570 5.23761892 0.40000001
v 6.96051407 5.25625801 0.40000001
v 6.92993784 5.22886848 0.40000001
v 6.95256233 5.24747658 0.40000001
v 6.99428606 5.08305407 0.40000001
v 6.98559093 5.09484720 0.40000001
v 6.97808743 5.10743284 0.40000001
v 6.97184801 5.12069035 0.40000001
v 7.03917599 5.04591751 0.40000001
v 7.00409079 5.07216549 0.40000001
v 7.01491070 5.06228542 0.40000001
v 7.02664328 5.05350780 0.40000001
v 6.96693182 5.13449287 0.40000001
v 6.96338558 5.14870977 0.40000001
v 6.96124315 5.16320467 0.40000001
v 6.96052551 5.17783928 0.40000001
v 1.60511351 5.93111134 0.40000001
v 1.61342192 5.94991493 0.40000001
v 1.60711670 5.93666315 0.40000001
v 1.62099171 5.96248674 0.40000001
v 1.62975407 5.97425890 0.40000001
v 1.65050936 5.99496174 0.40000001
v 1.63962460 5.98511839 0.40000001
v 1.67489481 6.01123238 0.40000001
v 1.66230345 6.00369406 0.40000001
v 1.68816233 6.01750374 0.40000001
v 0.60936213 5.15011740 0.40000001
v 0.62019062 5.15999651 0.40000001
v 0.63000298 5.17088556 0.40000001
v 0.63870573 5.18268013 0.40000001
v 0.64621544 5.19526768 0.40000001
v 0.65246105 5.20852852 0.40000001
v 0.65738249 5.22233534 0.40000001
v 0.66093254 5.23655653 0.40000001
v 0.66307831 5.25105667 0.40000001
v 0.66379786 5.26569653 0.40000001
v 0.66383076 5.39315748 0.40000001
v 0.67288303 5.39747953 0.40000001
v 0.68543673 5.40505981 0.40000001
v 0.69719028 5.41382980 0.40000001
v 0.70803165 5.42370605 0.40000001
v 0.71785641 5.43459320 0.40000001
v 0.72657108 5.44638824 0.40000001
v 0.73409224 5.45897770 0.40000001
v 0.74034834 5.47224140 0.40000001
v 0.74527931 5.48605251 0.40000001
v 0.74883795 5.50027895 0.40000001
v 0.75099039 5.51478529 0.40000001
v 0.75171614 5.52943230 0.40000001
v 0.75173950 5.56895208 0.40000001
v 0.76057196 5.57315445 0.40000001
v 0.77314377 5.58072424 0.40000001
v 0.78491592 5.58948660 0.40000001
v 0.79577541 5.59935713 0.40000001
v 0.80561876 5.61024189 0.40000001
v 0.81435108 5.62203598 0.40000001
v 0.82188940 5.63462734 0.40000001
v 0.82816076 5.64789486 0.40000001
v 0.83310604 5.66171169 0.40000001
v 0.83667707 5.67594576 0.40000001
v 0.83884048 5.69046068 0.40000001
v 0.83957529 5.70511723 0.40000001
v 0.83962107 5.74504280 0.40000001
v 0.84903812 5.74955559 0.40000001
v 0.86157084 5.75714540 0.40000001
v 0.87330294 5.76592207 0.40000001
v 0.88412285 5.77580118 0.40000001
v 0.89392710 5.78668880 0.40000001
v 0.90262270 5.79848146 0.40000001
v 0.91012621 5.81106567 0.40000001
v 0.91636610 5.82432222 0.40000001
v 0.92128325 5.83812428 0.40000001
v 0.92482996 5.85233974 0.40000001
v 0.92697334 5.86683416 0.40000001
v 0.92769194 5.88146782 0.40000001
v 0.92770100 5.92094803 0.40000001
v 0.93687391 5.92533541 0.40000001
v 0.94941711 5.93292046 0.40000001
v 0.96116066 5.94169426 0.40000001
v 0.97199106 5.95157194 0.40000001
v 0.98180628 5.96246004 0.40000001
v 0.99051142 5.97425365 0.40000001
v 0.99802399 5.98684120 0.40000001
v 1.00427198 6.00010157 0.40000001
v 1.00919580 6.01390839 0.40000001
v 1.01274824 6.02813053 0.40000001
v 1.01489592 6.04263067 0.40000001
v 1.01561785 6.05727196 0.40000001
v 1.01563311 6.09660959 0.40000001
v 1.02377415 6.10045385 0.40000001
v 1.03635597 6.10797691 0.40000001
v 1.04814291 6.11669254 0.40000001
v 1.05902290 6.12651730 0.40000001
v 1.06889200 6.13735676 0.40000001
v 1.07765627 6.14910793 0.40000001
v 1.08523083 6.16165876 0.40000001
v 1.09154463 6.17488909 0.40000001
v 1.09358835 6.18053102 0.40000001
v 1.09914017 6.18253374 0.40000001
v 1.11239147 6.18883896 0.40000001
v 1.12496376 6.19640875 0.40000001
v 1.13673592 6.20517111 0.40000001
v 1.14759541 6.21504164 0.40000001
v 1.15743876 6.22592640 0.40000001
v 1.16617107 6.23772097 0.40000001
v 1.17370892 6.25031185 0.40000001
v 1.17998075 6.26357937 0.40000001
v 1.18492603 6.27739620 0.40000001
v 1.18849707 6.29163027 0.40000001
v 1.19066048 6.30614519 0.40000001
v 1.19139528 6.32080221 0.40000001
v 1.19144058 6.36047745 0.40000001
v 1.20014811 6.36460972 0.40000001
v 1.21271944 6.37216043 0.40000001
v 1.22449398 6.38090277 0.40000001
v 1.23535824 6.39075327 0.40000001
v 1.24520874 6.40161753 0.40000001
v 1.25395107 6.41339207 0.40000001
v 1.26150227 6.42596340 0.40000001
v 1.26778936 6.43921280 0.40000001
v 1.26964331 6.44436646 0.40000001
v 1.27469635 6.44618034 0.40000001
v 1.28794909 6.45245838 0.40000001
v 1.30052519 6.46000051 0.40000001
v 1.31230497 6.46873426 0.40000001
v 1.32317591 6.47857666 0.40000001
v 1.33303308 6.48943377 0.40000001
v 1.34178352 6.50120163 0.40000001
v 1.34934330 6.51376724 0.40000001
v 1.35563946 6.52701139 0.40000001
v 1.35753536 6.53227139 0.40000001
v 1.36249399 6.53404713 0.40000001
v 1.37574863 6.54031610 0.40000001
v 1.38832855 6.54784870 0.40000001
v 1.40011263 6.55657387 0.40000001
v 1.41098833 6.56640768 0.40000001
v 1.42085218 6.57725620 0.40000001
v 1.42960978 6.58901644 0.40000001
v 1.43717718 6.60157537 0.40000001
v 1.44348240 6.61481285 0.40000001
v 1.44552183 6.62045717 0.40000001
v 1.45122290 6.62252188 0.40000001
v 1.46445274 6.62883568 0.40000001
v 1.47700357 6.63641071 0.40000001
v 1.48875475 6.64517450 0.40000001
v 1.49959421 6.65504360 0.40000001
v 1.50941896 6.66592360 0.40000001
v 1.51813459 6.67771053 0.40000001
v 1.52565813 6.69029236 0.40000001
v 1.53191710 6.70354843 0.40000001
v 1.53363752 6.70835876 0.40000001
v 1.53887510 6.71024704 0.40000001
v 1.55211926 6.71654320 0.40000001
v 1.56468487 6.72410297 0.40000001
v 1.57645273 6.73285294 0.40000001
v 1.58730936 6.74271059 0.40000001
v 1.59715223 6.75358152 0.40000001
v 1.60588598 6.76536131 0.40000001
v 1.61342812 6.77793741 0.40000001
v 1.61970615 6.79119015 0.40000001
v 1.62148523 6.79614735 0.40000001
v 1.62620306 6.79783392 0.40000001
v 1.63945913 6.80409336 0.40000001
v 1.65204048 6.81161690 0.40000001
v 1.66382790 6.82033253 0.40000001
v 1.67470789 6.83015680 0.40000001
v 1.68457699 6.84099674 0.40000001
v 1.69334078 6.85274792 0.40000001
v 1.70091581 6.86529827 0.40000001
v 1.70722961 6.87852859 0.40000001
v 1.70927286 6.88416958 0.40000001
v 1.71478510 6.88615704 0.40000001
v 1.72802877 6.89245319 0.40000001
v 1.74059486 6.90001297 0.40000001
v 1.75236225 6.90876293 0.40000001
v 1.76321936 6.91862059 0.40000001
v 1.77306175 6.92949104 0.40000001
v 1.78179598 6.94127083 0.40000001
v 1.78933811 6.95384741 0.40000001
v 1.79337120 6.96236134 0.40000001
v 1.83292627 6.96239471 0.40000001
v 1.84757853 6.96312475 0.40000001
v 1.86208963 6.96528244 0.40000001
v 1.87632036 6.96884727 0.40000001
v 1.89013481 6.97378540 0.40000001
v 1.90340090 6.98004913 0.40000001
v 1.91599178 6.98757935 0.40000001
v 1.92778635 6.99630308 0.40000001
v 1.93867302 7.00613737 0.40000001
v 1.94854641 7.01698780 0.40000001
v 1.95731258 7.02875137 0.40000001
v 1.96488810 7.04131460 0.40000001
v 1.97119999 7.05455828 0.40000001
v 1.97895241 7.06229687 0.40000001
v 1.99218273 7.06861019 0.40000001
v 1.97325087 7.06023169 0.40000001
v 2.00473309 7.07618523 0.40000001
v 2.01648426 7.08494949 0.40000001
v 2.02732420 7.09481812 0.40000001
v 2.03714848 7.10569859 0.40000001
v 2.04586411 7.11748552 0.40000001
v 2.05338764 7.13006735 0.40000001
v 2.05730152 7.13835573 0.40000001
v 2.09701777 7.13841438 0.40000001
v 2.11167812 7.13915396 0.40000001
v 2.12619543 7.14132309 0.40000001
v 2.14043188 7.14490128 0.40000001
v 2.15425014 7.14985323 0.40000001
v 2.16751814 7.15613222 0.40000001
v 2.18010902 7.16367817 0.40000001
v 2.19190216 7.17241859 0.40000001
v 2.20278454 7.18227005 0.40000001
v 1.71621323 6.02602005 0.40000001
v 1.70197916 6.02244902 0.40000001
v 1.73072815 6.02818346 0.40000001
v 1.74538469 6.02891827 0.40000001
v 1.78908587 6.03751707 0.40000001
v 1.79662800 6.05009365 0.40000001
v 1.80536222 6.06187296 0.40000001
v 1.81520462 6.07274389 0.40000001
v 1.82606173 6.08260155 0.40000001
v 1.83782911 6.09135151 0.40000001
v 1.86363888 6.10520744 0.40000001
v 1.85039520 6.09891129 0.40000001
v 1.87685633 6.12516212 0.40000001
v 1.87059689 6.11190605 0.40000001
v 1.88437986 6.13774395 0.40000001
v 1.90291977 6.16041088 0.40000001
v 1.89309549 6.14953089 0.40000001
v 2.41795349 5.56654263 0.40000001
v 2.43120861 5.57281113 0.40000001
v 1.95699215 6.19499779 0.40000001
v 2.44378805 5.58034420 0.40000001
v 2.45557213 5.58906937 0.40000001
v 2.46644783 5.59890318 0.40000001
v 2.47631168 5.60975170 0.40000001
v 1.92551088 6.17904425 0.40000001
v 1.91375971 6.17027998 0.40000001
v 1.95129156 6.19293261 0.40000001
v 1.93806124 6.18661928 0.40000001
v 2.50098133 5.65295219 0.40000001
v 1.95903158 6.20064163 0.40000001
v 1.96533680 6.21387959 0.40000001
v 1.98166180 6.23819828 0.40000001
v 1.97290421 6.22643805 0.40000001
v 1.99152565 6.24904680 0.40000001
v 2.01418591 6.26760578 0.40000001
v 2.00240183 6.25888062 0.40000001
v 2.04002047 6.28140736 0.40000001
v 2.02676535 6.27513838 0.40000001
v 2.04497957 6.28318357 0.40000001
v 2.58909702 5.74085426 0.40000001
v 2.04689121 6.28848314 0.40000001
v 2.05319643 6.30173445 0.40000001
v 2.06952858 6.32607889 0.40000001
v 2.06076670 6.31430674 0.40000001
v 2.07939959 6.33693838 0.40000001
v 2.10207844 6.35551405 0.40000001
v 2.09028387 6.34678173 0.40000001
v 2.11466932 6.36305189 0.40000001
v 2.14175415 6.37426853 0.40000001
v 2.12793684 6.36932373 0.40000001
v 2.15598774 6.37784004 0.40000001
v 2.48506927 5.62151194 0.40000001
v 2.49263668 5.63407040 0.40000001
v 2.49894190 5.64730835 0.40000001
v 2.50668240 5.65501690 0.40000001
v 2.51991224 5.66133070 0.40000001
v 2.53246307 5.66890574 0.40000001
v 2.54421425 5.67766953 0.40000001
v 2.55505371 5.68753910 0.40000001
v 2.56487846 5.69841909 0.40000001
v 2.57359409 5.71020603 0.40000001
v 2.58111763 5.72278786 0.40000001
v 2.58737707 5.73604345 0.40000001
v 2.59433460 5.74274254 0.40000001
v 2.60757875 5.74903870 0.40000001
v 2.22479153 6.38078308 0.40000001
v 2.62014437 5.75659800 0.40000001
v 2.63191223 5.76534843 0.40000001
v 2.64276934 5.77520609 0.40000001
v 2.65261173 5.78607655 0.40000001
v 2.66134548 5.79785633 0.40000001
v 2.66888762 5.81043291 0.40000001
v 2.67293978 5.81898642 0.40000001
v 2.71258926 5.81903172 0.40000001
v 2.30863047 6.45885563 0.40000001
v 2.72724581 5.81976652 0.40000001
v 2.74176073 5.82192945 0.40000001
v 2.75599480 5.82550097 0.40000001
v 2.76981163 5.83044624 0.40000001
v 2.78307915 5.83671761 0.40000001
v 2.79567051 5.84425592 0.40000001
v 2.80746460 5.85298824 0.40000001
v 2.81834936 5.86283159 0.40000001
v 2.82821989 5.87369108 0.40000001
v 2.83698225 5.88546324 0.40000001
v 2.84455204 5.89803505 0.40000001
v 2.85085726 5.91128683 0.40000001
v 2.85276890 5.91658640 0.40000001
v 2.18515968 6.38073826 0.40000001
v 2.17050266 6.38000345 0.40000001
v 2.22876358 6.38918209 0.40000001
v 2.23629665 6.40176153 0.40000001
v 2.24502134 6.41354561 0.40000001
v 2.25485516 6.42442131 0.40000001
v 2.26570415 6.43428516 0.40000001
v 2.29002285 6.45061016 0.40000001
v 2.27746391 6.44304276 0.40000001
v 2.30326033 6.45691538 0.40000001
v 2.31037188 6.46372604 0.40000001
v 2.31663132 6.47698212 0.40000001
v 2.32415438 6.48956347 0.40000001
v 2.33287001 6.50135088 0.40000001
v 2.35353422 6.52209997 0.40000001
v 2.34269476 6.51223087 0.40000001
v 2.37783623 6.53843880 0.40000001
v 2.36528540 6.53086376 0.40000001
v 2.85772848 5.91836262 0.40000001
v 2.39683533 6.54684210 0.40000001
v 2.87098312 5.92463112 0.40000001
v 2.88356304 5.93216419 0.40000001
v 2.89534712 5.94088888 0.40000001
v 2.90622282 5.95072317 0.40000001
v 2.91608667 5.96157169 0.40000001
v 2.92484426 5.97333145 0.40000001
v 2.93241167 5.98589039 0.40000001
v 2.93871689 5.99912786 0.40000001
v 2.94075632 6.00477219 0.40000001
v 2.39106607 6.54475260 0.40000001
v 2.40525150 6.56586552 0.40000001
v 2.39893293 6.55263138 0.40000001
v 2.41283178 6.57841969 0.40000001
v 2.42160225 6.59017324 0.40000001
v 2.43147802 6.60101414 0.40000001
v 2.44236565 6.61083889 0.40000001
v 2.46674967 6.62707520 0.40000001
v 2.45416021 6.61955357 0.40000001
v 2.48001337 6.63333130 0.40000001
v 2.50805140 6.64182091 0.40000001
v 2.49382448 6.63826180 0.40000001
v 2.52255726 6.64397335 0.40000001
v 2.53720474 6.64469862 0.40000001
v 2.57666397 6.64472246 0.40000001
v 2.58068085 6.65320206 0.40000001
v 3.11271429 6.17080641 0.40000001
v 2.58822298 6.66577816 0.40000001
v 2.94645691 6.00683689 0.40000001
v 2.95968723 6.01315069 0.40000001
v 2.97223806 6.02072573 0.40000001
v 2.98398924 6.02948952 0.40000001
v 2.99482870 6.03935862 0.40000001
v 3.00465345 6.05023909 0.40000001
v 3.01336908 6.06202602 0.40000001
v 3.02089214 6.07460785 0.40000001
v 3.02715158 6.08786345 0.40000001
v 3.02887154 6.09267426 0.40000001
v 3.03410959 6.09456205 0.40000001
v 3.04735374 6.10085869 0.40000001
v 3.05991936 6.10841799 0.40000001
v 3.07168722 6.11716843 0.40000001
v 3.08254385 6.12702608 0.40000001
v 3.09238672 6.13789654 0.40000001
v 3.10112047 6.14967632 0.40000001
v 3.10866261 6.16225243 0.40000001
v 2.74858713 6.81068230 0.40000001
v 3.15236378 6.17085171 0.40000001
v 3.16702080 6.17158604 0.40000001
v 3.18153572 6.17374945 0.40000001
v 3.19576931 6.17732096 0.40000001
v 3.20958662 6.18226624 0.40000001
v 3.22285414 6.18853760 0.40000001
v 3.23544502 6.19607592 0.40000001
v 3.24723959 6.20480824 0.40000001
v 3.25812387 6.21465111 0.40000001
v 3.26799488 6.22551060 0.40000001
v 3.27675676 6.23728323 0.40000001
v 3.28432703 6.24985504 0.40000001
v 3.29063225 6.26310682 0.40000001
v 3.29254389 6.26840591 0.40000001
v 2.59695673 6.67755795 0.40000001
v 2.60679913 6.68842840 0.40000001
v 2.61765623 6.69828606 0.40000001
v 2.62942410 6.70703650 0.40000001
v 2.64198971 6.71459579 0.40000001
v 2.65523386 6.72089243 0.40000001
v 2.66047144 6.72278023 0.40000001
v 2.66219139 6.72759104 0.40000001
v 2.66845083 6.74084711 0.40000001
v 2.67597437 6.75342846 0.40000001
v 2.68469000 6.76521587 0.40000001
v 2.69451475 6.77609587 0.40000001
v 2.70535421 6.78596497 0.40000001
v 2.71710539 6.79472876 0.40000001
v 2.72965622 6.80230379 0.40000001
v 2.74288607 6.80861759 0.40000001
v 2.75062656 6.81632662 0.40000001
v 2.75693178 6.82956409 0.40000001
v 2.76449919 6.84212303 0.40000001
v 2.77325678 6.85388279 0.40000001
v 2.78312063 6.86473179 0.40000001
v 2.79399633 6.87456560 0.40000001
v 2.80578041 6.88329029 0.40000001
v 2.81835985 6.89082336 0.40000001
v 2.83161497 6.89709187 0.40000001
v 2.83657408 6.89886856 0.40000001
v 3.29750299 6.27018261 0.40000001
v 3.31075811 6.27645111 0.40000001
v 3.32333755 6.28398418 0.40000001
v 3.33512163 6.29270887 0.40000001
v 3.34599781 6.30254269 0.40000001
v 3.35586166 6.31339169 0.40000001
v 3.36461926 6.32515144 0.40000001
v 3.37218666 6.33771038 0.40000001
v 3.37849164 6.35094786 0.40000001
v 3.38053107 6.35659218 0.40000001
v 2.83848619 6.90416765 0.40000001
v 2.84479141 6.91741943 0.40000001
v 2.85236120 6.92999125 0.40000001
v 2.86112356 6.94176340 0.40000001
v 2.87099409 6.95262337 0.40000001
v 2.88187885 6.96246624 0.40000001
v 2.89367294 6.97119856 0.40000001
v 2.90626431 6.97873688 0.40000001
v 2.91953182 6.98500824 0.40000001
v 2.93334866 6.98995352 0.40000001
v 2.94758272 6.99352503 0.40000001
v 2.96209764 6.99568844 0.40000001
v 2.97675419 6.99642277 0.40000001
v 3.01638651 6.99646807 0.40000001
v 3.55248928 6.52262592 0.40000001
v 3.02035809 7.00486660 0.40000001
v 3.02789116 7.01744652 0.40000001
v 3.03661633 7.02923012 0.40000001
v 3.04645014 7.04010630 0.40000001
v 3.05729866 7.04997015 0.40000001
v 3.38623190 6.35865688 0.40000001
v 3.39946198 6.36497068 0.40000001
v 3.41201258 6.37254572 0.40000001
v 3.42376399 6.38130951 0.40000001
v 3.43460369 6.39117861 0.40000001
v 3.44442821 6.40205860 0.40000001
v 3.45314384 6.41384602 0.40000001
v 3.46066713 6.42642736 0.40000001
v 3.46692657 6.43968344 0.40000001
v 3.47388434 6.44638205 0.40000001
v 3.48712826 6.45267868 0.40000001
v 3.46864653 6.44449425 0.40000001
v 3.49969411 6.46023798 0.40000001
v 3.51146173 6.46898842 0.40000001
v 3.52231884 6.47884560 0.40000001
v 3.53216124 6.48971653 0.40000001
v 3.54089546 6.50149632 0.40000001
v 3.54843736 6.51407242 0.40000001
v 3.59213877 6.52267170 0.40000001
v 3.18842983 7.16252708 0.40000001
v 3.60679555 6.52340603 0.40000001
v 3.62131047 6.52556944 0.40000001
v 3.63554430 6.52914095 0.40000001
v 3.64936113 6.53408575 0.40000001
v 3.66262889 6.54035759 0.40000001
v 3.67522001 6.54789543 0.40000001
v 3.68701434 6.55662823 0.40000001
v 3.69789886 6.56647110 0.40000001
v 3.70776963 6.57733059 0.40000001
v 3.71653175 6.58910275 0.40000001
v 3.72410178 6.60167503 0.40000001
v 3.73040700 6.61492634 0.40000001
v 3.73231888 6.62022591 0.40000001
v 3.06905890 7.05872774 0.40000001
v 3.08161736 7.06629515 0.40000001
v 3.10022497 7.07454062 0.40000001
v 3.10196638 7.07941103 0.40000001
v 3.09485531 7.07260036 0.40000001
v 3.10822582 7.09266663 0.40000001
v 3.12446499 7.11703539 0.40000001
v 3.11574936 7.10524845 0.40000001
v 3.13428926 7.12791538 0.40000001
v 3.14512920 7.13778496 0.40000001
v 3.15688038 7.14654875 0.40000001
v 3.16943073 7.15412378 0.40000001
v 3.18266106 7.16043758 0.40000001
v 3.19684601 7.18155050 0.40000001
v 3.19052792 7.16831636 0.40000001
v 3.20442677 7.19410419 0.40000001
v 3.21319675 7.20585775 0.40000001
v 3.22307253 7.21669865 0.40000001
v 3.23396015 7.22652388 0.40000001
v 3.24575472 7.23523855 0.40000001
v 3.25834417 7.24275970 0.40000001
v 3.27160788 7.24901581 0.40000001
v 3.29964590 7.25750542 0.40000001
v 3.28541946 7.25394678 0.40000001
v 3.31415224 7.25965786 0.40000001
v 3.73727798 6.62200212 0.40000001
v 3.36825848 7.26040745 0.40000001
v 3.75053287 6.62827110 0.40000001
v 3.76311255 6.63580370 0.40000001
v 3.77489662 6.64452887 0.40000001
v 3.78577256 6.65436268 0.40000001
v 3.79563642 6.66521168 0.40000001
v 3.80439377 6.67697144 0.40000001
v 3.81196141 6.68953037 0.40000001
v 3.82030582 6.70841217 0.40000001
v 3.82600689 6.71047688 0.40000001
v 3.81826663 6.70276785 0.40000001
v 3.83923697 6.71679020 0.40000001
v 3.85178757 6.72436523 0.40000001
v 3.32879925 7.26038361 0.40000001
v 3.37227535 7.26888657 0.40000001
v 3.90842152 6.79631376 0.40000001
v 3.37981749 7.28146267 0.40000001
v 3.38855147 7.29324245 0.40000001
v 3.39839411 7.30411339 0.40000001
v 3.40925097 7.31397104 0.40000001
v 3.42101860 7.32272148 0.40000001
v 3.43358445 7.33028078 0.40000001
v 3.44682837 7.33657694 0.40000001
v 3.45206618 7.33846521 0.40000001
v 3.45378637 7.34327602 0.40000001
v 3.99226427 6.87444592 0.40000001
v 3.46004558 7.35653162 0.40000001
v 3.46756911 7.36911345 0.40000001
v 3.47628474 7.38090038 0.40000001
v 3.48610926 7.39178038 0.40000001
v 3.49694896 7.40164948 0.40000001
v 3.50870013 7.41041374 0.40000001
v 3.52125072 7.41798878 0.40000001
v 3.53448081 7.42430210 0.40000001
v 2.21265173 7.19313765 0.40000001
v 2.22140980 7.20491791 0.40000001
v 2.22897387 7.21749735 0.40000001
v 2.23527288 7.23075628 0.40000001
v 2.23722601 7.23618126 0.40000001
v 2.24281740 7.23820639 0.40000001
v 2.25604773 7.24452019 0.40000001
v 2.26859808 7.25209522 0.40000001
v 2.28034925 7.26085901 0.40000001
v 2.29118919 7.27072811 0.40000001
v 2.30101347 7.28160858 0.40000001
v 2.30972910 7.29339552 0.40000001
v 2.31725264 7.30597687 0.40000001
v 2.32108831 7.31410027 0.40000001
v 2.44836998 7.31413364 0.40000001
v 2.46301222 7.31485367 0.40000001
v 2.47751427 7.31699944 0.40000001
v 2.49173737 7.32055092 0.40000001
v 2.50554609 7.32547379 0.40000001
v 2.51880836 7.33172131 0.40000001
v 2.53139734 7.33923340 0.40000001
v 2.54319286 7.34793854 0.40000001
v 2.55408239 7.35775328 0.40000001
v 2.56396151 7.36858463 0.40000001
v 2.57273674 7.38032818 0.40000001
v 2.58032322 7.39287233 0.40000001
v 2.58479452 7.40222025 0.40000001
v 2.62474728 7.40227890 0.40000001
v 2.63940763 7.40301895 0.40000001
v 2.65392542 7.40518808 0.40000001
v 2.66816187 7.40876579 0.40000001
v 2.68198013 7.41371822 0.40000001
v 2.69524813 7.41999722 0.40000001
v 2.70783901 7.42754316 0.40000001
v 2.71963215 7.43628359 0.40000001
v 2.73051453 7.44613457 0.40000001
v 2.74038172 7.45700264 0.40000001
v 2.74913931 7.46878242 0.40000001
v 2.75670385 7.48136234 0.40000001
v 2.76082134 7.49002934 0.40000001
v 2.88824415 7.49008036 0.40000001
v 2.90289307 7.49080324 0.40000001
v 2.91740131 7.49295330 0.40000001
v 2.93163061 7.49651003 0.40000001
v 2.94544411 7.50143909 0.40000001
v 2.95871067 7.50769424 0.40000001
v 2.97130251 7.51521492 0.40000001
v 2.98309994 7.52392960 0.40000001
v 2.99398994 7.53375435 0.40000001
v 3.00386810 7.54459572 0.40000001
v 3.01264000 7.55635023 0.40000001
v 3.02022266 7.56890535 0.40000001
v 3.02453470 7.57793570 0.40000001
v 3.32772207 7.57794809 0.40000001
v 3.34234905 7.57866383 0.40000001
v 3.35683632 7.58080196 0.40000001
v 3.37104654 7.58434296 0.40000001
v 3.38484335 7.58925247 0.40000001
v 3.39809585 7.59548426 0.40000001
v 3.41067719 7.60297871 0.40000001
v 3.42246819 7.61166382 0.40000001
v 3.43335581 7.62145758 0.40000001
v 3.44323659 7.63226652 0.40000001
v 3.45201635 7.64398718 0.40000001
v 3.45961118 7.65650845 0.40000001
v 3.46411276 7.66588545 0.40000001
v 3.98796034 5.77365208 0.40000001
v 4.01407909 5.80887890 0.40000001
v 3.99550223 5.78622866 0.40000001
v 4.00423622 5.79800844 0.40000001
v 4.02493572 5.81873655 0.40000001
v 4.03670311 5.82748699 0.40000001
v 4.04926920 5.83504629 0.40000001
v 4.06251335 5.84134245 0.40000001
v 4.06947136 5.84804153 0.40000001
v 4.08325386 5.87387896 0.40000001
v 4.07573032 5.86129713 0.40000001
v 4.09196949 5.88566589 0.40000001
v 4.10179424 5.89654589 0.40000001
v 4.15586662 5.93113279 0.40000001
v 4.11263371 5.90641546 0.40000001
v 4.12438488 5.91517925 0.40000001
v 4.13693523 5.92275429 0.40000001
v 4.15016556 5.92906809 0.40000001
v 4.16421127 5.95001459 0.40000001
v 4.15790558 5.93677664 0.40000001
v 4.17177868 5.96257305 0.40000001
v 4.18053627 5.97433329 0.40000001
v 4.19040012 5.98518181 0.40000001
v 4.20127583 5.99501562 0.40000001
v 4.21305990 6.00374079 0.40000001
v 4.22563934 6.01127386 0.40000001
v 4.23889446 6.01754236 0.40000001
v 4.24385357 6.01931858 0.40000001
v 4.25964069 6.05044174 0.40000001
v 4.27827358 6.07307339 0.40000001
v 4.26840305 6.06221390 0.40000001
v 4.38403368 6.11687326 0.40000001
v 4.24576569 6.02461815 0.40000001
v 4.25207043 6.03786945 0.40000001
v 4.28915787 6.08291674 0.40000001
v 4.30095243 6.09164906 0.40000001
v 4.31354332 6.09918690 0.40000001
v 4.32681131 6.10545874 0.40000001
v 4.34062815 6.11040401 0.40000001
v 4.35486221 6.11397505 0.40000001
v 4.36937714 6.11613846 0.40000001
v 4.43517065 6.13789654 0.40000001
v 4.42763805 6.12531710 0.40000001
v 4.44389534 6.14968061 0.40000001
v 4.45372963 6.16055679 0.40000001
v 4.46457815 6.17042065 0.40000001
v 4.47633839 6.17917776 0.40000001
v 4.48889732 6.18674564 0.40000001
v 4.50213432 6.19305038 0.40000001
v 4.50750446 6.19499063 0.40000001
v 4.51550531 6.21311712 0.40000001
v 4.53174400 6.23748589 0.40000001
v 4.52302837 6.22569895 0.40000001
v 4.54156876 6.24836588 0.40000001
v 4.55240822 6.25823498 0.40000001
v 4.59570980 6.28297710 0.40000001
v 4.50924587 6.19986105 0.40000001
v 4.56415987 6.26699924 0.40000001
v 4.77553797 6.38085747 0.40000001
v 4.57671070 6.27457428 0.40000001
v 4.58994055 6.28088760 0.40000001
v 4.60412550 6.30200052 0.40000001
v 4.59780693 6.28876638 0.40000001
v 4.61170578 6.31455469 0.40000001
v 3.86353874 6.73312950 0.40000001
v 3.87437844 6.74299860 0.40000001
v 3.88420296 6.75387859 0.40000001
v 3.89291859 6.76566601 0.40000001
v 3.90044212 6.77824736 0.40000001
v 3.90670133 6.79150343 0.40000001
v 3.91365933 6.79820204 0.40000001
v 3.92690325 6.80449820 0.40000001
v 3.93946910 6.81205750 0.40000001
v 3.95123672 6.82080841 0.40000001
v 3.96209359 6.83066559 0.40000001
v 3.97193623 6.84153652 0.40000001
v 3.98067021 6.85331631 0.40000001
v 3.98821211 6.86589241 0.40000001
v 3.62816882 7.51455307 0.40000001
v 4.03191376 6.87449121 0.40000001
v 4.04657030 6.87522602 0.40000001
v 4.06108522 6.87738943 0.40000001
v 4.07531929 6.88096046 0.40000001
v 4.08913612 6.88590574 0.40000001
v 4.10240364 6.89217758 0.40000001
v 4.11499500 6.89971542 0.40000001
v 4.12678909 6.90844774 0.40000001
v 4.13767338 6.91829109 0.40000001
v 4.14754438 6.92915058 0.40000001
v 4.15630627 6.94092274 0.40000001
v 4.16387653 6.95349503 0.40000001
v 4.17018175 6.96674633 0.40000001
v 4.17210484 6.97207785 0.40000001
v 5.22363377 5.81898642 0.40000001
v 4.62047625 6.32630825 0.40000001
v 4.63035202 6.33714914 0.40000001
v 4.64123964 6.34697390 0.40000001
v 4.65303421 6.35568905 0.40000001
v 4.66562366 6.36321020 0.40000001
v 4.67888737 6.36946630 0.40000001
v 4.69269848 6.37439728 0.40000001
v 4.70692539 6.37795591 0.40000001
v 4.72143173 6.38010836 0.40000001
v 4.73607874 6.38083410 0.40000001
v 4.80567360 6.42456341 0.40000001
v 4.77955484 6.38933706 0.40000001
v 4.78709698 6.40191317 0.40000001
v 4.79583073 6.41369295 0.40000001
v 4.81653023 6.43442106 0.40000001
v 4.82829809 6.44317150 0.40000001
v 4.84086418 6.45073128 0.40000001
v 4.85410786 6.45702744 0.40000001
v 4.85934544 6.45891571 0.40000001
v 5.14502907 5.74274254 0.40000001
v 5.15827274 5.74903870 0.40000001
v 5.17083836 5.75659800 0.40000001
v 5.18260622 5.76534843 0.40000001
v 5.19346333 5.77520609 0.40000001
v 5.20330572 5.78607655 0.40000001
v 5.21203995 5.79785633 0.40000001
v 5.21958160 5.81043291 0.40000001
v 5.26328278 5.81903172 0.40000001
v 5.40345526 5.91656399 0.40000001
v 5.27793980 5.81976652 0.40000001
v 5.38767624 5.88546324 0.40000001
v 5.29245472 5.82192945 0.40000001
v 5.30668879 5.82550097 0.40000001
v 5.32050562 5.83044624 0.40000001
v 5.33377314 5.83671761 0.40000001
v 5.34636402 5.84425592 0.40000001
v 5.39524603 5.89803505 0.40000001
v 5.40155125 5.91128683 0.40000001
v 5.35815859 5.85298824 0.40000001
v 5.36904335 5.86283159 0.40000001
v 5.37891388 5.87369108 0.40000001
v 5.49135780 6.00467968 0.40000001
v 5.49700212 6.00671911 0.40000001
v 5.51023960 6.01302433 0.40000001
v 5.52279854 6.02059174 0.40000001
v 5.53455830 6.02934933 0.40000001
v 5.54540730 6.03921318 0.40000001
v 5.55524111 6.05008888 0.40000001
v 5.21526051 6.73260307 0.40000001
v 5.40826654 5.91828442 0.40000001
v 5.42152262 5.92454386 0.40000001
v 5.43410397 5.93206692 0.40000001
v 5.44589138 5.94078255 0.40000001
v 5.45677137 5.95060730 0.40000001
v 5.46664047 5.96144676 0.40000001
v 5.47540426 5.97319841 0.40000001
v 5.48297930 5.98574877 0.40000001
v 5.48929310 5.99897909 0.40000001
v 5.57547092 6.08285141 0.40000001
v 4.86106586 6.46372604 0.40000001
v 4.87484837 6.48956347 0.40000001
v 4.86732483 6.47698212 0.40000001
v 4.88356400 6.50135088 0.40000001
v 4.89338875 6.51223087 0.40000001
v 4.90422821 6.52209997 0.40000001
v 4.94746113 6.54681730 0.40000001
v 4.91597939 6.53086376 0.40000001
v 4.92853022 6.53843880 0.40000001
v 4.94176006 6.54475260 0.40000001
v 5.03048897 6.63322687 0.40000001
v 4.94950056 6.55246162 0.40000001
v 4.95580578 6.56569910 0.40000001
v 4.96337318 6.57825804 0.40000001
v 4.97213078 6.59001780 0.40000001
v 4.98199463 6.60086679 0.40000001
v 5.03544807 6.63500357 0.40000001
v 4.99287033 6.61070061 0.40000001
v 5.00465488 6.61942577 0.40000001
v 5.01723385 6.62695837 0.40000001
v 5.05123520 6.66612625 0.40000001
v 5.06986809 6.68875837 0.40000001
v 5.05999756 6.67789841 0.40000001
v 5.08075285 6.69860125 0.40000001
v 5.17562866 6.73255777 0.40000001
v 5.03736019 6.64030266 0.40000001
v 5.09254742 6.70733356 0.40000001
v 5.04366541 6.65355444 0.40000001
v 5.10513830 6.71487188 0.40000001
v 5.11840582 6.72114372 0.40000001
v 5.13222313 6.72608852 0.40000001
v 5.14645672 6.72966003 0.40000001
v 5.16097164 6.73182344 0.40000001
v 5.21923256 6.74100161 0.40000001
v 5.29909897 6.81067562 0.40000001
v 5.22676563 6.75358152 0.40000001
v 5.23549032 6.76536560 0.40000001
v 5.24532413 6.77624130 0.40000001
v 5.25617313 6.78610516 0.40000001
v 5.26793289 6.79486275 0.40000001
v 5.29372931 6.80873537 0.40000001
v 5.28049183 6.80243015 0.40000001
v 5.93138552 6.35653877 0.40000001
v 5.30710030 6.82880211 0.40000001
v 5.30084038 6.81554604 0.40000001
v 5.31462336 6.84138346 0.40000001
v 5.32333899 6.85317039 0.40000001
v 5.33316326 6.86405087 0.40000001
v 5.34400320 6.87391996 0.40000001
v 5.35575438 6.88268375 0.40000001
v 5.36830521 6.89025879 0.40000001
v 5.38153505 6.89657259 0.40000001
v 5.38730431 6.89866209 0.40000001
v 5.39572048 6.91768551 0.40000001
v 5.38940191 6.90445137 0.40000001
v 5.40330076 6.93023920 0.40000001
v 3.54222107 7.43201113 0.40000001
v 3.54852629 7.44524860 0.40000001
v 3.54018164 7.42636728 0.40000001
v 3.55609369 7.45780754 0.40000001
v 3.56485128 7.46956778 0.40000001
v 3.57471514 7.48041630 0.40000001
v 3.58559108 7.49025011 0.40000001
v 3.59737515 7.49897528 0.40000001
v 3.60995483 7.50650787 0.40000001
v 3.62320971 7.51277685 0.40000001
v 3.63008070 7.51985264 0.40000001
v 3.63638592 7.53310394 0.40000001
v 3.64395595 7.54567623 0.40000001
v 3.65271807 7.55744839 0.40000001
v 3.66258883 7.56830788 0.40000001
v 3.67347336 7.57815123 0.40000001
v 3.68526769 7.58688354 0.40000001
v 3.69785881 7.59442139 0.40000001
v 3.71112633 7.60069323 0.40000001
v 3.72494340 7.60563850 0.40000001
v 3.73917723 7.60920954 0.40000001
v 3.75369215 7.61137295 0.40000001
v 3.76834893 7.61210775 0.40000001
v 3.80797291 7.61215305 0.40000001
v 4.17721033 6.97391033 0.40000001
v 4.19046307 6.98018837 0.40000001
v 4.20303917 6.98773003 0.40000001
v 4.21481895 6.99646425 0.40000001
v 4.22568989 7.00630665 0.40000001
v 4.23554707 7.01716375 0.40000001
v 4.24429750 7.02893114 0.40000001
v 4.25185680 7.04149723 0.40000001
v 4.25815296 7.05474091 0.40000001
v 4.26500797 7.06177711 0.40000001
v 4.27826309 7.06804562 0.40000001
v 4.26004934 7.06000090 0.40000001
v 4.29084206 7.07557869 0.40000001
v 4.30262661 7.08430386 0.40000001
v 4.31350231 7.09413767 0.40000001
v 4.34803581 7.14818668 0.40000001
v 3.81186557 7.62039661 0.40000001
v 3.81938887 7.63297844 0.40000001
v 3.82810450 7.64476538 0.40000001
v 3.83792901 7.65564537 0.40000001
v 3.84876871 7.66551447 0.40000001
v 3.84926581 7.66588545 0.40000001
v 4.32336617 7.10498619 0.40000001
v 4.33212376 7.11674595 0.40000001
v 4.33969116 7.12930489 0.40000001
v 4.34599638 7.14254284 0.40000001
v 4.35373688 7.15025139 0.40000001
v 4.36696672 7.15656519 0.40000001
v 4.37951756 7.16414022 0.40000001
v 4.39126873 7.17290401 0.40000001
v 4.40210819 7.18277359 0.40000001
v 4.41193295 7.19365358 0.40000001
v 4.42064857 7.20544052 0.40000001
v 4.42817211 7.21802235 0.40000001
v 4.43443108 7.23127794 0.40000001
v 4.44138908 7.23797703 0.40000001
v 4.45463276 7.24427319 0.40000001
v 4.43615150 7.23608875 0.40000001
v 4.46719885 7.25183249 0.40000001
v 4.47896671 7.26058292 0.40000001
v 4.48982334 7.27044058 0.40000001
v 4.49966621 7.28131104 0.40000001
v 4.50839996 7.29309082 0.40000001
v 4.51594210 7.30566740 0.40000001
v 4.51997519 7.31418133 0.40000001
v 4.55953026 7.31421471 0.40000001
v 4.57418251 7.31494474 0.40000001
v 4.58869362 7.31710243 0.40000001
v 4.60292435 7.32066727 0.40000001
v 4.61673880 7.32560539 0.40000001
v 4.63000488 7.33186913 0.40000001
v 4.64259529 7.33939934 0.40000001
v 4.65439034 7.34812307 0.40000001
v 4.66527653 7.35795736 0.40000001
v 4.67515039 7.36880779 0.40000001
v 4.68391705 7.38057137 0.40000001
v 4.69149208 7.39313459 0.40000001
v 4.69985485 7.41205120 0.40000001
v 4.70555639 7.41411638 0.40000001
v 4.69780397 7.40637779 0.40000001
v 4.71878624 7.42043018 0.40000001
v 4.73133707 7.42800522 0.40000001
v 4.74308872 7.43676901 0.40000001
v 4.75392818 7.44663811 0.40000001
v 4.76375294 7.45751858 0.40000001
v 4.77246857 7.46930552 0.40000001
v 4.77999163 7.48188686 0.40000001
v 4.78381062 7.48997545 0.40000001
v 4.86368561 7.48997545 0.40000001
v 7.61230755 9.79087067 0.40000001
v 5.56396580 6.06187344 0.40000001
v 5.57149887 6.07445288 0.40000001
v 5.61510277 6.08289671 0.40000001
v 5.75528288 6.18045092 0.40000001
v 5.62975979 6.08363104 0.40000001
v 5.64427471 6.08579445 0.40000001
v 5.65850830 6.08936596 0.40000001
v 5.67232561 6.09431124 0.40000001
v 5.68559313 6.10058260 0.40000001
v 5.69818401 6.10812092 0.40000001
v 5.70997858 6.11685324 0.40000001
v 5.72086334 6.12669611 0.40000001
v 5.73073387 6.13755608 0.40000001
v 5.84327030 6.26863718 0.40000001
v 5.73949623 6.14932823 0.40000001
v 5.74706602 6.16190004 0.40000001
v 5.75337124 6.17515182 0.40000001
v 5.76024246 6.18222761 0.40000001
v 5.77349710 6.18849611 0.40000001
v 5.78607655 6.19602871 0.40000001
v 5.79786110 6.20475388 0.40000001
v 5.80873680 6.21458769 0.40000001
v 5.81860065 6.22543669 0.40000001
v 5.82735825 6.23719645 0.40000001
v 5.83492565 6.24975538 0.40000001
v 5.84123087 6.26299286 0.40000001
v 5.86220121 6.27701569 0.40000001
v 5.87475204 6.28459072 0.40000001
v 5.88650322 6.29335451 0.40000001
v 5.84897089 6.27070189 0.40000001
v 5.90716743 6.31410360 0.40000001
v 5.89734268 6.30322361 0.40000001
v 5.91588306 6.32589102 0.40000001
v 5.92340612 6.33847237 0.40000001
v 5.92966557 6.35172844 0.40000001
v 5.93662357 6.35842705 0.40000001
v 6.01520967 6.43463135 0.40000001
v 5.94986725 6.36472368 0.40000001
v 5.96243334 6.37228298 0.40000001
v 5.97420073 6.38103342 0.40000001
v 5.98505783 6.39089108 0.40000001
v 5.99490023 6.40176153 0.40000001
v 6.00363445 6.41354132 0.40000001
v 6.01117659 6.42611742 0.40000001
v 6.05476475 6.43466520 0.40000001
v 6.06941700 6.43539476 0.40000001
v 6.17915106 6.50102139 0.40000001
v 6.08392811 6.43755245 0.40000001
v 6.09815884 6.44111776 0.40000001
v 6.11197329 6.44605541 0.40000001
v 6.12523937 6.45231962 0.40000001
v 6.32339239 6.46036673 0.40000001
v 6.33595133 6.45279932 0.40000001
v 6.30078411 6.47898817 0.40000001
v 6.34918880 6.44649410 0.40000001
v 6.44273472 6.35633898 0.40000001
v 6.42466831 6.36431837 0.40000001
v 6.43792439 6.35805941 0.40000001
v 6.19508934 6.53250170 0.40000001
v 6.20079088 6.53456688 0.40000001
v 6.21402073 6.54088068 0.40000001
v 6.22657156 6.54845572 0.40000001
v 6.23087835 6.55166769 0.40000001
v 6.13782978 6.45984936 0.40000001
v 6.18672657 6.51358509 0.40000001
v 6.14962482 6.46857309 0.40000001
v 6.16051102 6.47840738 0.40000001
v 6.19303846 6.52682829 0.40000001
v 6.17038488 6.48925829 0.40000001
v 5.41207123 6.94199276 0.40000001
v 5.42194700 6.95283413 0.40000001
v 5.43283463 6.96265888 0.40000001
v 5.44462919 6.97137356 0.40000001
v 5.45721865 6.97889519 0.40000001
v 5.47048235 6.98515081 0.40000001
v 5.48429346 6.99008179 0.40000001
v 5.49851990 6.99364042 0.40000001
v 5.51302624 6.99579334 0.40000001
v 5.52767324 6.99651861 0.40000001
v 6.24829483 6.54051924 0.40000001
v 6.26154375 6.53423214 0.40000001
v 6.23572302 6.54807043 0.40000001
v 6.26666546 6.53239012 0.40000001
v 6.29094982 6.48986387 0.40000001
v 6.28222466 6.50164795 0.40000001
v 6.27469206 6.51422787 0.40000001
v 6.26842356 6.52748251 0.40000001
v 6.31163263 6.46912432 0.40000001
v 6.35483313 6.44445467 0.40000001
v 5.56710720 6.99654198 0.40000001
v 5.57096481 7.00471210 0.40000001
v 5.57848835 7.01729345 0.40000001
v 5.58720398 7.02908039 0.40000001
v 5.59702826 7.03996086 0.40000001
v 5.60786819 7.04982996 0.40000001
v 5.63216972 7.06616879 0.40000001
v 5.63450527 7.06728315 0.40000001
v 5.61961937 7.05859375 0.40000001
v 6.16080379 5.65954113 0.40000001
v 6.17405939 5.66580057 0.40000001
v 6.36264706 5.77349710 0.40000001
v 6.37018013 5.78607655 0.40000001
v 6.37890482 5.79786062 0.40000001
v 6.38873863 5.80873680 0.40000001
v 6.39958763 5.81860065 0.40000001
v 6.41134739 5.82735825 0.40000001
v 6.42390633 5.83492565 0.40000001
v 6.43714380 5.84123087 0.40000001
v 6.44485283 5.84897089 0.40000001
v 6.45116663 5.86220121 0.40000001
v 6.44278812 5.84327030 0.40000001
v 6.45874166 5.87475157 0.40000001
v 6.46750546 5.88650274 0.40000001
v 6.47737455 5.89734268 0.40000001
v 6.48825455 5.90716696 0.40000001
v 6.50004196 5.91588259 0.40000001
v 6.51262331 5.92340612 0.40000001
v 6.52587938 5.92966557 0.40000001
v 6.53063869 5.93136740 0.40000001
v 6.53247309 5.93646717 0.40000001
v 6.53876019 5.94971609 0.40000001
v 6.54631138 5.96228790 0.40000001
v 6.55505371 5.97406197 0.40000001
v 6.56490421 5.98492622 0.40000001
v 6.54613686 6.14976597 0.40000001
v 6.53859854 6.16235685 0.40000001
v 6.56471205 6.12708664 0.40000001
v 6.55486917 6.13797140 0.40000001
v 6.53232670 6.17562437 0.40000001
v 6.52738190 6.18944120 0.40000001
v 6.37955046 6.40122175 0.40000001
v 6.38941956 6.39038229 0.40000001
v 6.37078667 6.41297293 0.40000001
v 6.36321163 6.42552376 0.40000001
v 6.35689783 6.43875360 0.40000001
v 6.46722937 6.31352377 0.40000001
v 6.47708702 6.30266714 0.40000001
v 6.45847893 6.32529163 0.40000001
v 6.52381039 6.20367527 0.40000001
v 6.52164698 6.21819019 0.40000001
v 6.52091265 6.23284721 0.40000001
v 6.52086735 6.27249622 0.40000001
v 6.48795748 6.29282427 0.40000001
v 6.49973726 6.28409052 0.40000001
v 6.51231337 6.27654839 0.40000001
v 6.40029955 6.38055754 0.40000001
v 6.41208696 6.37184191 0.40000001
v 6.45091963 6.33785725 0.40000001
v 6.44462299 6.35110140 0.40000001
v 6.57576847 5.99477673 0.40000001
v 6.58754301 6.00351906 0.40000001
v 6.60011482 6.01107025 0.40000001
v 6.61336374 6.01735735 0.40000001
v 6.61873817 6.01929045 0.40000001
v 6.62076283 6.02488089 0.40000001
v 6.62707663 6.03811073 0.40000001
v 6.63465166 6.05066156 0.40000001
v 6.63856363 6.05590725 0.40000001
v 6.63465166 6.06115341 0.40000001
v 6.57557154 6.11721611 0.40000001
v 6.58734369 6.10845375 0.40000001
v 6.59991598 6.10088396 0.40000001
v 6.61316776 6.09457874 0.40000001
v 6.62076283 6.08693409 0.40000001
v 6.62707663 6.07370377 0.40000001
v 6.61871910 6.09257603 0.40000001
v 4.87557125 7.46840477 0.40000001
v 4.86799049 7.48095846 0.40000001
v 4.89421701 7.44580984 0.40000001
v 4.90510464 7.43598509 0.40000001
v 4.88434124 7.45665073 0.40000001
v 4.91689920 7.42727041 0.40000001
v 4.92948866 7.41974926 0.40000001
v 4.94275236 7.41349316 0.40000001
v 4.95656395 7.40856218 0.40000001
v 4.97079039 7.40500355 0.40000001
v 4.98529625 7.40285110 0.40000001
v 4.99994373 7.40212536 0.40000001
v 5.07054520 7.35759449 0.40000001
v 5.06066465 7.36840296 0.40000001
v 5.09322262 7.33911514 0.40000001
v 5.08143234 7.34780025 0.40000001
v 5.10580397 7.33162069 0.40000001
v 5.11905575 7.32538891 0.40000001
v 5.13285255 7.32047892 0.40000001
v 5.14706230 7.31693792 0.40000001
v 5.16154957 7.31479931 0.40000001
v 5.17617607 7.31408310 0.40000001
v 5.05188513 7.38012362 0.40000001
v 5.04429054 7.39264441 0.40000001
v 5.03975058 7.40210152 0.40000001
v 5.39559937 7.21722460 0.40000001
v 5.38928795 7.23046780 0.40000001
v 5.41194153 7.19289780 0.40000001
v 5.42181492 7.18204737 0.40000001
v 5.44449615 7.16348934 0.40000001
v 5.43270111 7.17221308 0.40000001
v 5.40317488 7.20466137 0.40000001
v 5.45708656 7.15595913 0.40000001
v 5.47035265 7.14969540 0.40000001
v 5.48416710 7.14475727 0.40000001
v 5.49839783 7.14119244 0.40000001
v 5.51290894 7.13903475 0.40000001
v 5.52756166 7.13830471 0.40000001
v 5.30327606 7.31407452 0.40000001
v 5.35575438 7.25209522 0.40000001
v 5.34400320 7.26085901 0.40000001
v 5.32333899 7.28160858 0.40000001
v 5.33316326 7.27072811 0.40000001
v 5.31462336 7.29339552 0.40000001
v 5.30710030 7.30597687 0.40000001
v 5.36830521 7.24452019 0.40000001
v 5.38153505 7.23820639 0.40000001
v 5.38723660 7.23614168 0.40000001
v 5.60902023 7.08400440 0.40000001
v 5.59813213 7.09380865 0.40000001
v 5.63339663 7.06780529 0.40000001
v 5.62081242 7.07530880 0.40000001
v 5.56739330 7.13827085 0.40000001
v 5.57188654 7.12889290 0.40000001
v 5.58825302 7.10462856 0.40000001
v 5.57947636 7.11636066 0.40000001
v 14.74870491 11.49612904 0.40000001
v 7.62122726 9.79512405 0.40000001
v 7.63378906 9.80270386 0.40000001
v 7.64555073 9.81147289 0.40000001
v 7.65639925 9.82135010 0.40000001
v 7.66623068 9.83223915 0.40000001
v 7.67495155 9.84403610 0.40000001
v 7.68247843 9.85663033 0.40000001
v 7.68873930 9.86989784 0.40000001
v 7.69367361 9.88371468 0.40000001
v 7.69723463 9.89794636 0.40000001
v 7.69938850 9.91245842 0.40000001
v 7.70011425 9.92711163 0.40000001
v 7.70018673 10.05487442 0.40000001
v 7.70952892 10.05935097 0.40000001
v 7.72206163 10.06694126 0.40000001
v 7.73379421 10.07571793 0.40000001
v 7.74461412 10.08559799 0.40000001
v 7.75441885 10.09648705 0.40000001
v 7.76311398 10.10828018 0.40000001
v 7.77061749 10.12086582 0.40000001
v 7.77685690 10.13412285 0.40000001
v 7.78177309 10.14792633 0.40000001
v 7.78531933 10.16214275 0.40000001
v 7.78746176 10.17663765 0.40000001
v 7.78817940 10.19127274 0.40000001
v 7.78819847 10.31851578 0.40000001
v 7.79677057 10.32258320 0.40000001
v 7.80934238 10.33013344 0.40000001
v 7.82111645 10.33887672 0.40000001
v 7.83198071 10.34872627 0.40000001
v 7.84183121 10.35959053 0.40000001
v 7.85057354 10.37136555 0.40000001
v 7.85812473 10.38393784 0.40000001
v 7.86441183 10.39718628 0.40000001
v 7.86626577 10.40233994 0.40000001
v 7.87131882 10.40415382 0.40000001
v 7.88457155 10.41043186 0.40000001
v 7.89714766 10.41797447 0.40000001
v 7.90892744 10.42670822 0.40000001
v 7.91979837 10.43655014 0.40000001
v 7.92965603 10.44740677 0.40000001
v 7.93840599 10.45917511 0.40000001
v 7.94596577 10.47174072 0.40000001
v 7.95226192 10.48498535 0.40000001
v 7.95896053 10.49194336 0.40000001
v 7.97221661 10.49820137 0.40000001
v 7.95415020 10.49022293 0.40000001
v 7.98479843 10.50572586 0.40000001
v 7.99658537 10.51444054 0.40000001
v 8.00746536 10.52426529 0.40000001
v 8.01733494 10.53510475 0.40000001
v 8.02609825 10.54685593 0.40000001
v 8.03367329 10.55940723 0.40000001
v 8.03998756 10.57263756 0.40000001
v 8.04769611 10.58037758 0.40000001
v 8.06093407 10.58668327 0.40000001
v 8.04205227 10.57833862 0.40000001
v 8.07349205 10.59424973 0.40000001
v 8.08525276 10.60300827 0.40000001
v 8.09610081 10.61287117 0.40000001
v 8.10593510 10.62374687 0.40000001
v 8.11466026 10.63553143 0.40000001
v 8.12219334 10.64811134 0.40000001
v 8.13023758 10.66632462 0.40000001
v 8.13549805 10.66822052 0.40000001
v 8.12846184 10.66136551 0.40000001
v 8.14874172 10.67451668 0.40000001
v 8.16130733 10.68207645 0.40000001
v 8.17307472 10.69082642 0.40000001
v 8.18393230 10.70068359 0.40000001
v 8.19377422 10.71155548 0.40000001
v 8.20250893 10.72333527 0.40000001
v 8.21005058 10.73591042 0.40000001
v 8.21810818 10.75412083 0.40000001
v 8.22282600 10.75580788 0.40000001
v 8.21632862 10.74916363 0.40000001
v 8.23608112 10.76206684 0.40000001
v 8.24866295 10.76959038 0.40000001
v 8.26045036 10.77830601 0.40000001
v 8.27132988 10.78812981 0.40000001
v 8.28119946 10.79897022 0.40000001
v 8.28996372 10.81072140 0.40000001
v 8.29753876 10.82327271 0.40000001
v 8.30385208 10.83650208 0.40000001
v 8.30589485 10.84214401 0.40000001
v 8.31140709 10.84413052 0.40000001
v 8.32465172 10.85042667 0.40000001
v 8.33721733 10.85798645 0.40000001
v 8.34898472 10.86673641 0.40000001
v 8.35984230 10.87659454 0.40000001
v 8.36968422 10.88746452 0.40000001
v 8.37841892 10.89924431 0.40000001
v 8.38596058 10.91182137 0.40000001
v 8.38997746 10.92030048 0.40000001
v 8.42943668 10.92032433 0.40000001
v 8.44408417 10.92104912 0.40000001
v 8.45858955 10.92320251 0.40000001
v 8.47281647 10.92676067 0.40000001
v 8.48662758 10.93169212 0.40000001
v 8.49989128 10.93794823 0.40000001
v 8.51248074 10.94546890 0.40000001
v 8.52427578 10.95418358 0.40000001
v 8.53516293 10.96400833 0.40000001
v 8.54503918 10.97484970 0.40000001
v 8.55380917 10.98660278 0.40000001
v 8.56138992 10.99915695 0.40000001
v 8.56571198 11.00820923 0.40000001
v 8.69317245 11.00824165 0.40000001
v 8.70781517 11.00896263 0.40000001
v 8.72231674 11.01110840 0.40000001
v 8.73653984 11.01465988 0.40000001
v 8.75034904 11.01958275 0.40000001
v 8.76361084 11.02582932 0.40000001
v 8.77620029 11.03334236 0.40000001
v 8.78799534 11.04204750 0.40000001
v 8.79888535 11.05186176 0.40000001
v 8.80876446 11.06269264 0.40000001
v 8.81753922 11.07443619 0.40000001
v 8.82512569 11.08698082 0.40000001
v 8.82950211 11.09612846 0.40000001
v 11.72423172 11.09612846 0.40000001
v 14.74870491 0.00000000 0.40000001
v 10.12698078 2.75441957 0.40000001
v 10.09365273 2.77505136 0.40000001
v 10.10541630 2.76628494 0.40000001
v 10.11797905 2.75870967 0.40000001
v 10.57114124 2.04865026 0.40000001
v 10.57641792 2.04674649 0.40000001
v 10.55788994 2.05495548 0.40000001
v 10.54531765 2.06252551 0.40000001
v 10.80923557 1.79862475 0.40000001
v 10.82180214 1.79106522 0.40000001
v 10.84030533 1.78287268 0.40000001
v 10.99832726 1.61475039 0.40000001
v 11.01158237 1.60849094 0.40000001
v 11.01639366 1.60677052 0.40000001
v 10.89705086 1.71079826 0.40000001
v 10.90960979 1.70323086 0.40000001
v 10.92849159 1.69488621 0.40000001
v 10.92284775 1.69692564 0.40000001
v 10.83504581 1.78476882 0.40000001
v 10.64560318 1.96722221 0.40000001
v 10.65883350 1.96090841 0.40000001
v 10.66453362 1.95884371 0.40000001
v 10.63305283 1.97479725 0.40000001
v 10.72172737 1.88623548 0.40000001
v 10.73430729 1.87870264 0.40000001
v 10.75242805 1.87069130 0.40000001
v 10.74756241 1.87243414 0.40000001
v 10.29375839 2.40701032 0.40000001
v 10.26945114 2.42336106 0.40000001
v 10.28120422 2.41459084 0.40000001
v 10.31278229 2.39859438 0.40000001
v 10.30699253 2.40069199 0.40000001
v 10.47884083 2.22655082 0.40000001
v 10.45786285 2.23805547 0.40000001
v 10.47044182 2.23052263 0.40000001
v 10.38264179 2.31839013 0.40000001
v 10.39589787 2.31213069 0.40000001
v 10.35827351 2.33462906 0.40000001
v 10.37005997 2.32591343 0.40000001
v 10.40076828 2.31038928 0.40000001
v 10.19337082 2.59037495 0.40000001
v 10.21490192 2.57852602 0.40000001
v 10.18160820 2.59914136 0.40000001
v 10.20593452 2.58279967 0.40000001
v 9.81864929 3.31306601 0.40000001
v 12.85346985 5.06161213 0.40000001
v 9.80884552 3.32395482 0.40000001
v 9.79264641 3.34833336 0.40000001
v 9.80014992 3.33574796 0.40000001
v 9.78640747 3.36159086 0.40000001
v 9.78149033 3.37539363 0.40000001
v 9.77794456 3.38961029 0.40000001
v 9.77580261 3.40410519 0.40000001
v 9.99495602 2.96070814 0.40000001
v 9.98511314 2.97159266 0.40000001
v 9.97638035 2.98338699 0.40000001
v 9.96884251 2.99597812 0.40000001
v 9.96257019 3.00924563 0.40000001
v 9.95762539 3.02306271 0.40000001
v 9.95405388 3.03729653 0.40000001
v 9.95189095 3.05181146 0.40000001
v 9.95115662 3.06646824 0.40000001
v 9.91742897 3.12727308 0.40000001
v 9.92916107 3.11849642 0.40000001
v 9.95111084 3.10639381 0.40000001
v 9.94169331 3.11090636 0.40000001
v 10.00581551 2.95083737 0.40000001
v 10.01758766 2.94207525 0.40000001
v 10.03902626 2.93028665 0.40000001
v 10.03015995 2.93450522 0.40000001
v 9.89680386 3.14804006 0.40000001
v 9.90660858 3.13715219 0.40000001
v 9.88810825 3.15983224 0.40000001
v 9.88060474 3.17241669 0.40000001
v 9.87436485 3.18567324 0.40000001
v 9.86944771 3.19947505 0.40000001
v 9.86590099 3.21369100 0.40000001
v 9.86375809 3.22818494 0.40000001
v 9.86303902 3.24281907 0.40000001
v 9.86303043 3.28236365 0.40000001
v 9.85373497 3.28681803 0.40000001
v 9.84120178 3.29440880 0.40000001
v 9.82946968 3.30318594 0.40000001
v 9.77508450 3.41874003 0.40000001
v 9.77506542 3.54638100 0.40000001
v 9.73055267 3.57720947 0.40000001
v 9.72076988 3.58809519 0.40000001
v 9.71209431 3.59988236 0.40000001
v 9.68780994 3.66817570 0.40000001
v 9.68994522 3.65369678 0.40000001
v 9.70460892 3.61245894 0.40000001
v 9.69838524 3.62570524 0.40000001
v 9.69348145 3.63949490 0.40000001
v 9.75305843 3.55854774 0.40000001
v 9.74135017 3.56732893 0.40000001
v 9.76556683 3.55094934 0.40000001
v 9.64265919 3.92889500 0.40000001
v 9.63286495 3.93978357 0.40000001
v 9.68709564 3.68279386 0.40000001
v 9.68709278 3.89813280 0.40000001
v 9.67771053 3.90263724 0.40000001
v 9.66518879 3.91023278 0.40000001
v 9.65346813 3.91901326 0.40000001
v 9.60554504 3.99120903 0.40000001
v 9.60200500 4.00541973 0.40000001
v 9.62417984 3.95157528 0.40000001
v 9.61668587 3.96415782 0.40000001
v 9.61045456 3.97741127 0.40000001
v 9.59986782 4.01990795 0.40000001
v 9.59915352 4.03453588 0.40000001
v 9.59917450 4.64712906 0.40000001
v 9.59989071 4.66176510 0.40000001
v 9.60203171 4.67626143 0.40000001
v 9.60557652 4.69047928 0.40000001
v 9.61049271 4.70428371 0.40000001
v 9.61673164 4.71754265 0.40000001
v 9.62423420 4.73012924 0.40000001
v 9.63292885 4.74192429 0.40000001
v 9.64273357 4.75281429 0.40000001
v 9.65355396 4.76269531 0.40000001
v 9.66528702 4.77147388 0.40000001
v 9.67782021 4.77906561 0.40000001
v 9.69103432 4.78539848 0.40000001
v 9.69704056 4.78758478 0.40000001
v 9.69918633 4.79351139 0.40000001
v 9.70550060 4.80674171 0.40000001
v 9.71307564 4.81929207 0.40000001
v 9.72183895 4.83104324 0.40000001
v 9.73170853 4.84188318 0.40000001
v 9.74258804 4.85170746 0.40000001
v 9.75437546 4.86042309 0.40000001
v 9.76695728 4.86794662 0.40000001
v 9.78021336 4.87420607 0.40000001
v 9.78508377 4.87594748 0.40000001
v 9.78702354 4.88131714 0.40000001
v 9.79332924 4.89455509 0.40000001
v 9.80089664 4.90711355 0.40000001
v 9.80965424 4.91887379 0.40000001
v 9.81951809 4.92972231 0.40000001
v 9.83039379 4.93955612 0.40000001
v 9.84217834 4.94828129 0.40000001
v 9.85475731 4.95581388 0.40000001
v 9.86801243 4.96208286 0.40000001
v 9.87325668 4.96396112 0.40000001
v 9.87535191 4.96971607 0.40000001
v 9.88168430 4.98293018 0.40000001
v 9.88927650 4.99546385 0.40000001
v 9.89805508 5.00719690 0.40000001
v 9.90793705 5.01801729 0.40000001
v 9.91882706 5.02782154 0.40000001
v 9.93062210 5.03651714 0.40000001
v 9.94320869 5.04401970 0.40000001
v 9.95646858 5.05025864 0.40000001
v 9.97027302 5.05517387 0.40000001
v 9.98449135 5.05871868 0.40000001
v 9.99898720 5.06085968 0.40000001
v 10.01362419 5.06157541 0.40000001
v 11.27451801 1.43317890 0.40000001
v 11.28036213 1.43106174 0.40000001
v 11.26128769 1.43949223 0.40000001
v 11.35033512 1.35078955 0.40000001
v 11.36359596 1.34454155 0.40000001
v 11.37740326 1.33961773 0.40000001
v 11.39162445 1.33606529 0.40000001
v 11.40612507 1.33391762 0.40000001
v 11.32595444 1.36700726 0.40000001
v 11.31506634 1.37682247 0.40000001
v 11.42076588 1.33319569 0.40000001
v 11.30518818 1.38765335 0.40000001
v 11.29641438 1.39939642 0.40000001
v 11.33774757 1.35830212 0.40000001
v 11.46010399 1.33318043 0.40000001
v 11.94177818 1.01511145 0.40000001
v 12.02192307 0.98206568 0.40000001
v 11.93089008 1.02491570 0.40000001
v 11.97941017 0.99267244 0.40000001
v 11.99321270 0.98775530 0.40000001
v 11.96615410 0.99891233 0.40000001
v 12.00742912 0.98420858 0.40000001
v 11.95356941 1.00641584 0.40000001
v 12.03655624 0.98134661 0.40000001
v 11.92101097 1.03573561 0.40000001
v 11.91223431 1.04746819 0.40000001
v 11.61406612 1.17494631 0.40000001
v 11.64114094 1.16375923 0.40000001
v 11.65536785 1.16020060 0.40000001
v 11.56891823 1.21184826 0.40000001
v 11.68452072 1.15732241 0.40000001
v 11.56014824 1.22360182 0.40000001
v 11.60147667 1.18246746 0.40000001
v 11.58968163 1.19118261 0.40000001
v 11.66987419 1.15804815 0.40000001
v 11.57879448 1.20100737 0.40000001
v 11.62732983 1.16869020 0.40000001
v 11.72404099 1.15729904 0.40000001
v 11.52515221 1.26358271 0.40000001
v 11.53838348 1.25726891 0.40000001
v 11.54415131 1.25517941 0.40000001
v 11.74457550 1.12412262 0.40000001
v 11.86020660 1.06946373 0.40000001
v 11.73581314 1.13589478 0.40000001
v 11.76533031 1.10342026 0.40000001
v 11.84554863 1.07019806 0.40000001
v 11.75444603 1.11326313 0.40000001
v 11.77712440 1.09468746 0.40000001
v 11.83103371 1.07236147 0.40000001
v 11.78971577 1.08714962 0.40000001
v 11.80298328 1.08087778 0.40000001
v 11.81680012 1.07593298 0.40000001
v 11.90013123 1.06941795 0.40000001
v 11.24873734 1.44706726 0.40000001
v 13.04376221 0.71745491 0.40000001
v 11.23698616 1.45583153 0.40000001
v 11.21632195 1.47658062 0.40000001
v 11.20760632 1.48836756 0.40000001
v 11.22614670 1.46570063 0.40000001
v 11.20008278 1.50094938 0.40000001
v 11.28882885 1.41193962 0.40000001
v 11.28250408 1.42516375 0.40000001
v 10.77676868 1.82810330 0.40000001
v 14.27473831 0.62948847 0.40000001
v 10.76803493 1.83988309 0.40000001
v 10.79746819 1.80737495 0.40000001
v 10.78661156 1.81723261 0.40000001
v 12.07610130 0.98133802 0.40000001
v 12.34004211 0.89337301 0.40000001
v 11.90464401 1.06000042 0.40000001
v 11.55256844 1.23615599 0.40000001
v 11.54624939 1.24939013 0.40000001
v 12.08814621 0.95950937 0.40000001
v 12.21247768 0.89339161 0.40000001
v 12.08055592 0.97204256 0.40000001
v 12.15532875 0.90471411 0.40000001
v 12.16913128 0.89979792 0.40000001
v 12.12948608 0.91845703 0.40000001
v 12.14207077 0.91095400 0.40000001
v 12.19784355 0.89410973 0.40000001
v 12.11769295 0.92715263 0.40000001
v 12.10680389 0.93695688 0.40000001
v 12.09692383 0.94777727 0.40000001
v 12.60384178 0.80540705 0.40000001
v 12.18334770 0.89625168 0.40000001
v 11.72824287 1.14846706 0.40000001
v 12.39348507 0.83044767 0.40000001
v 12.46181107 0.80613184 0.40000001
v 12.38169479 0.83913279 0.40000001
v 12.36092663 0.85973549 0.40000001
v 12.47643852 0.80541563 0.40000001
v 12.35214806 0.87145615 0.40000001
v 12.37080765 0.84892654 0.40000001
v 12.41931820 0.81672144 0.40000001
v 12.44732475 0.80827045 0.40000001
v 12.40606689 0.82295322 0.40000001
v 12.43311501 0.81181145 0.40000001
v 12.34455299 0.88397694 0.40000001
v 11.50085068 1.27992153 0.40000001
v 11.49001122 1.28979063 0.40000001
v 11.47147083 1.31245756 0.40000001
v 11.46394730 1.32503939 0.40000001
v 11.48018646 1.30067062 0.40000001
v 11.51260185 1.27115726 0.40000001
v 11.19618988 1.50919294 0.40000001
v 11.02460289 1.58824205 0.40000001
v 10.98574543 1.62227392 0.40000001
v 10.97395802 1.63098955 0.40000001
v 10.96307755 1.64081383 0.40000001
v 10.94444466 1.66340494 0.40000001
v 10.93686962 1.67595530 0.40000001
v 10.95320892 1.65165377 0.40000001
v 10.93055630 1.68918562 0.40000001
v 10.87444210 1.72941971 0.40000001
v 10.86460876 1.74029589 0.40000001
v 10.88529110 1.71955585 0.40000001
v 10.85588264 1.75207973 0.40000001
v 10.84835052 1.76465940 0.40000001
v 10.84208202 1.77791452 0.40000001
v 11.01829815 1.60149336 0.40000001
v 12.62465668 0.77186441 0.40000001
v 12.74021626 0.71748161 0.40000001
v 12.61587811 0.78359699 0.40000001
v 12.64542580 0.75123930 0.40000001
v 12.63453674 0.76104403 0.40000001
v 12.60828686 0.79613018 0.40000001
v 12.66980648 0.73504114 0.40000001
v 12.68306446 0.72880173 0.40000001
v 12.69686794 0.72388601 0.40000001
v 12.71108532 0.72034025 0.40000001
v 12.65722084 0.74254417 0.40000001
v 12.72558117 0.71819878 0.40000001
v 11.11316109 1.51570749 0.40000001
v 11.12739468 1.51213646 0.40000001
v 11.06169033 1.54319477 0.40000001
v 11.08607578 1.52692461 0.40000001
v 11.09934425 1.52065277 0.40000001
v 11.07348442 1.53446245 0.40000001
v 11.05080605 1.55303812 0.40000001
v 11.14190960 1.50997305 0.40000001
v 11.15656662 1.50923824 0.40000001
v 11.04093552 1.56389761 0.40000001
v 11.03217316 1.57566977 0.40000001
v 10.14466858 2.64428687 0.40000001
v 10.13840485 2.65755296 0.40000001
v 10.13346672 2.67136741 0.40000001
v 10.12990189 2.68559813 0.40000001
v 10.12774467 2.70010924 0.40000001
v 10.12701416 2.71476150 0.40000001
v 10.08280182 2.78492475 0.40000001
v 10.05671406 2.82019663 0.40000001
v 10.05045033 2.83346272 0.40000001
v 10.04551220 2.84727740 0.40000001
v 10.04194736 2.86150813 0.40000001
v 10.03978920 2.87601900 0.40000001
v 10.03905964 2.89067149 0.40000001
v 10.07296753 2.79581118 0.40000001
v 10.06424427 2.80760598 0.40000001
v 10.49030018 2.12969613 0.40000001
v 10.48535538 2.14351296 0.40000001
v 10.48178387 2.15774703 0.40000001
v 10.47962093 2.17226171 0.40000001
v 10.47888565 2.18691850 0.40000001
v 10.44607830 2.24678040 0.40000001
v 10.40270805 2.30501938 0.40000001
v 10.34739304 2.34445357 0.40000001
v 10.33752441 2.35529327 0.40000001
v 10.32876015 2.36704469 0.40000001
v 10.32118511 2.37959528 0.40000001
v 10.42533875 2.26746297 0.40000001
v 10.41658115 2.27922297 0.40000001
v 10.43520260 2.25661445 0.40000001
v 10.40901375 2.29178190 0.40000001
v 10.53354549 2.07128763 0.40000001
v 10.52268600 2.08115840 0.40000001
v 10.51284218 2.09204292 0.40000001
v 10.50411034 2.10383725 0.40000001
v 10.49657249 2.11642861 0.40000001
v 10.57813835 2.04193497 0.40000001
v 10.62130165 1.98356104 0.40000001
v 10.61046124 1.99343038 0.40000001
v 10.60063744 2.00431037 0.40000001
v 10.59192085 2.01609755 0.40000001
v 10.58439827 2.02867913 0.40000001
v 10.69906712 1.90479445 0.40000001
v 10.70994377 1.89496064 0.40000001
v 10.68920326 1.91564322 0.40000001
v 10.68044662 1.92740321 0.40000001
v 10.67287827 1.93996191 0.40000001
v 10.66657352 1.95319963 0.40000001
v 10.76049232 1.85245919 0.40000001
v 10.75421524 1.86571193 0.40000001
v 10.23254871 2.46850872 0.40000001
v 10.22629261 2.48177242 0.40000001
v 10.22136211 2.49558353 0.40000001
v 10.21780300 2.50981021 0.40000001
v 10.24878502 2.44412446 0.40000001
v 10.25860977 2.43323708 0.40000001
v 10.31487083 2.39282537 0.40000001
v 10.24007034 2.45591927 0.40000001
v 10.21565056 2.52431655 0.40000001
v 10.21492577 2.53896356 0.40000001
v 10.17075729 2.60901499 0.40000001
v 10.16092300 2.61990118 0.40000001
v 10.15219879 2.63169599 0.40000001
v 13.07458687 0.67294931 0.40000001
v 13.18017292 0.62949324 0.40000001
v 13.06470680 0.68374634 0.40000001
v 13.05592537 0.69545507 0.40000001
v 13.10983753 0.64700603 0.40000001
v 13.15107536 0.63234234 0.40000001
v 13.09726048 0.65449142 0.40000001
v 13.08547306 0.66316652 0.40000001
v 13.13687325 0.63587856 0.40000001
v 13.12308311 0.64078236 0.40000001
v 13.16555405 0.63020706 0.40000001
v 13.04832649 0.70796394 0.40000001
v 14.27879715 0.40855312 0.40000001
v 14.28634834 0.42112494 0.40000001
v 14.29509163 0.43289900 0.40000001
v 14.30494118 0.44376326 0.40000001
v 14.31580544 0.45361376 0.40000001
v 14.32757950 0.46235657 0.40000001
v 14.34015179 0.46990728 0.40000001
v 14.34870434 0.47396564 0.40000001
v 14.34870434 0.55552244 0.40000001
v 14.30492878 0.58573818 0.40000001
v 14.31579018 0.57588768 0.40000001
v 14.29508114 0.59660196 0.40000001
v 14.28634071 0.60837507 0.40000001
v 14.27879238 0.62094545 0.40000001
v 14.32756233 0.56714487 0.40000001
v 14.34012985 0.55959320 0.40000001
v 12.85346985 5.73087645 0.40000001
v 14.74870491 11.49612904 0.00000000
v 12.69560814 6.21358109 0.40000001
v 12.70315933 6.22615290 0.40000001
v 12.72175217 6.24879122 0.40000001
v 12.71190166 6.23792696 0.40000001
v 12.74439049 6.26738405 0.40000001
v 12.73261642 6.25864172 0.40000001
v 12.75696182 6.27493525 0.40000001
v 12.76551437 6.27899361 0.40000001
v 12.76551437 6.71231937 0.40000001
v 9.68809032 5.95419455 0.40000001
v 11.04255199 6.36687136 0.40000001
v 9.68734932 5.96886873 0.40000001
v 9.68729019 6.00911522 0.40000001
v 9.64253902 6.04009008 0.40000001
v 11.04255104 6.62449217 0.40000001
v 9.63276672 6.05097389 0.40000001
v 9.67751694 6.01382399 0.40000001
v 9.65332413 6.03020954 0.40000001
v 9.66501999 6.02142620 0.40000001
v 9.61662579 6.07532978 0.40000001
v 9.61040974 6.08857012 0.40000001
v 9.62410164 6.06275797 0.40000001
v 9.60551262 6.10235310 0.40000001
v 9.60198116 6.11654758 0.40000001
v 9.59984970 6.13101816 0.40000001
v 9.59913635 6.14562750 0.40000001
v 9.75396729 5.84439993 0.40000001
v 9.76656628 5.83684063 0.40000001
v 9.77984428 5.83055019 0.40000001
v 9.79367447 5.82558870 0.40000001
v 9.80792332 5.82200432 0.40000001
v 9.82245445 5.81983089 0.40000001
v 9.83712864 5.81908989 0.40000001
v 9.87729359 5.81903076 0.40000001
v 9.72141457 5.87390947 0.40000001
v 9.73128319 5.86302376 0.40000001
v 9.70510006 5.89830685 0.40000001
v 9.71265984 5.88570833 0.40000001
v 9.69880962 5.91158485 0.40000001
v 9.74216843 5.85315561 0.40000001
v 9.69384766 5.92541504 0.40000001
v 9.69026375 5.93966341 0.40000001
v 9.90820885 5.77433729 0.40000001
v 9.91909409 5.76455450 0.40000001
v 9.93088150 5.75587940 0.40000001
v 9.94345856 5.74839401 0.40000001
v 9.89832783 5.78513432 0.40000001
v 9.88954639 5.79684305 0.40000001
v 9.88194847 5.80935192 0.40000001
v 9.95670509 5.74217033 0.40000001
v 9.97049522 5.73726654 0.40000001
v 9.98469734 5.73373079 0.40000001
v 9.99917603 5.73159552 0.40000001
v 10.01379490 5.73088121 0.40000001
v 11.05145931 6.62873936 0.40000001
v 11.18412018 6.14997196 0.40000001
v 11.17426968 6.16083622 0.40000001
v 11.19286251 6.13819790 0.40000001
v 11.20447159 6.11707401 0.40000001
v 11.20041370 6.12562609 0.40000001
v 11.13905907 6.18698025 0.40000001
v 11.13039112 6.19109344 0.40000001
v 11.15163040 6.17942905 0.40000001
v 11.13035774 6.23067427 0.40000001
v 11.12962818 6.24532700 0.40000001
v 11.12747002 6.25983763 0.40000001
v 11.12390518 6.27406883 0.40000001
v 11.11896706 6.28788328 0.40000001
v 11.11270332 6.30114937 0.40000001
v 11.16340542 6.17068672 0.40000001
v 11.06400108 6.35506105 0.40000001
v 11.05143738 6.36263657 0.40000001
v 11.10517311 6.31373978 0.40000001
v 11.09644985 6.32553482 0.40000001
v 11.08661556 6.33642101 0.40000001
v 11.07576466 6.34629488 0.40000001
v 11.06401920 6.63631582 0.40000001
v 11.07577991 6.64508247 0.40000001
v 11.08662796 6.65495586 0.40000001
v 11.09645939 6.66584158 0.40000001
v 11.10518074 6.67763567 0.40000001
v 11.11270905 6.69022512 0.40000001
v 11.11897087 6.70348930 0.40000001
v 11.12390709 6.71730232 0.40000001
v 11.12747097 6.73153114 0.40000001
v 11.12962818 6.74603987 0.40000001
v 11.13035774 6.76069021 0.40000001
v 11.13039112 6.80027103 0.40000001
v 11.13905907 6.80438423 0.40000001
v 11.15163040 6.81193542 0.40000001
v 11.16340542 6.82067776 0.40000001
v 11.17426968 6.83052826 0.40000001
v 11.18412018 6.84139252 0.40000001
v 11.19286251 6.85316658 0.40000001
v 11.20041370 6.86573839 0.40000001
v 11.20447159 6.87429047 0.40000001
v 10.95458412 8.38991928 0.40000001
v 9.59928513 9.74875164 0.40000001
v 11.01695251 8.33707237 0.40000001
v 11.00821018 8.34884644 0.40000001
v 10.97572136 8.37830353 0.40000001
v 10.98749542 8.36956120 0.40000001
v 10.99835968 8.35971069 0.40000001
v 11.02450371 8.32450008 0.40000001
v 11.02856159 8.31594849 0.40000001
v 10.96314907 8.38585472 0.40000001
v 10.95444775 9.83671474 0.40000001
v 9.60000324 9.76341248 0.40000001
v 9.60215187 9.77793217 0.40000001
v 9.60570908 9.79217339 0.40000001
v 9.61064053 9.80599785 0.40000001
v 9.61690044 9.81927490 0.40000001
v 9.62442684 9.83187485 0.40000001
v 9.63315010 9.84368134 0.40000001
v 9.64298439 9.85457611 0.40000001
v 9.65383720 9.86445999 0.40000001
v 9.66560364 9.87323380 0.40000001
v 9.67817116 9.88081741 0.40000001
v 9.69141960 9.88713455 0.40000001
v 9.69686890 9.88910675 0.40000001
v 9.69866753 9.89412498 0.40000001
v 10.85429382 9.98314190 0.40000001
v 9.70493603 9.90738106 0.40000001
v 10.84796333 9.99635506 0.40000001
v 9.71246910 9.91996002 0.40000001
v 10.84037304 10.00888729 0.40000001
v 9.72119331 9.93174362 0.40000001
v 10.83159637 10.02061939 0.40000001
v 9.73102760 9.94262028 0.40000001
v 10.82171726 10.03143883 0.40000001
v 9.74187660 9.95248413 0.40000001
v 10.81082916 10.04124355 0.40000001
v 9.75363636 9.96124172 0.40000001
v 10.79903698 10.04993916 0.40000001
v 9.76619530 9.96880913 0.40000001
v 10.78645229 10.05744267 0.40000001
v 9.77943230 9.97511482 0.40000001
v 9.78480244 9.97705460 0.40000001
v 10.75939369 10.06859970 0.40000001
v 9.78654385 9.98192501 0.40000001
v 10.77319622 10.06368256 0.40000001
v 9.79280281 9.99518013 0.40000001
v 9.80032635 10.00776291 0.40000001
v 10.74517822 10.07214642 0.40000001
v 9.80904198 10.01954937 0.40000001
v 10.73068428 10.07428932 0.40000001
v 9.81886673 10.03042984 0.40000001
v 9.82970619 10.04029846 0.40000001
v 10.71605015 10.07500839 0.40000001
v 9.84145737 10.04906273 0.40000001
v 10.95372868 9.85137463 0.40000001
v 10.95158005 9.86589432 0.40000001
v 10.87555885 9.96877289 0.40000001
v 10.86231041 9.97509098 0.40000001
v 10.85645294 9.97720909 0.40000001
v 10.92057991 9.93163872 0.40000001
v 10.91074562 9.94253445 0.40000001
v 10.94308949 9.89395809 0.40000001
v 10.93683052 9.90723419 0.40000001
v 10.94802189 9.88013458 0.40000001
v 10.92930222 9.91983414 0.40000001
v 10.89989281 9.95241737 0.40000001
v 10.88812637 9.96119118 0.40000001
v 10.67643452 10.07501793 0.40000001
v 9.85400867 10.05663776 0.40000001
v 9.86723900 10.06295204 0.40000001
v 9.87334633 10.06516361 0.40000001
v 9.87560558 10.07133770 0.40000001
v 9.88194847 10.08452797 0.40000001
v 10.66432285 10.09694672 0.40000001
v 9.88954735 10.09703636 0.40000001
v 10.65554333 10.10866737 0.40000001
v 9.89832878 10.10874557 0.40000001
v 10.64566231 10.11947632 0.40000001
v 9.90820980 10.11954212 0.40000001
v 10.63477421 10.12926960 0.40000001
v 9.91909599 10.12932491 0.40000001
v 10.62298298 10.13795471 0.40000001
v 9.93088436 10.13800049 0.40000001
v 10.61040115 10.14544868 0.40000001
v 9.94346142 10.14548492 0.40000001
v 10.59714890 10.15168095 0.40000001
v 9.95670795 10.15170956 0.40000001
v 10.58335209 10.15659046 0.40000001
v 9.97049809 10.15661240 0.40000001
v 10.56914139 10.16013145 0.40000001
v 9.98470020 10.16014862 0.40000001
v 10.55465412 10.16226959 0.40000001
v 9.99917984 10.16228294 0.40000001
v 10.54002666 10.16298485 0.40000001
v 10.01379871 10.16299725 0.40000001
v 10.67191792 10.08442497 0.40000001
v 12.85346985 8.31594849 0.40000001
v 12.60354233 6.11707401 0.40000001
v 12.60736275 6.12516212 0.40000001
v 12.61488533 6.13774395 0.40000001
v 12.62360191 6.14953089 0.40000001
v 12.63342571 6.16041088 0.40000001
v 12.64426613 6.17027998 0.40000001
v 12.65601730 6.17904425 0.40000001
v 12.66856766 6.18661928 0.40000001
v 12.68179703 6.19293261 0.40000001
v 12.68738747 6.19495773 0.40000001
v 12.68932152 6.20033216 0.40000001
v 12.60359478 6.87429047 0.40000001
v 12.74484444 6.72366190 0.40000001
v 12.75742626 6.71613836 0.40000001
v 12.72217751 6.74220181 0.40000001
v 12.73305702 6.73237753 0.40000001
v 12.71230793 6.75304174 0.40000001
v 12.65643501 6.81193542 0.40000001
v 12.66900730 6.80438423 0.40000001
v 12.64466095 6.82067776 0.40000001
v 12.61520386 6.85316658 0.40000001
v 12.62394714 6.84139252 0.40000001
v 12.60765266 6.86573839 0.40000001
v 12.63379669 6.83052826 0.40000001
v 12.68965530 6.79057360 0.40000001
v 12.69596863 6.77734375 0.40000001
v 12.70354462 6.76479292 0.40000001
v 12.68763065 6.79616404 0.40000001
v 12.68225670 6.79809713 0.40000001
v 11.80338383 11.01958275 0.40000001
v 11.81719208 11.01465988 0.40000001
v 11.79012108 11.02582932 0.40000001
v 11.75484753 11.05186176 0.40000001
v 11.76573753 11.04204750 0.40000001
v 11.74496841 11.06269264 0.40000001
v 11.73619366 11.07443619 0.40000001
v 11.72860718 11.08698082 0.40000001
v 11.77753258 11.03334236 0.40000001
v 11.83141518 11.01110840 0.40000001
v 11.84591770 11.00896263 0.40000001
v 11.86055946 11.00824165 0.40000001
v 11.98802185 11.00820923 0.40000001
v 12.85346985 10.05491066 0.40000001
v 12.65598869 10.41849327 0.40000001
v 12.66854286 10.41091251 0.40000001
v 12.81993866 10.07571793 0.40000001
v 12.83167076 10.06694126 0.40000001
v 12.80911827 10.08559799 0.40000001
v 12.84420395 10.05935097 0.40000001
v 12.79931450 10.09648705 0.40000001
v 12.79061890 10.10828018 0.40000001
v 12.78311539 10.12086582 0.40000001
v 12.77687645 10.13412285 0.40000001
v 12.77195930 10.14792633 0.40000001
v 12.76841354 10.16214275 0.40000001
v 12.76627159 10.17663765 0.40000001
v 12.76555347 10.19127274 0.40000001
v 12.76553440 10.31846333 0.40000001
v 12.73305702 10.33853149 0.40000001
v 12.74484444 10.32981491 0.40000001
v 12.72217751 10.34835625 0.40000001
v 12.75742626 10.32229233 0.40000001
v 12.71230793 10.35919571 0.40000001
v 12.70354462 10.37094688 0.40000001
v 12.69596863 10.38349724 0.40000001
v 12.68965530 10.39672661 0.40000001
v 12.68756580 10.40249634 0.40000001
v 12.68177605 10.40459442 0.40000001
v 12.04125214 10.94546890 0.40000001
v 12.05384064 10.93794823 0.40000001
v 12.02945709 10.95418358 0.40000001
v 12.06710434 10.93169212 0.40000001
v 12.09514236 10.92320251 0.40000001
v 12.10964870 10.92104912 0.40000001
v 12.08091545 10.92676067 0.40000001
v 12.12429619 10.92032433 0.40000001
v 12.16372967 10.92030048 0.40000001
v 12.25597286 10.82351303 0.40000001
v 12.26354218 10.81094170 0.40000001
v 12.27230453 10.79916954 0.40000001
v 12.28217506 10.78830910 0.40000001
v 12.29306030 10.77846622 0.40000001
v 12.30485439 10.76973343 0.40000001
v 12.31744576 10.76219559 0.40000001
v 12.33071327 10.75592422 0.40000001
v 12.19365120 10.87688255 0.40000001
v 12.20449066 10.86701298 0.40000001
v 12.18382645 10.88776207 0.40000001
v 12.22879219 10.85067368 0.40000001
v 12.24202251 10.84436035 0.40000001
v 12.21624184 10.85824871 0.40000001
v 12.16758728 10.91213036 0.40000001
v 12.17511082 10.89954948 0.40000001
v 12.24966812 10.83676529 0.40000001
v 12.24766445 10.84231663 0.40000001
v 12.46875191 10.69069672 0.40000001
v 12.48052597 10.68195343 0.40000001
v 12.49309731 10.67440224 0.40000001
v 12.50634575 10.66811562 0.40000001
v 12.62356949 10.44802666 0.40000001
v 12.63339424 10.43713951 0.40000001
v 12.60107708 10.48567390 0.40000001
v 12.60733318 10.47241020 0.40000001
v 12.61485481 10.45982170 0.40000001
v 12.64423561 10.42726326 0.40000001
v 12.59614563 10.49948502 0.40000001
v 12.59258747 10.51371193 0.40000001
v 12.59043503 10.52821827 0.40000001
v 12.58970928 10.54286575 0.40000001
v 12.53639793 10.62306023 0.40000001
v 12.54626751 10.61222076 0.40000001
v 12.58151627 10.58615685 0.40000001
v 12.58968544 10.58229923 0.40000001
v 12.55714798 10.60239601 0.40000001
v 12.56893444 10.59368038 0.40000001
v 12.51374626 10.66059208 0.40000001
v 12.52005959 10.64736176 0.40000001
v 12.52763367 10.63481140 0.40000001
v 12.51172066 10.66618252 0.40000001
v 12.34453011 10.75097847 0.40000001
v 12.35876465 10.74740791 0.40000001
v 12.37327957 10.74524498 0.40000001
v 12.38793564 10.74450970 0.40000001
v 12.42761040 10.74446487 0.40000001
v 12.44803619 10.71141052 0.40000001
v 12.45788765 10.70054626 0.40000001
v 12.43929482 10.72318554 0.40000001
v 12.43174362 10.73575687 0.40000001
v 11.99992371 10.98660278 0.40000001
v 12.00869370 10.97484970 0.40000001
v 12.01856995 10.96400833 0.40000001
v 11.99234295 10.99915695 0.40000001
v 0.45360136 0.43291426 1.60000002
v 0.44375086 0.44377565 1.60000002
v 0.40000105 0.47396564 1.60000002
v 0.40854359 0.46991253 1.60000002
v 0.42111397 0.46236372 1.60000002
v 0.43288708 0.45362377 1.60000002
v 0.40000057 0.62946844 1.60000002
v 0.46989584 0.40857458 1.60000002
v 0.46234417 0.42114305 1.60000002
v 4.55900097 0.62949324 1.60000002
v 0.47396660 0.40000010 1.60000002
v 4.57361937 0.63020706 1.60000002
v 4.58809853 0.63234282 1.60000002
v 4.60230064 0.63587856 1.60000002
v 4.61609030 0.64078236 1.60000002
v 4.62933636 0.64700603 1.60000002
v 4.64191341 0.65449142 1.60000002
v 4.65370083 0.66316700 1.60000002
v 4.66458654 0.67294979 1.60000002
v 4.67446709 0.68374681 1.60000002
v 4.68324852 0.69545507 1.60000002
v 4.69084692 0.70796394 1.60000002
v 4.69540644 0.71744442 1.60000002
v 4.99877691 0.71744823 1.60000002
v 5.01339531 0.71816254 1.60000002
v 5.02787399 0.72029781 1.60000002
v 5.04207611 0.72383404 1.60000002
v 5.05586576 0.72873735 1.60000002
v 5.06911182 0.73496151 1.60000002
v 5.08168888 0.74244690 1.60000002
v 5.09347582 0.75112200 1.60000002
v 5.10436153 0.76090479 1.60000002
v 5.11424208 0.77170181 1.60000002
v 5.12302351 0.78341055 1.60000002
v 5.13062191 0.79591894 1.60000002
v 5.13519287 0.80542421 1.60000002
v 5.35087395 0.80546570 1.60000002
v 5.36551714 0.80618525 1.60000002
v 5.38002014 0.80833054 1.60000002
v 5.39424419 0.81188107 1.60000002
v 5.40805340 0.81680346 1.60000002
v 5.42131615 0.82305050 1.60000002
v 5.43390608 0.83056211 1.60000002
v 5.44570255 0.83926725 1.60000002
v 5.45659256 0.84908247 1.60000002
v 5.46647263 0.85991335 1.60000002
v 5.47524834 0.87165737 1.60000002
v 5.48283577 0.88420200 1.60000002
v 5.48723793 0.89340544 1.60000002
v 5.52681351 0.89342070 1.60000002
v 5.54145432 0.89414263 1.60000002
v 5.55595493 0.89629030 1.60000002
v 5.57017660 0.89984274 1.60000002
v 5.58398342 0.90476704 1.60000002
v 5.59724426 0.91101503 1.60000002
v 5.60983133 0.91852760 1.60000002
v 5.62162495 0.92723274 1.60000002
v 5.63251305 0.93704748 1.60000002
v 5.64239120 0.94787836 1.60000002
v 5.65116453 0.95962143 1.60000002
v 5.65875006 0.97216511 1.60000002
v 5.66313744 0.98133802 1.60000002
v 5.70261717 0.98134661 1.60000002
v 5.71725082 0.98206568 1.60000002
v 5.73174524 0.98420858 1.60000002
v 5.74596119 0.98775530 1.60000002
v 5.75976276 0.99267244 1.60000002
v 5.77301931 0.99891233 1.60000002
v 5.78560352 1.00641584 1.60000002
v 5.79739618 1.01511145 1.60000002
v 5.80828381 1.02491570 1.60000002
v 5.81816292 1.03573561 1.60000002
v 5.82693958 1.04746819 1.60000002
v 5.83452988 1.06000042 1.60000002
v 5.83906364 1.06946278 1.60000002
v 5.87908125 1.06952143 1.60000002
v 5.89374161 1.07026148 1.60000002
v 5.90825939 1.07243061 1.60000002
v 5.92249537 1.07600832 1.60000002
v 5.93631363 1.08096075 1.60000002
v 5.94958210 1.08723974 1.60000002
v 5.96217251 1.09478569 1.60000002
v 5.97396564 1.10352564 1.60000002
v 5.98484802 1.11337709 1.60000002
v 5.99471521 1.12424469 1.60000002
v 6.00347328 1.13602495 1.60000002
v 6.01103783 1.14860439 1.60000002
v 6.01518440 1.15733337 1.60000002
v 6.05476475 1.15736723 1.60000002
v 6.06941700 1.15809679 1.60000002
v 6.08392811 1.16025448 1.60000002
v 6.09815884 1.16381979 1.60000002
v 6.11197329 1.16875744 1.60000002
v 6.12523937 1.17502165 1.60000002
v 6.13782978 1.18255138 1.60000002
v 6.14962482 1.19127512 1.60000002
v 6.16051102 1.20110941 1.60000002
v 6.17038488 1.21196032 1.60000002
v 6.17915106 1.22372341 1.60000002
v 6.18672657 1.23628712 1.60000002
v 6.19303846 1.24953032 1.60000002
v 6.19499016 1.25492954 1.60000002
v 6.19986153 1.25667095 1.60000002
v 6.21311712 1.26293039 1.60000002
v 6.22569895 1.27045393 1.60000002
v 6.23748589 1.27916956 1.60000002
v 6.24836636 1.28899384 1.60000002
v 6.25823498 1.29983377 1.60000002
v 6.26699924 1.31158495 1.60000002
v 6.27457428 1.32413578 1.60000002
v 6.28088760 1.33736563 1.60000002
v 6.28295279 1.34306669 1.60000002
v 6.28859663 1.34510612 1.60000002
v 6.30183458 1.35141134 1.60000002
v 6.31439304 1.35897875 1.60000002
v 6.32615328 1.36773634 1.60000002
v 6.33700180 1.37760019 1.60000002
v 6.34683561 1.38847589 1.60000002
v 6.35556078 1.40025997 1.60000002
v 6.36309338 1.41283941 1.60000002
v 6.36706543 1.42123795 1.60000002
v 6.40669775 1.42128325 1.60000002
v 6.42135429 1.42201805 1.60000002
v 6.43586922 1.42418146 1.60000002
v 6.45010328 1.42775249 1.60000002
v 6.46392012 1.43269777 1.60000002
v 6.47718763 1.43896961 1.60000002
v 6.48977900 1.44650745 1.60000002
v 6.50157309 1.45523977 1.60000002
v 6.51245785 1.46508312 1.60000002
v 6.52232838 1.47594261 1.60000002
v 6.53109074 1.48771477 1.60000002
v 6.53866053 1.50028706 1.60000002
v 6.54496574 1.51353836 1.60000002
v 6.54688931 1.51886988 1.60000002
v 6.55199432 1.52070236 1.60000002
v 6.56524706 1.52698040 1.60000002
v 6.57782316 1.53452206 1.60000002
v 6.58960295 1.54325628 1.60000002
v 6.60047388 1.55309868 1.60000002
v 6.61033154 1.56395578 1.60000002
v 6.61908150 1.57572317 1.60000002
v 6.62664127 1.58828926 1.60000002
v 6.63293743 1.60153294 1.60000002
v 6.63483334 1.60679293 1.60000002
v 6.63979197 1.60856915 1.60000002
v 6.65304661 1.61483765 1.60000002
v 6.66562653 1.62237072 1.60000002
v 6.67741060 1.63109589 1.60000002
v 6.68828630 1.64092970 1.60000002
v 6.69815016 1.65177822 1.60000002
v 6.70690775 1.66353846 1.60000002
v 6.71447515 1.67609692 1.60000002
v 6.72078037 1.68933487 1.60000002
v 6.72272062 1.69470453 1.60000002
v 6.72759104 1.69644594 1.60000002
v 6.74084711 1.70270538 1.60000002
v 6.75342846 1.71022892 1.60000002
v 6.76521587 1.71894455 1.60000002
v 6.77609587 1.72876883 1.60000002
v 6.78596497 1.73960876 1.60000002
v 6.79472876 1.75135994 1.60000002
v 6.80230379 1.76391053 1.60000002
v 6.80861759 1.77714062 1.60000002
v 6.81068277 1.78284192 1.60000002
v 6.81635618 1.78489304 1.60000002
v 6.82959938 1.79120493 1.60000002
v 6.84216309 1.79878020 1.60000002
v 6.85392618 1.80754662 1.60000002
v 6.86477709 1.81742024 1.60000002
v 6.87461138 1.82830644 1.60000002
v 6.88333511 1.84010148 1.60000002
v 6.89086485 1.85269213 1.60000002
v 6.89712906 1.86595821 1.60000002
v 6.90206671 1.87977266 1.60000002
v 6.90563202 1.89400339 1.60000002
v 6.90778971 1.90851450 1.60000002
v 6.90851927 1.92316675 1.60000002
v 6.90855312 1.96269631 1.60000002
v 6.91675711 1.96657014 1.60000002
v 6.92933846 1.97409368 1.60000002
v 6.94112587 1.98280931 1.60000002
v 6.95200586 1.99263382 1.60000002
v 6.96187496 2.00347352 1.60000002
v 6.97063875 2.01522470 1.60000002
v 6.97821379 2.02777529 1.60000002
v 6.98452759 2.04100537 1.60000002
v 6.98664427 2.04684973 1.60000002
v 6.99254227 2.04899168 1.60000002
v 7.00576639 2.05531669 1.60000002
v 7.01831007 2.06290197 1.60000002
v 7.03005314 2.07167554 1.60000002
v 7.04088402 2.08155346 1.60000002
v 7.05069876 2.09244132 1.60000002
v 7.05940390 2.10423517 1.60000002
v 7.06691647 2.11682248 1.60000002
v 7.07316446 2.13008308 1.60000002
v 7.07808828 2.14389014 1.60000002
v 7.08164120 2.15811181 1.60000002
v 7.08378887 2.17261219 1.60000002
v 7.08451080 2.18725324 1.60000002
v 7.08452606 2.22659111 1.60000002
v 7.09266710 2.23043513 1.60000002
v 7.10524845 2.23795843 1.60000002
v 7.11703587 2.24667406 1.60000002
v 7.12791586 2.25649881 1.60000002
v 7.13778496 2.26733828 1.60000002
v 7.14654875 2.27908969 1.60000002
v 7.15412378 2.29164028 1.60000002
v 7.16043758 2.30487037 1.60000002
v 7.16252708 2.31063938 1.60000002
v 7.16831636 2.31273699 1.60000002
v 7.18155050 2.31905556 1.60000002
v 7.19410419 2.32663608 1.60000002
v 7.20585775 2.33540606 1.60000002
v 7.21669912 2.34528208 1.60000002
v 7.22652388 2.35616946 1.60000002
v 7.23523855 2.36796427 1.60000002
v 7.24275970 2.38055372 1.60000002
v 7.24901581 2.39381742 1.60000002
v 7.25394678 2.40762854 1.60000002
v 7.25750542 2.42185521 1.60000002
v 7.25965786 2.43636155 1.60000002
v 7.26038361 2.45100856 1.60000002
v 7.26040745 2.49049330 1.60000002
v 7.26910162 2.49462366 1.60000002
v 7.28168154 2.50218821 1.60000002
v 7.29346132 2.51094580 1.60000002
v 7.30432940 2.52081323 1.60000002
v 7.31418037 2.53169537 1.60000002
v 7.32292080 2.54348850 1.60000002
v 7.33046675 2.55607939 1.60000002
v 7.33674574 2.56934738 1.60000002
v 7.34169769 2.58316588 1.60000002
v 7.34527588 2.59740210 1.60000002
v 7.34744501 2.61191964 1.60000002
v 7.34818459 2.62658000 1.60000002
v 7.34824371 2.66659760 1.60000002
v 7.35770893 2.67113328 1.60000002
v 7.37024164 2.67872405 1.60000002
v 14.27473927 0.40000105 1.60000002
v 7.38197422 2.68750119 1.60000002
v 7.41879749 2.73264861 1.60000002
v 7.41129398 2.72006321 1.60000002
v 7.39279413 2.69738126 1.60000002
v 7.40259886 2.70827007 1.60000002
v 7.42503691 2.74590611 1.60000002
v 7.42995358 2.75970888 1.60000002
v 7.43349981 2.77392554 1.60000002
v 7.43564177 2.78842044 1.60000002
v 7.43635941 2.80305529 1.60000002
v 10.13840485 2.65755296 1.60000002
v 10.13346672 2.67136741 1.60000002
v 10.12990189 2.68559813 1.60000002
v 10.12774467 2.70010924 1.60000002
v 10.12701416 2.71476150 1.60000002
v 10.09365273 2.77505136 1.60000002
v 10.10541630 2.76628494 1.60000002
v 10.12698078 2.75441957 1.60000002
v 10.11797905 2.75870967 1.60000002
v 10.08280182 2.78492475 1.60000002
v 10.07296753 2.79581118 1.60000002
v 10.06424427 2.80760598 1.60000002
v 10.05671406 2.82019663 1.60000002
v 10.05045033 2.83346272 1.60000002
v 10.04551220 2.84727740 1.60000002
v 10.04194736 2.86150813 1.60000002
v 10.48535538 2.14351296 1.60000002
v 10.54531765 2.06252551 1.60000002
v 10.60063744 2.00431037 1.60000002
v 10.59192085 2.01609755 1.60000002
v 10.55788994 2.05495548 1.60000002
v 10.57114124 2.04865026 1.60000002
v 10.58439827 2.02867913 1.60000002
v 10.57641792 2.04674649 1.60000002
v 10.57813835 2.04193497 1.60000002
v 10.51284218 2.09204292 1.60000002
v 10.50411034 2.10383725 1.60000002
v 10.52268600 2.08115840 1.60000002
v 10.53354549 2.07128763 1.60000002
v 10.49657249 2.11642861 1.60000002
v 10.49030018 2.12969613 1.60000002
v 10.82180214 1.79106522 1.60000002
v 10.83504581 1.78476882 1.60000002
v 11.06169033 1.54319477 1.60000002
v 11.04093552 1.56389761 1.60000002
v 11.05080605 1.55303812 1.60000002
v 11.03217316 1.57566977 1.60000002
v 11.02460289 1.58824205 1.60000002
v 11.01829815 1.60149336 1.60000002
v 11.01158237 1.60849094 1.60000002
v 11.01639366 1.60677052 1.60000002
v 10.90960979 1.70323086 1.60000002
v 10.94444466 1.66340494 1.60000002
v 10.93686962 1.67595530 1.60000002
v 10.93055630 1.68918562 1.60000002
v 10.92284775 1.69692564 1.60000002
v 10.92849159 1.69488621 1.60000002
v 10.88529110 1.71955585 1.60000002
v 10.87444210 1.72941971 1.60000002
v 10.86460876 1.74029589 1.60000002
v 10.85588264 1.75207973 1.60000002
v 10.84835052 1.76465940 1.60000002
v 10.84030533 1.78287268 1.60000002
v 10.84208202 1.77791452 1.60000002
v 10.89705086 1.71079826 1.60000002
v 10.97395802 1.63098955 1.60000002
v 10.96307755 1.64081383 1.60000002
v 10.95320892 1.65165377 1.60000002
v 10.98574543 1.62227392 1.60000002
v 10.99832726 1.61475039 1.60000002
v 10.64560318 1.96722221 1.60000002
v 10.65883350 1.96090841 1.60000002
v 10.68920326 1.91564322 1.60000002
v 10.69906712 1.90479445 1.60000002
v 10.70994377 1.89496064 1.60000002
v 10.67287827 1.93996191 1.60000002
v 10.68044662 1.92740321 1.60000002
v 10.66657352 1.95319963 1.60000002
v 10.66453362 1.95884371 1.60000002
v 10.73430729 1.87870264 1.60000002
v 10.74756241 1.87243414 1.60000002
v 10.76049232 1.85245919 1.60000002
v 10.76803493 1.83988309 1.60000002
v 10.75242805 1.87069130 1.60000002
v 10.75421524 1.86571193 1.60000002
v 10.79746819 1.80737495 1.60000002
v 10.78661156 1.81723261 1.60000002
v 10.77676868 1.82810330 1.60000002
v 10.80923557 1.79862475 1.60000002
v 10.72172737 1.88623548 1.60000002
v 10.61046124 1.99343038 1.60000002
v 10.62130165 1.98356104 1.60000002
v 10.63305283 1.97479725 1.60000002
v 10.37005997 2.32591343 1.60000002
v 10.24007034 2.45591927 1.60000002
v 10.24878502 2.44412446 1.60000002
v 10.22629261 2.48177242 1.60000002
v 10.22136211 2.49558353 1.60000002
v 10.21780300 2.50981021 1.60000002
v 10.23254871 2.46850872 1.60000002
v 10.28120422 2.41459084 1.60000002
v 10.31278229 2.39859438 1.60000002
v 10.29375839 2.40701032 1.60000002
v 10.30699253 2.40069199 1.60000002
v 10.32876015 2.36704469 1.60000002
v 10.33752441 2.35529327 1.60000002
v 10.35827351 2.33462906 1.60000002
v 10.34739304 2.34445357 1.60000002
v 10.32118511 2.37959528 1.60000002
v 10.31487083 2.39282537 1.60000002
v 10.26945114 2.42336106 1.60000002
v 10.25860977 2.43323708 1.60000002
v 10.48178387 2.15774703 1.60000002
v 10.47962093 2.17226171 1.60000002
v 10.47888565 2.18691850 1.60000002
v 10.45786285 2.23805547 1.60000002
v 10.47044182 2.23052263 1.60000002
v 10.47884083 2.22655082 1.60000002
v 10.42533875 2.26746297 1.60000002
v 10.41658115 2.27922297 1.60000002
v 10.38264179 2.31839013 1.60000002
v 10.39589787 2.31213069 1.60000002
v 10.40901375 2.29178190 1.60000002
v 10.40076828 2.31038928 1.60000002
v 10.40270805 2.30501938 1.60000002
v 10.43520260 2.25661445 1.60000002
v 10.44607830 2.24678040 1.60000002
v 10.18160820 2.59914136 1.60000002
v 10.19337082 2.59037495 1.60000002
v 10.21565056 2.52431655 1.60000002
v 10.21492577 2.53896356 1.60000002
v 10.21490192 2.57852602 1.60000002
v 10.20593452 2.58279967 1.60000002
v 10.17075729 2.60901499 1.60000002
v 10.16092300 2.61990118 1.60000002
v 10.15219879 2.63169599 1.60000002
v 10.14466858 2.64428687 1.60000002
v 13.16555405 0.63020706 1.60000002
v 13.15107536 0.63234234 1.60000002
v 7.43637848 2.93054867 1.60000002
v 7.51790953 3.02357817 1.60000002
v 7.51299381 3.00977468 1.60000002
v 12.69686794 0.72388601 1.60000002
v 12.15532875 0.90471411 1.60000002
v 11.61406612 1.17494631 1.60000002
v 7.60591793 3.37563157 1.60000002
v 7.60945368 3.38983369 1.60000002
v 12.16913128 0.89979792 1.60000002
v 12.71108532 0.72034025 1.60000002
v 10.03978920 2.87601900 1.60000002
v 11.60147667 1.18246746 1.60000002
v 11.07348442 1.53446245 1.60000002
v 9.88060474 3.17241669 1.60000002
v 12.14207077 0.91095400 1.60000002
v 7.44566536 2.93499899 1.60000002
v 7.45819855 2.94259000 1.60000002
v 7.46993113 2.95136762 1.60000002
v 7.48075104 2.96124816 1.60000002
v 7.49055576 2.97213721 1.60000002
v 7.49925089 2.98393106 1.60000002
v 7.50675440 2.99651694 1.60000002
v 7.52145529 3.03779531 1.60000002
v 7.52359724 3.05229068 1.60000002
v 7.52431440 3.06692576 1.60000002
v 7.52433825 3.28251863 1.60000002
v 7.53383255 3.28708458 1.60000002
v 7.54634142 3.29468322 1.60000002
v 7.55805016 3.30346465 1.60000002
v 7.56884718 3.31334519 1.60000002
v 7.57862997 3.32423115 1.60000002
v 7.58730507 3.33601856 1.60000002
v 7.59479046 3.34859538 1.60000002
v 7.60101414 3.36184168 1.60000002
v 7.61158895 3.40431285 1.60000002
v 7.61230326 3.41893125 1.60000002
v 9.90660858 3.13715219 1.60000002
v 9.89680386 3.14804006 1.60000002
v 9.88810825 3.15983224 1.60000002
v 9.87436485 3.18567324 1.60000002
v 9.86944771 3.19947505 1.60000002
v 9.86590099 3.21369100 1.60000002
v 9.86375809 3.22818494 1.60000002
v 10.00581551 2.95083737 1.60000002
v 10.01758766 2.94207525 1.60000002
v 9.96884251 2.99597812 1.60000002
v 9.96257019 3.00924563 1.60000002
v 9.95762539 3.02306271 1.60000002
v 9.95405388 3.03729653 1.60000002
v 9.99495602 2.96070814 1.60000002
v 9.98511314 2.97159266 1.60000002
v 9.97638035 2.98338699 1.60000002
v 10.03905964 2.89067149 1.60000002
v 10.03015995 2.93450522 1.60000002
v 10.03902626 2.93028665 1.60000002
v 9.95189095 3.05181146 1.60000002
v 9.95115662 3.06646824 1.60000002
v 9.94169331 3.11090636 1.60000002
v 9.91742897 3.12727308 1.60000002
v 9.92916107 3.11849642 1.60000002
v 9.95111084 3.10639381 1.60000002
v 9.79264641 3.34833336 1.60000002
v 9.78640747 3.36159086 1.60000002
v 9.78149033 3.37539363 1.60000002
v 9.77794456 3.38961029 1.60000002
v 9.77580261 3.40410519 1.60000002
v 9.81864929 3.31306601 1.60000002
v 9.85373497 3.28681803 1.60000002
v 9.84120178 3.29440880 1.60000002
v 9.82946968 3.30318594 1.60000002
v 9.86303902 3.24281907 1.60000002
v 9.86303043 3.28236365 1.60000002
v 9.80884552 3.32395482 1.60000002
v 9.80014992 3.33574796 1.60000002
v 9.77508450 3.41874003 1.60000002
v 9.72076988 3.58809519 1.60000002
v 9.73055267 3.57720947 1.60000002
v 9.75305843 3.55854774 1.60000002
v 9.76556683 3.55094934 1.60000002
v 9.74135017 3.56732893 1.60000002
v 9.77506542 3.54638100 1.60000002
v 9.67771053 3.90263724 1.60000002
v 9.65346813 3.91901326 1.60000002
v 9.63286495 3.93978357 1.60000002
v 9.64265919 3.92889500 1.60000002
v 9.66518879 3.91023278 1.60000002
v 9.61668587 3.96415782 1.60000002
v 9.60554504 3.99120903 1.60000002
v 9.61045456 3.97741127 1.60000002
v 9.60200500 4.00541973 1.60000002
v 9.59986782 4.01990795 1.60000002
v 9.62417984 3.95157528 1.60000002
v 9.59915352 4.03453588 1.60000002
v 9.70460892 3.61245894 1.60000002
v 9.69838524 3.62570524 1.60000002
v 9.71209431 3.59988236 1.60000002
v 9.69348145 3.63949490 1.60000002
v 9.68994522 3.65369678 1.60000002
v 9.68780994 3.66817570 1.60000002
v 9.68709564 3.68279386 1.60000002
v 9.68709278 3.89813280 1.60000002
v 9.59917450 4.64712906 1.60000002
v 9.59989071 4.66176510 1.60000002
v 9.60203171 4.67626143 1.60000002
v 9.60557652 4.69047928 1.60000002
v 9.61049271 4.70428371 1.60000002
v 9.61673164 4.71754265 1.60000002
v 9.62423420 4.73012924 1.60000002
v 9.63292885 4.74192429 1.60000002
v 9.64273357 4.75281429 1.60000002
v 9.65355396 4.76269531 1.60000002
v 9.66528702 4.77147388 1.60000002
v 9.67782021 4.77906561 1.60000002
v 9.69103432 4.78539848 1.60000002
v 9.69704056 4.78758478 1.60000002
v 9.69918633 4.79351139 1.60000002
v 9.70550060 4.80674171 1.60000002
v 9.71307564 4.81929207 1.60000002
v 9.72183895 4.83104324 1.60000002
v 9.73170853 4.84188318 1.60000002
v 9.74258804 4.85170746 1.60000002
v 9.75437546 4.86042309 1.60000002
v 9.76695728 4.86794662 1.60000002
v 9.78021336 4.87420607 1.60000002
v 9.78508377 4.87594748 1.60000002
v 9.78702354 4.88131714 1.60000002
v 9.79332924 4.89455509 1.60000002
v 9.80089664 4.90711355 1.60000002
v 9.80965424 4.91887379 1.60000002
v 9.81951809 4.92972231 1.60000002
v 9.83039379 4.93955612 1.60000002
v 9.84217834 4.94828129 1.60000002
v 9.85475731 4.95581388 1.60000002
v 9.86801243 4.96208286 1.60000002
v 9.87325668 4.96396112 1.60000002
v 9.87535191 4.96971607 1.60000002
v 9.88168430 4.98293018 1.60000002
v 9.88927650 4.99546385 1.60000002
v 9.89805508 5.00719690 1.60000002
v 9.90793705 5.01801729 1.60000002
v 9.91882706 5.02782154 1.60000002
v 9.93062210 5.03651714 1.60000002
v 9.94320869 5.04401970 1.60000002
v 9.95646858 5.05025864 1.60000002
v 9.97027302 5.05517387 1.60000002
v 9.98449135 5.05871868 1.60000002
v 9.99898720 5.06085968 1.60000002
v 9.95670509 5.74217033 1.60000002
v 9.97049522 5.73726654 1.60000002
v 9.98469734 5.73373079 1.60000002
v 9.99917603 5.73159552 1.60000002
v 10.01379490 5.73088121 1.60000002
v 10.01362419 5.06157541 1.60000002
v 7.61230755 9.79087067 1.60000002
v 9.94345856 5.74839401 1.60000002
v 12.85346985 5.73087645 1.60000002
v 9.59913635 6.14562750 1.60000002
v 9.76656628 5.83684063 1.60000002
v 9.61662579 6.07532978 1.60000002
v 9.72141457 5.87390947 1.60000002
v 9.71265984 5.88570833 1.60000002
v 9.70510006 5.89830685 1.60000002
v 9.61040974 6.08857012 1.60000002
v 9.60551262 6.10235310 1.60000002
v 9.60198116 6.11654758 1.60000002
v 9.59984970 6.13101816 1.60000002
v 9.75396729 5.84439993 1.60000002
v 9.74216843 5.85315561 1.60000002
v 9.73128319 5.86302376 1.60000002
v 11.27451801 1.43317890 1.60000002
v 11.28882885 1.41193962 1.60000002
v 11.28036213 1.43106174 1.60000002
v 11.28250408 1.42516375 1.60000002
v 11.36359596 1.34454155 1.60000002
v 11.37740326 1.33961773 1.60000002
v 11.39162445 1.33606529 1.60000002
v 11.40612507 1.33391762 1.60000002
v 11.30518818 1.38765335 1.60000002
v 11.31506634 1.37682247 1.60000002
v 11.33774757 1.35830212 1.60000002
v 11.35033512 1.35078955 1.60000002
v 11.32595444 1.36700726 1.60000002
v 11.29641438 1.39939642 1.60000002
v 11.42076588 1.33319569 1.60000002
v 11.46010399 1.33318043 1.60000002
v 11.46394730 1.32503939 1.60000002
v 11.49001122 1.28979063 1.60000002
v 11.52515221 1.26358271 1.60000002
v 11.51260185 1.27115726 1.60000002
v 11.50085068 1.27992153 1.60000002
v 11.48018646 1.30067062 1.60000002
v 11.47147083 1.31245756 1.60000002
v 11.81680012 1.07593298 1.60000002
v 11.83103371 1.07236147 1.60000002
v 11.84554863 1.07019806 1.60000002
v 11.86020660 1.06946373 1.60000002
v 11.90013123 1.06941795 1.60000002
v 11.91223431 1.04746819 1.60000002
v 11.92101097 1.03573561 1.60000002
v 11.90464401 1.06000042 1.60000002
v 11.95356941 1.00641584 1.60000002
v 11.94177818 1.01511145 1.60000002
v 11.93089008 1.02491570 1.60000002
v 11.96615410 0.99891233 1.60000002
v 11.97941017 0.99267244 1.60000002
v 11.64114094 1.16375923 1.60000002
v 11.57879448 1.20100737 1.60000002
v 11.55256844 1.23615599 1.60000002
v 11.54415131 1.25517941 1.60000002
v 11.54624939 1.24939013 1.60000002
v 11.56014824 1.22360182 1.60000002
v 11.56891823 1.21184826 1.60000002
v 11.58968163 1.19118261 1.60000002
v 11.62732983 1.16869020 1.60000002
v 11.65536785 1.16020060 1.60000002
v 11.66987419 1.15804815 1.60000002
v 11.68452072 1.15732241 1.60000002
v 11.75444603 1.11326313 1.60000002
v 11.72404099 1.15729904 1.60000002
v 11.73581314 1.13589478 1.60000002
v 11.74457550 1.12412262 1.60000002
v 11.72824287 1.14846706 1.60000002
v 11.53838348 1.25726891 1.60000002
v 11.77712440 1.09468746 1.60000002
v 11.76533031 1.10342026 1.60000002
v 11.78971577 1.08714962 1.60000002
v 11.80298328 1.08087778 1.60000002
v 12.74021626 0.71748161 1.60000002
v 12.18334770 0.89625168 1.60000002
v 12.19784355 0.89410973 1.60000002
v 12.21247768 0.89339161 1.60000002
v 12.00742912 0.98420858 1.60000002
v 12.02192307 0.98206568 1.60000002
v 12.03655624 0.98134661 1.60000002
v 12.07610130 0.98133802 1.60000002
v 12.09692383 0.94777727 1.60000002
v 12.08814621 0.95950937 1.60000002
v 12.08055592 0.97204256 1.60000002
v 11.99321270 0.98775530 1.60000002
v 12.10680389 0.93695688 1.60000002
v 12.11769295 0.92715263 1.60000002
v 12.12948608 0.91845703 1.60000002
v 12.34004211 0.89337301 1.60000002
v 12.37080765 0.84892654 1.60000002
v 12.38169479 0.83913279 1.60000002
v 12.35214806 0.87145615 1.60000002
v 12.34455299 0.88397694 1.60000002
v 12.36092663 0.85973549 1.60000002
v 12.41931820 0.81672144 1.60000002
v 12.40606689 0.82295322 1.60000002
v 12.39348507 0.83044767 1.60000002
v 12.43311501 0.81181145 1.60000002
v 12.44732475 0.80827045 1.60000002
v 12.46181107 0.80613184 1.60000002
v 12.47643852 0.80541563 1.60000002
v 12.60384178 0.80540705 1.60000002
v 12.61587811 0.78359699 1.60000002
v 12.60828686 0.79613018 1.60000002
v 12.64542580 0.75123930 1.60000002
v 12.66980648 0.73504114 1.60000002
v 12.65722084 0.74254417 1.60000002
v 12.63453674 0.76104403 1.60000002
v 12.62465668 0.77186441 1.60000002
v 12.68306446 0.72880173 1.60000002
v 12.72558117 0.71819878 1.60000002
v 11.09934425 1.52065277 1.60000002
v 11.11316109 1.51570749 1.60000002
v 11.12739468 1.51213646 1.60000002
v 11.14190960 1.50997305 1.60000002
v 11.15656662 1.50923824 1.60000002
v 11.08607578 1.52692461 1.60000002
v 11.23698616 1.45583153 1.60000002
v 11.21632195 1.47658062 1.60000002
v 11.22614670 1.46570063 1.60000002
v 11.20760632 1.48836756 1.60000002
v 11.20008278 1.50094938 1.60000002
v 11.19618988 1.50919294 1.60000002
v 11.24873734 1.44706726 1.60000002
v 11.26128769 1.43949223 1.60000002
v 13.04376221 0.71745491 1.60000002
v 13.04832649 0.70796394 1.60000002
v 13.06470680 0.68374634 1.60000002
v 13.07458687 0.67294931 1.60000002
v 13.05592537 0.69545507 1.60000002
v 13.10983753 0.64700603 1.60000002
v 13.08547306 0.66316652 1.60000002
v 13.09726048 0.65449142 1.60000002
v 13.12308311 0.64078236 1.60000002
v 13.13687325 0.63587856 1.60000002
v 13.18017292 0.62949324 1.60000002
v 14.27473831 0.62948847 1.60000002
v 14.27879715 0.40855312 1.60000002
v 14.28634071 0.60837507 1.60000002
v 14.27879238 0.62094545 1.60000002
v 14.28634834 0.42112494 1.60000002
v 14.29509163 0.43289900 1.60000002
v 14.30494118 0.44376326 1.60000002
v 14.31580544 0.45361376 1.60000002
v 14.32757950 0.46235657 1.60000002
v 14.34015179 0.46990728 1.60000002
v 14.34870434 0.47396564 1.60000002
v 14.31579018 0.57588768 1.60000002
v 14.32756233 0.56714487 1.60000002
v 14.34012985 0.55959320 1.60000002
v 14.30492878 0.58573818 1.60000002
v 14.29508114 0.59660196 1.60000002
v 14.34870434 0.55552244 1.60000002
v 12.85346985 5.06161213 1.60000002
v 9.67751694 6.01382399 1.60000002
v 9.65332413 6.03020954 1.60000002
v 9.63276672 6.05097389 1.60000002
v 9.64253902 6.04009008 1.60000002
v 9.66501999 6.02142620 1.60000002
v 9.62410164 6.06275797 1.60000002
v 9.77984428 5.83055019 1.60000002
v 9.79367447 5.82558870 1.60000002
v 9.69880962 5.91158485 1.60000002
v 9.80792332 5.82200432 1.60000002
v 9.82245445 5.81983089 1.60000002
v 9.83712864 5.81908989 1.60000002
v 9.90820885 5.77433729 1.60000002
v 9.89832783 5.78513432 1.60000002
v 9.88194847 5.80935192 1.60000002
v 9.87729359 5.81903076 1.60000002
v 9.88954639 5.79684305 1.60000002
v 9.69384766 5.92541504 1.60000002
v 9.69026375 5.93966341 1.60000002
v 9.68809032 5.95419455 1.60000002
v 9.68734932 5.96886873 1.60000002
v 9.68729019 6.00911522 1.60000002
v 9.91909409 5.76455450 1.60000002
v 9.93088150 5.75587940 1.60000002
v 11.02450371 8.32450008 1.60000002
v 11.00821018 8.34884644 1.60000002
v 11.01695251 8.33707237 1.60000002
v 10.95458412 8.38991928 1.60000002
v 10.96314907 8.38585472 1.60000002
v 10.99835968 8.35971069 1.60000002
v 10.98749542 8.36956120 1.60000002
v 10.97572136 8.37830353 1.60000002
v 8.79888535 11.05186176 1.60000002
v 7.62122726 9.79512405 1.60000002
v 7.63378906 9.80270386 1.60000002
v 7.64555073 9.81147289 1.60000002
v 7.65639925 9.82135010 1.60000002
v 7.66623068 9.83223915 1.60000002
v 7.67495155 9.84403610 1.60000002
v 7.68247843 9.85663033 1.60000002
v 7.68873930 9.86989784 1.60000002
v 7.69367361 9.88371468 1.60000002
v 7.69723463 9.89794636 1.60000002
v 7.69938850 9.91245842 1.60000002
v 8.27132988 10.78812981 1.60000002
v 8.76361084 11.02582932 1.60000002
v 8.77620029 11.03334236 1.60000002
v 8.78799534 11.04204750 1.60000002
v 9.59928513 9.74875164 1.60000002
v 11.02856159 8.31594849 1.60000002
v 7.70011425 9.92711163 1.60000002
v 7.70018673 10.05487442 1.60000002
v 7.70952892 10.05935097 1.60000002
v 7.72206163 10.06694126 1.60000002
v 7.73379421 10.07571793 1.60000002
v 7.74461412 10.08559799 1.60000002
v 7.75441885 10.09648705 1.60000002
v 7.76311398 10.10828018 1.60000002
v 7.77061749 10.12086582 1.60000002
v 7.77685690 10.13412285 1.60000002
v 7.78177309 10.14792633 1.60000002
v 7.78531933 10.16214275 1.60000002
v 7.78746176 10.17663765 1.60000002
v 7.78817940 10.19127274 1.60000002
v 7.78819847 10.31851578 1.60000002
v 7.79677057 10.32258320 1.60000002
v 7.80934238 10.33013344 1.60000002
v 7.82111645 10.33887672 1.60000002
v 7.83198071 10.34872627 1.60000002
v 7.84183121 10.35959053 1.60000002
v 7.85057354 10.37136555 1.60000002
v 7.85812473 10.38393784 1.60000002
v 7.86441183 10.39718628 1.60000002
v 7.86626577 10.40233994 1.60000002
v 7.87131882 10.40415382 1.60000002
v 7.88457155 10.41043186 1.60000002
v 7.89714766 10.41797447 1.60000002
v 7.90892744 10.42670822 1.60000002
v 7.91979837 10.43655014 1.60000002
v 7.92965603 10.44740677 1.60000002
v 7.93840599 10.45917511 1.60000002
v 7.94596577 10.47174072 1.60000002
v 7.95226192 10.48498535 1.60000002
v 7.95415020 10.49022293 1.60000002
v 7.95896053 10.49194336 1.60000002
v 7.97221661 10.49820137 1.60000002
v 7.98479843 10.50572586 1.60000002
v 7.99658537 10.51444054 1.60000002
v 8.00746536 10.52426529 1.60000002
v 8.01733494 10.53510475 1.60000002
v 8.02609825 10.54685593 1.60000002
v 8.03367329 10.55940723 1.60000002
v 8.03998756 10.57263756 1.60000002
v 8.04205227 10.57833862 1.60000002
v 8.04769611 10.58037758 1.60000002
v 8.06093407 10.58668327 1.60000002
v 8.07349205 10.59424973 1.60000002
v 8.08525276 10.60300827 1.60000002
v 8.09610081 10.61287117 1.60000002
v 8.10593510 10.62374687 1.60000002
v 8.11466026 10.63553143 1.60000002
v 8.12219334 10.64811134 1.60000002
v 8.12846184 10.66136551 1.60000002
v 8.13023758 10.66632462 1.60000002
v 8.13549805 10.66822052 1.60000002
v 8.14874172 10.67451668 1.60000002
v 8.16130733 10.68207645 1.60000002
v 8.17307472 10.69082642 1.60000002
v 8.18393230 10.70068359 1.60000002
v 8.19377422 10.71155548 1.60000002
v 8.20250893 10.72333527 1.60000002
v 8.21005058 10.73591042 1.60000002
v 8.21632862 10.74916363 1.60000002
v 8.21810818 10.75412083 1.60000002
v 8.22282600 10.75580788 1.60000002
v 8.23608112 10.76206684 1.60000002
v 8.24866295 10.76959038 1.60000002
v 8.26045036 10.77830601 1.60000002
v 8.28119946 10.79897022 1.60000002
v 8.28996372 10.81072140 1.60000002
v 8.29753876 10.82327271 1.60000002
v 8.30385208 10.83650208 1.60000002
v 8.30589485 10.84214401 1.60000002
v 8.31140709 10.84413052 1.60000002
v 8.32465172 10.85042667 1.60000002
v 8.33721733 10.85798645 1.60000002
v 8.34898472 10.86673641 1.60000002
v 8.35984230 10.87659454 1.60000002
v 8.36968422 10.88746452 1.60000002
v 8.37841892 10.89924431 1.60000002
v 8.38596058 10.91182137 1.60000002
v 8.38997746 10.92030048 1.60000002
v 8.42943668 10.92032433 1.60000002
v 8.44408417 10.92104912 1.60000002
v 8.45858955 10.92320251 1.60000002
v 8.47281647 10.92676067 1.60000002
v 8.48662758 10.93169212 1.60000002
v 8.49989128 10.93794823 1.60000002
v 8.51248074 10.94546890 1.60000002
v 8.52427578 10.95418358 1.60000002
v 8.53516293 10.96400833 1.60000002
v 8.54503918 10.97484970 1.60000002
v 8.55380917 10.98660278 1.60000002
v 8.56138992 10.99915695 1.60000002
v 8.56571198 11.00820923 1.60000002
v 8.69317245 11.00824165 1.60000002
v 8.70781517 11.00896263 1.60000002
v 8.72231674 11.01110840 1.60000002
v 8.73653984 11.01465988 1.60000002
v 8.75034904 11.01958275 1.60000002
v 8.80876446 11.06269264 1.60000002
v 8.81753922 11.07443619 1.60000002
v 8.82512569 11.08698082 1.60000002
v 8.82950211 11.09612846 1.60000002
v 9.60000324 9.76341248 1.60000002
v 9.60215187 9.77793217 1.60000002
v 9.60570908 9.79217339 1.60000002
v 9.61064053 9.80599785 1.60000002
v 9.61690044 9.81927490 1.60000002
v 9.62442684 9.83187485 1.60000002
v 9.63315010 9.84368134 1.60000002
v 9.64298439 9.85457611 1.60000002
v 9.65383720 9.86445999 1.60000002
v 9.66560364 9.87323380 1.60000002
v 9.67817116 9.88081741 1.60000002
v 9.69141960 9.88713455 1.60000002
v 9.69686890 9.88910675 1.60000002
v 9.69866753 9.89412498 1.60000002
v 9.70493603 9.90738106 1.60000002
v 9.71246910 9.91996002 1.60000002
v 9.72119331 9.93174362 1.60000002
v 9.73102760 9.94262028 1.60000002
v 9.74187660 9.95248413 1.60000002
v 9.75363636 9.96124172 1.60000002
v 9.76619530 9.96880913 1.60000002
v 9.77943230 9.97511482 1.60000002
v 9.78480244 9.97705460 1.60000002
v 9.78654385 9.98192501 1.60000002
v 9.79280281 9.99518013 1.60000002
v 9.80032635 10.00776291 1.60000002
v 9.80904198 10.01954937 1.60000002
v 9.81886673 10.03042984 1.60000002
v 9.82970619 10.04029846 1.60000002
v 9.84145737 10.04906273 1.60000002
v 9.85400867 10.05663776 1.60000002
v 10.95444775 9.83671474 1.60000002
v 10.78645229 10.05744267 1.60000002
v 10.82171726 10.03143883 1.60000002
v 10.79903698 10.04993916 1.60000002
v 10.81082916 10.04124355 1.60000002
v 10.95372868 9.85137463 1.60000002
v 10.95158005 9.86589432 1.60000002
v 10.94802189 9.88013458 1.60000002
v 10.87555885 9.96877289 1.60000002
v 10.94308949 9.89395809 1.60000002
v 10.92930222 9.91983414 1.60000002
v 10.93683052 9.90723419 1.60000002
v 10.91074562 9.94253445 1.60000002
v 10.88812637 9.96119118 1.60000002
v 10.89989281 9.95241737 1.60000002
v 10.92057991 9.93163872 1.60000002
v 10.85645294 9.97720909 1.60000002
v 10.85429382 9.98314190 1.60000002
v 10.84037304 10.00888729 1.60000002
v 10.84796333 9.99635506 1.60000002
v 10.86231041 9.97509098 1.60000002
v 10.83159637 10.02061939 1.60000002
v 9.87334633 10.06516361 1.60000002
v 9.86723900 10.06295204 1.60000002
v 9.87560558 10.07133770 1.60000002
v 9.88194847 10.08452797 1.60000002
v 9.88954735 10.09703636 1.60000002
v 9.89832878 10.10874557 1.60000002
v 9.90820980 10.11954212 1.60000002
v 9.91909599 10.12932491 1.60000002
v 9.93088436 10.13800049 1.60000002
v 9.94346142 10.14548492 1.60000002
v 9.95670795 10.15170956 1.60000002
v 9.97049809 10.15661240 1.60000002
v 9.98470020 10.16014862 1.60000002
v 9.99917984 10.16228294 1.60000002
v 10.01379871 10.16299725 1.60000002
v 10.54002666 10.16298485 1.60000002
v 10.55465412 10.16226959 1.60000002
v 10.56914139 10.16013145 1.60000002
v 10.58335209 10.15659046 1.60000002
v 10.61040115 10.14544868 1.60000002
v 10.62298298 10.13795471 1.60000002
v 10.63477421 10.12926960 1.60000002
v 10.64566231 10.11947632 1.60000002
v 10.67191792 10.08442497 1.60000002
v 10.66432285 10.09694672 1.60000002
v 10.67643452 10.07501793 1.60000002
v 10.65554333 10.10866737 1.60000002
v 10.59714890 10.15168095 1.60000002
v 10.71605015 10.07500839 1.60000002
v 10.73068428 10.07428932 1.60000002
v 10.74517822 10.07214642 1.60000002
v 10.75939369 10.06859970 1.60000002
v 10.77319622 10.06368256 1.60000002
v 11.72423172 11.09612846 1.60000002
v 11.83141518 11.01110840 1.60000002
v 12.33071327 10.75592422 1.60000002
v 11.81719208 11.01465988 1.60000002
v 11.80338383 11.01958275 1.60000002
v 11.74496841 11.06269264 1.60000002
v 11.73619366 11.07443619 1.60000002
v 11.72860718 11.08698082 1.60000002
v 11.76573753 11.04204750 1.60000002
v 11.75484753 11.05186176 1.60000002
v 11.79012108 11.02582932 1.60000002
v 11.77753258 11.03334236 1.60000002
v 12.08091545 10.92676067 1.60000002
v 12.85346985 8.31594849 1.60000002
v 12.85346985 10.05491066 1.60000002
v 11.84591770 11.00896263 1.60000002
v 11.86055946 11.00824165 1.60000002
v 11.98802185 11.00820923 1.60000002
v 12.31744576 10.76219559 1.60000002
v 12.30485439 10.76973343 1.60000002
v 12.34453011 10.75097847 1.60000002
v 12.35876465 10.74740791 1.60000002
v 12.37327957 10.74524498 1.60000002
v 12.38793564 10.74450970 1.60000002
v 12.43929482 10.72318554 1.60000002
v 12.42761040 10.74446487 1.60000002
v 12.43174362 10.73575687 1.60000002
v 12.66854286 10.41091251 1.60000002
v 12.79061890 10.10828018 1.60000002
v 12.78311539 10.12086582 1.60000002
v 12.77687645 10.13412285 1.60000002
v 12.77195930 10.14792633 1.60000002
v 12.76841354 10.16214275 1.60000002
v 12.76627159 10.17663765 1.60000002
v 12.76555347 10.19127274 1.60000002
v 12.81993866 10.07571793 1.60000002
v 12.79931450 10.09648705 1.60000002
v 12.80911827 10.08559799 1.60000002
v 12.83167076 10.06694126 1.60000002
v 12.84420395 10.05935097 1.60000002
v 12.75742626 10.32229233 1.60000002
v 12.76553440 10.31846333 1.60000002
v 12.73305702 10.33853149 1.60000002
v 12.71230793 10.35919571 1.60000002
v 12.72217751 10.34835625 1.60000002
v 12.70354462 10.37094688 1.60000002
v 12.69596863 10.38349724 1.60000002
v 12.68177605 10.40459442 1.60000002
v 12.68756580 10.40249634 1.60000002
v 12.68965530 10.39672661 1.60000002
v 12.74484444 10.32981491 1.60000002
v 12.61485481 10.45982170 1.60000002
v 12.60733318 10.47241020 1.60000002
v 12.60107708 10.48567390 1.60000002
v 12.59614563 10.49948502 1.60000002
v 12.63339424 10.43713951 1.60000002
v 12.64423561 10.42726326 1.60000002
v 12.62356949 10.44802666 1.60000002
v 12.65598869 10.41849327 1.60000002
v 12.59258747 10.51371193 1.60000002
v 12.59043503 10.52821827 1.60000002
v 12.56893444 10.59368038 1.60000002
v 12.58968544 10.58229923 1.60000002
v 12.58151627 10.58615685 1.60000002
v 12.58970928 10.54286575 1.60000002
v 12.48052597 10.68195343 1.60000002
v 12.49309731 10.67440224 1.60000002
v 12.52763367 10.63481140 1.60000002
v 12.54626751 10.61222076 1.60000002
v 12.55714798 10.60239601 1.60000002
v 12.53639793 10.62306023 1.60000002
v 12.51374626 10.66059208 1.60000002
v 12.52005959 10.64736176 1.60000002
v 12.50634575 10.66811562 1.60000002
v 12.51172066 10.66618252 1.60000002
v 12.45788765 10.70054626 1.60000002
v 12.46875191 10.69069672 1.60000002
v 12.44803619 10.71141052 1.60000002
v 12.04125214 10.94546890 1.60000002
v 12.06710434 10.93169212 1.60000002
v 12.05384064 10.93794823 1.60000002
v 12.09514236 10.92320251 1.60000002
v 12.21624184 10.85824871 1.60000002
v 12.10964870 10.92104912 1.60000002
v 12.12429619 10.92032433 1.60000002
v 12.16372967 10.92030048 1.60000002
v 12.18382645 10.88776207 1.60000002
v 12.17511082 10.89954948 1.60000002
v 12.19365120 10.87688255 1.60000002
v 12.20449066 10.86701298 1.60000002
v 12.16758728 10.91213036 1.60000002
v 12.00869370 10.97484970 1.60000002
v 11.99992371 10.98660278 1.60000002
v 12.01856995 10.96400833 1.60000002
v 12.02945709 10.95418358 1.60000002
v 11.99234295 10.99915695 1.60000002
v 12.27230453 10.79916954 1.60000002
v 12.26354218 10.81094170 1.60000002
v 12.22879219 10.85067368 1.60000002
v 12.24202251 10.84436035 1.60000002
v 12.25597286 10.82351303 1.60000002
v 12.24766445 10.84231663 1.60000002
v 12.24966812 10.83676529 1.60000002
v 12.28217506 10.78830910 1.60000002
v 12.29306030 10.77846622 1.60000002
v 11.04255199 6.36687136 1.60000002
v 11.05143738 6.36263657 1.60000002
v 11.04255104 6.62449217 1.60000002
v 11.05145931 6.62873936 1.60000002
v 11.06401920 6.63631582 1.60000002
v 11.06400108 6.35506105 1.60000002
v 11.07577991 6.64508247 1.60000002
v 11.13039112 6.19109344 1.60000002
v 11.13905907 6.18698025 1.60000002
v 11.16340542 6.17068672 1.60000002
v 11.15163040 6.17942905 1.60000002
v 11.13035774 6.23067427 1.60000002
v 11.12962818 6.24532700 1.60000002
v 11.12747002 6.25983763 1.60000002
v 11.12390518 6.27406883 1.60000002
v 11.11896706 6.28788328 1.60000002
v 11.20041370 6.12562609 1.60000002
v 11.18412018 6.14997196 1.60000002
v 11.19286251 6.13819790 1.60000002
v 11.17426968 6.16083622 1.60000002
v 11.11270332 6.30114937 1.60000002
v 11.09644985 6.32553482 1.60000002
v 11.10517311 6.31373978 1.60000002
v 11.07576466 6.34629488 1.60000002
v 11.08661556 6.33642101 1.60000002
v 11.20447159 6.11707401 1.60000002
v 11.08662796 6.65495586 1.60000002
v 11.09645939 6.66584158 1.60000002
v 11.10518074 6.67763567 1.60000002
v 11.11270905 6.69022512 1.60000002
v 11.11897087 6.70348930 1.60000002
v 11.12390709 6.71730232 1.60000002
v 11.12747097 6.73153114 1.60000002
v 11.12962818 6.74603987 1.60000002
v 11.13035774 6.76069021 1.60000002
v 11.13039112 6.80027103 1.60000002
v 11.13905907 6.80438423 1.60000002
v 11.15163040 6.81193542 1.60000002
v 11.16340542 6.82067776 1.60000002
v 11.17426968 6.83052826 1.60000002
v 11.18412018 6.84139252 1.60000002
v 11.19286251 6.85316658 1.60000002
v 11.20041370 6.86573839 1.60000002
v 11.20447159 6.87429047 1.60000002
v 12.60354233 6.11707401 1.60000002
v 12.60736275 6.12516212 1.60000002
v 12.61488533 6.13774395 1.60000002
v 12.62360191 6.14953089 1.60000002
v 12.63342571 6.16041088 1.60000002
v 12.64426613 6.17027998 1.60000002
v 12.65601730 6.17904425 1.60000002
v 12.66856766 6.18661928 1.60000002
v 12.68179703 6.19293261 1.60000002
v 12.68738747 6.19495773 1.60000002
v 12.68932152 6.20033216 1.60000002
v 12.69560814 6.21358109 1.60000002
v 12.70315933 6.22615290 1.60000002
v 12.71190166 6.23792696 1.60000002
v 12.72175217 6.24879122 1.60000002
v 12.73261642 6.25864172 1.60000002
v 12.74439049 6.26738405 1.60000002
v 12.75696182 6.27493525 1.60000002
v 12.76551437 6.27899361 1.60000002
v 12.60359478 6.87429047 1.60000002
v 12.64466095 6.82067776 1.60000002
v 12.65643501 6.81193542 1.60000002
v 12.66900730 6.80438423 1.60000002
v 12.73305702 6.73237753 1.60000002
v 12.74484444 6.72366190 1.60000002
v 12.75742626 6.71613836 1.60000002
v 12.76551437 6.71231937 1.60000002
v 12.70354462 6.76479292 1.60000002
v 12.71230793 6.75304174 1.60000002
v 12.72217751 6.74220181 1.60000002
v 12.68965530 6.79057360 1.60000002
v 12.68225670 6.79809713 1.60000002
v 12.68763065 6.79616404 1.60000002
v 12.69596863 6.77734375 1.60000002
v 12.61520386 6.85316658 1.60000002
v 12.60765266 6.86573839 1.60000002
v 12.63379669 6.83052826 1.60000002
v 12.62394714 6.84139252 1.60000002
v 2.51908588 1.43765688 1.60000002
v 2.57299757 1.38895464 1.60000002
v 2.58057308 1.37639141 1.60000002
v 2.55435753 1.41156864 1.60000002
v 2.54347134 1.42140293 1.60000002
v 2.53167629 1.43012714 1.60000002
v 2.56423140 1.40071821 1.60000002
v 2.58484650 1.36742449 1.60000002
v 2.62440872 1.36740065 1.60000002
v 2.63905621 1.36667538 1.60000002
v 2.75636196 1.28856754 1.60000002
v 2.74878168 1.30112123 1.60000002
v 2.73013544 1.32371616 1.60000002
v 2.70745325 1.34225559 1.60000002
v 2.71924782 1.33354092 1.60000002
v 2.74001122 1.31287527 1.60000002
v 2.65356207 1.36452293 1.60000002
v 2.66778898 1.36096382 1.60000002
v 2.68160009 1.35603285 1.60000002
v 2.69486380 1.34977722 1.60000002
v 2.76066685 1.27955055 1.60000002
v 2.92852211 1.27955055 1.60000002
v 2.93250084 1.28794909 1.60000002
v 2.94004250 1.30052519 1.60000002
v 2.94877672 1.31230497 1.60000002
v 2.95861912 1.32317543 1.60000002
v 2.96947622 1.33303308 1.60000002
v 2.98124361 1.34178352 1.60000002
v 2.99380970 1.34934282 1.60000002
v 3.00705338 1.35563946 1.60000002
v 3.01229143 1.35752726 1.60000002
v 3.01401138 1.36233807 1.60000002
v 3.02027082 1.37559414 1.60000002
v 3.02779436 1.38817549 1.60000002
v 3.03650999 1.39996290 1.60000002
v 3.04633427 1.41084290 1.60000002
v 3.05717421 1.42071199 1.60000002
v 3.06892538 1.42947578 1.60000002
v 2.27966213 1.54314089 1.60000002
v 2.27938223 1.54293346 1.60000002
v 2.28735352 1.54253626 1.60000002
v 2.29053831 1.55297470 1.60000002
v 2.30040216 1.56382322 1.60000002
v 2.34317589 1.52561188 1.60000002
v 2.35576630 1.51808214 1.60000002
v 2.39708757 1.47690964 1.60000002
v 2.40466309 1.46434641 1.60000002
v 2.37844753 1.49952364 1.60000002
v 2.36756134 1.50935793 1.60000002
v 2.38832140 1.48867321 1.60000002
v 2.30186462 1.54037857 1.60000002
v 2.31609535 1.53681374 1.60000002
v 2.30915928 1.57558346 1.60000002
v 2.32990980 1.53187561 1.60000002
v 2.31672716 1.58814192 1.60000002
v 2.32303238 1.60137987 1.60000002
v 2.32507133 1.60702372 1.60000002
v 2.33077240 1.60908842 1.60000002
v 2.34400225 1.61540222 1.60000002
v 2.40895319 1.45534515 1.60000002
v 2.44861078 1.45531130 1.60000002
v 2.46326351 1.45458126 1.60000002
v 2.47777414 1.45242357 1.60000002
v 2.49200535 1.44885874 1.60000002
v 2.50581980 1.44392061 1.60000002
v 2.35655308 1.62297726 1.60000002
v 2.36830425 1.63174105 1.60000002
v 2.37914419 1.64161062 1.60000002
v 2.38896847 1.65249062 1.60000002
v 2.39768410 1.66427755 1.60000002
v 2.40520763 1.67685938 1.60000002
v 2.41146708 1.69011497 1.60000002
v 2.41318703 1.69492579 1.60000002
v 2.41842461 1.69681406 1.60000002
v 2.43166876 1.70311022 1.60000002
v 2.44423437 1.71066952 1.60000002
v 2.45600224 1.71941996 1.60000002
v 2.46685934 1.72927761 1.60000002
v 2.47670174 1.74014807 1.60000002
v 2.48543596 1.75192809 1.60000002
v 2.49297762 1.76450443 1.60000002
v 2.49699450 1.77298379 1.60000002
v 2.53645420 1.77300739 1.60000002
v 2.55110121 1.77373314 1.60000002
v 2.56560707 1.77588558 1.60000002
v 2.57983398 1.77944422 1.60000002
v 2.59364510 1.78437519 1.60000002
v 2.60690880 1.79063106 1.60000002
v 2.61949825 1.79815245 1.60000002
v 2.63129330 1.80686712 1.60000002
v 2.64218044 1.81669211 1.60000002
v 2.65205669 1.82753301 1.60000002
v 2.66082668 1.83928680 1.60000002
v 2.66840696 1.85184050 1.60000002
v 2.67472553 1.86507463 1.60000002
v 2.67682314 1.87086415 1.60000002
v 2.68259239 1.87295365 1.60000002
v 2.69582224 1.87926722 1.60000002
v 2.70837307 1.88684225 1.60000002
v 2.72012424 1.89560628 1.60000002
v 2.73096371 1.90547538 1.60000002
v 2.74078846 1.91635537 1.60000002
v 2.74950409 1.92814255 1.60000002
v 2.75702763 1.94072413 1.60000002
v 2.76328659 1.95397997 1.60000002
v 2.76502800 1.95885038 1.60000002
v 3.08147573 1.43705082 1.60000002
v 3.09470606 1.44336462 1.60000002
v 3.10040712 1.44542933 1.60000002
v 3.10244608 1.45107365 1.60000002
v 3.10875130 1.46431112 1.60000002
v 3.11631918 1.47687006 1.60000002
v 3.12507629 1.48862982 1.60000002
v 3.13494015 1.49947882 1.60000002
v 3.14581633 1.50931263 1.60000002
v 3.15760040 1.51803732 1.60000002
v 3.17017984 1.52557039 1.60000002
v 3.18343496 1.53183889 1.60000002
v 3.18839407 1.53361559 1.60000002
v 3.19030571 1.53891468 1.60000002
v 3.19661093 1.55216646 1.60000002
v 3.20418119 1.56473827 1.60000002
v 3.21294308 1.57651043 1.60000002
v 2.77039814 1.96079063 1.60000002
v 2.78363562 1.96709585 1.60000002
v 2.79619455 1.97466350 1.60000002
v 2.80795431 1.98342085 1.60000002
v 2.81880331 1.99328470 1.60000002
v 2.82863712 2.00416064 1.60000002
v 2.83736229 2.01594472 1.60000002
v 2.84489489 2.02852440 1.60000002
v 2.84886694 2.03692293 1.60000002
v 2.88849878 2.03696823 1.60000002
v 2.90315580 2.03770280 1.60000002
v 2.91767073 2.03986621 1.60000002
v 2.93190479 2.04343748 1.60000002
v 2.94572163 2.04838252 1.60000002
v 2.95898914 2.05465412 1.60000002
v 2.97158003 2.06219220 1.60000002
v 2.98337460 2.07092476 1.60000002
v 2.99425936 2.08076787 1.60000002
v 3.00412989 2.09162736 1.60000002
v 3.01289225 2.10339952 1.60000002
v 3.02046204 2.11597157 1.60000002
v 3.02676725 2.12922335 1.60000002
v 3.02876997 2.13477492 1.60000002
v 3.03441191 2.13681841 1.60000002
v 3.04764223 2.14313221 1.60000002
v 3.06019258 2.15070724 1.60000002
v 3.22281408 1.58737040 1.60000002
v 3.23369837 1.59721327 1.60000002
v 3.24549294 1.60594559 1.60000002
v 3.25808430 1.61348391 1.60000002
v 3.27135181 1.61975527 1.60000002
v 3.28516865 1.62470055 1.60000002
v 3.29940271 1.62827206 1.60000002
v 3.31391716 1.63043499 1.60000002
v 3.32857418 1.63116980 1.60000002
v 3.36822367 1.63121510 1.60000002
v 3.37227535 1.63976860 1.60000002
v 3.37981749 1.65234518 1.60000002
v 3.38855147 1.66412497 1.60000002
v 3.39839411 1.67499542 1.60000002
v 3.40925097 1.68485308 1.60000002
v 3.42101860 1.69360352 1.60000002
v 3.43358445 1.70116282 1.60000002
v 3.44682837 1.70745897 1.60000002
v 3.45206618 1.70934725 1.60000002
v 3.45378637 1.71415806 1.60000002
v 3.46004558 1.72741365 1.60000002
v 3.46756911 1.73999548 1.60000002
v 3.47628474 1.75178266 1.60000002
v 3.48610926 1.76266265 1.60000002
v 3.49694896 1.77253175 1.60000002
v 3.50870013 1.78129578 1.60000002
v 3.52125072 1.78887081 1.60000002
v 3.53448081 1.79518437 1.60000002
v 3.54018164 1.79724932 1.60000002
v 3.54222107 1.80289340 1.60000002
v 3.54852629 1.81613111 1.60000002
v 3.55609369 1.82868981 1.60000002
v 3.56485128 1.84044981 1.60000002
v 3.57471514 1.85129857 1.60000002
v 3.58559108 1.86113238 1.60000002
v 3.59737515 1.86985731 1.60000002
v 3.60995483 1.87739015 1.60000002
v 3.62320971 1.88365889 1.60000002
v 3.62816811 1.88543487 1.60000002
v 3.63006425 1.89069486 1.60000002
v 3.63636041 1.90393877 1.60000002
v 3.64391994 1.91650462 1.60000002
v 3.65267038 1.92827225 1.60000002
v 3.66252780 1.93912935 1.60000002
v 3.67339849 1.94897175 1.60000002
v 3.07194424 2.15947104 1.60000002
v 3.08278370 2.16934013 1.60000002
v 3.09260845 2.18022037 1.60000002
v 3.10132408 2.19200754 1.60000002
v 3.10884714 2.20458913 1.60000002
v 3.11510658 2.21784496 1.60000002
v 3.11677408 2.22250843 1.60000002
v 3.12143755 2.22417569 1.60000002
v 3.13469315 2.23043513 1.60000002
v 3.14727497 2.23795843 1.60000002
v 3.15906191 2.24667406 1.60000002
v 3.16994238 2.25649881 1.60000002
v 3.17981148 2.26733828 1.60000002
v 3.18857527 2.27908969 1.60000002
v 3.19615030 2.29164028 1.60000002
v 3.20246410 2.30487037 1.60000002
v 3.20450735 2.31051159 1.60000002
v 3.21001959 2.31249857 1.60000002
v 3.22326326 2.31879497 1.60000002
v 3.23582935 2.32635450 1.60000002
v 3.24759674 2.33510470 1.60000002
v 3.25845385 2.34496236 1.60000002
v 3.26829624 2.35583305 1.60000002
v 3.27703047 2.36761284 1.60000002
v 3.28457260 2.38018918 1.60000002
v 3.28860569 2.38870287 1.60000002
v 3.32816076 2.38873649 1.60000002
v 3.34281301 2.38946652 1.60000002
v 3.35732412 2.39162421 1.60000002
v 3.37155485 2.39518905 1.60000002
v 3.38536930 2.40012717 1.60000002
v 3.39863539 2.40639114 1.60000002
v 3.41122603 2.41392088 1.60000002
v 3.42302108 2.42264485 1.60000002
v 3.43390727 2.43247914 1.60000002
v 3.44378090 2.44332981 1.60000002
v 3.45254731 2.45509315 1.60000002
v 3.46012259 2.46765661 1.60000002
v 3.46643448 2.48089981 1.60000002
v 3.46838641 2.48629904 1.60000002
v 3.47325730 2.48804069 1.60000002
v 3.48651314 2.49430013 1.60000002
v 3.49909496 2.50182343 1.60000002
v 3.51088190 2.51053905 1.60000002
v 3.52176213 2.52036357 1.60000002
v 3.53163123 2.53120327 1.60000002
v 3.54039526 2.54295444 1.60000002
v 3.54797006 2.55550504 1.60000002
v 3.55428386 2.56873536 1.60000002
v 3.55634856 2.57443619 1.60000002
v 3.56199288 2.57647538 1.60000002
v 3.57523036 2.58278060 1.60000002
v 3.58778930 2.59034824 1.60000002
v 3.59954906 2.59910560 1.60000002
v 3.61039782 2.60896945 1.60000002
v 3.62023187 2.61984539 1.60000002
v 3.62895679 2.63162947 1.60000002
v 3.63648963 2.64420915 1.60000002
v 3.64275837 2.65746403 1.60000002
v 3.64453435 2.66242242 1.60000002
v 3.64979434 2.66431856 1.60000002
v 3.66303825 2.67061496 1.60000002
v 3.67560410 2.67817426 1.60000002
v 3.68737173 2.68692470 1.60000002
v 3.68517828 1.95770574 1.60000002
v 3.76142836 2.03698802 1.60000002
v 3.86304665 2.77467012 1.60000002
v 3.75054383 2.02714515 1.60000002
v 3.85125351 2.76592994 1.60000002
v 3.69822884 2.69678235 1.60000002
v 3.69775462 1.96524787 1.60000002
v 3.71100736 1.97152591 1.60000002
v 3.71611238 1.97335815 1.60000002
v 3.71803570 1.97868967 1.60000002
v 3.72434092 1.99194121 1.60000002
v 3.73191094 2.00451326 1.60000002
v 3.74067307 2.01628542 1.60000002
v 3.77322268 2.04572058 1.60000002
v 3.78581381 2.05325866 1.60000002
v 3.79908133 2.05953026 1.60000002
v 3.81289840 2.06447530 1.60000002
v 3.82713223 2.06804681 1.60000002
v 3.84164715 2.07020998 1.60000002
v 3.85630393 2.07094455 1.60000002
v 3.89595318 2.07099009 1.60000002
v 3.90000534 2.07954359 1.60000002
v 3.90754724 2.09211993 1.60000002
v 3.91628122 2.10389972 1.60000002
v 3.92612386 2.11477017 1.60000002
v 3.93698072 2.12462783 1.60000002
v 3.94874835 2.13337827 1.60000002
v 3.96131420 2.14093757 1.60000002
v 3.97455835 2.14723396 1.60000002
v 3.97979617 2.14912224 1.60000002
v 3.98151612 2.15393281 1.60000002
v 3.98777556 2.16718864 1.60000002
v 3.99529886 2.17977023 1.60000002
v 4.00401449 2.19155741 1.60000002
v 4.01383877 2.20243740 1.60000002
v 4.02467871 2.21230674 1.60000002
v 4.03642988 2.22107053 1.60000002
v 4.04898071 2.22864556 1.60000002
v 4.06221056 2.23495936 1.60000002
v 4.06791162 2.23702407 1.60000002
v 4.06995106 2.24266815 1.60000002
v 4.07625580 2.25590587 1.60000002
v 4.08382368 2.26846457 1.60000002
v 4.09258080 2.28022456 1.60000002
v 4.10244465 2.29107332 1.60000002
v 4.11332083 2.30090714 1.60000002
v 4.12510490 2.30963230 1.60000002
v 4.13768482 2.31716514 1.60000002
v 3.70807123 2.70765281 1.60000002
v 3.71680522 2.71943259 1.60000002
v 3.72434735 2.73200893 1.60000002
v 3.72842050 2.74060750 1.60000002
v 3.76816201 2.74066591 1.60000002
v 3.78282237 2.74140573 1.60000002
v 3.79733992 2.74357486 1.60000002
v 3.81157613 2.74715281 1.60000002
v 3.82539463 2.75210500 1.60000002
v 3.83866262 2.75838399 1.60000002
v 3.87392879 2.78452134 1.60000002
v 3.88379622 2.79538918 1.60000002
v 3.89255404 2.80716920 1.60000002
v 3.90011835 2.81974888 1.60000002
v 3.90641713 2.83300781 1.60000002
v 3.90827942 2.83818054 1.60000002
v 3.91318798 2.83993864 1.60000002
v 3.92644286 2.84620738 1.60000002
v 3.93902254 2.85374022 1.60000002
v 3.95080662 2.86246514 1.60000002
v 3.96168256 2.87229919 1.60000002
v 4.15093946 2.32343364 1.60000002
v 4.15584803 2.32519197 1.60000002
v 4.15771008 2.33036447 1.60000002
v 4.16400909 2.34362340 1.60000002
v 4.17157364 2.35620308 1.60000002
v 4.18033123 2.36798334 1.60000002
v 4.19019890 2.37885094 1.60000002
v 4.20108080 2.38870215 1.60000002
v 4.21287394 2.39744258 1.60000002
v 4.22546482 2.40498853 1.60000002
v 4.23873281 2.41126752 1.60000002
v 4.25255108 2.41621971 1.60000002
v 4.26678753 2.41979742 1.60000002
v 4.28130531 2.42196679 1.60000002
v 4.29596519 2.42270660 1.60000002
v 4.33570671 2.42276502 1.60000002
v 4.33977985 2.43136358 1.60000002
v 4.34732246 2.44393969 1.60000002
v 4.35605621 2.45571947 1.60000002
v 4.36589861 2.46659017 1.60000002
v 4.37675571 2.47644782 1.60000002
v 4.38852310 2.48519802 1.60000002
v 4.40108919 2.49275756 1.60000002
v 4.41959286 2.50095010 1.60000002
v 4.41433334 2.49905396 1.60000002
v 4.42136908 2.50590825 1.60000002
v 4.42763805 2.51916337 1.60000002
v 4.43517065 2.53174305 1.60000002
v 4.44389534 2.54352689 1.60000002
v 4.45372963 2.55440283 1.60000002
v 4.46457815 2.56426668 1.60000002
v 4.47633839 2.57302427 1.60000002
v 4.48889732 2.58059168 1.60000002
v 4.50213432 2.58689690 1.60000002
v 4.50750446 2.58883715 1.60000002
v 4.50924587 2.59370756 1.60000002
v 4.51550531 2.60696340 1.60000002
v 4.52302837 2.61954498 1.60000002
v 4.53174400 2.63133216 1.60000002
v 4.54156876 2.64221239 1.60000002
v 4.55240822 2.65208149 1.60000002
v 4.56415987 2.66084528 1.60000002
v 4.57671070 2.66842031 1.60000002
v 4.58994055 2.67473412 1.60000002
v 4.59570980 2.67682362 1.60000002
v 4.59780693 2.68261290 1.60000002
v 4.60412550 2.69584703 1.60000002
v 4.61170578 2.70840096 1.60000002
v 4.62047625 2.72015452 1.60000002
v 4.63035202 2.73099566 1.60000002
v 4.64123964 2.74082041 1.60000002
v 4.65303421 2.74953508 1.60000002
v 4.66562366 2.75705647 1.60000002
v 4.67888737 2.76331258 1.60000002
v 4.69269848 2.76824355 1.60000002
v 4.70692539 2.77180219 1.60000002
v 4.72143173 2.77395463 1.60000002
v 4.73607874 2.77468038 1.60000002
v 4.77553797 2.77470374 1.60000002
v 4.77955484 2.78318334 1.60000002
v 4.78709698 2.79575968 1.60000002
v 4.79583073 2.80753946 1.60000002
v 4.80567360 2.81840992 1.60000002
v 4.81653023 2.82826757 1.60000002
v 4.82829809 2.83701801 1.60000002
v 4.84086418 2.84457731 1.60000002
v 4.85410786 2.85087371 1.60000002
v 4.85936785 2.85276985 1.60000002
v 4.86114407 2.85772824 1.60000002
v 4.86741257 2.87098312 1.60000002
v 5.08088112 3.09254742 1.60000002
v 4.88367081 2.89534688 1.60000002
v 4.89350414 2.90622282 1.60000002
v 5.06999493 3.08271313 1.60000002
v 4.87494564 2.88356280 1.60000002
v 3.97154641 2.88314795 1.60000002
v 3.98030376 2.89490771 1.60000002
v 3.98787141 2.90746665 1.60000002
v 3.99417663 2.92070413 1.60000002
v 3.99621582 2.92634845 1.60000002
v 4.00191689 2.92841315 1.60000002
v 4.01514673 2.93472695 1.60000002
v 4.02769756 2.94230175 1.60000002
v 4.03944874 2.95106578 1.60000002
v 4.05028820 2.96093488 1.60000002
v 4.06011295 2.97181511 1.60000002
v 4.06882858 2.98360205 1.60000002
v 4.07635212 2.99618387 1.60000002
v 4.08261108 3.00943971 1.60000002
v 4.08433151 3.01425028 1.60000002
v 4.08956909 3.01613832 1.60000002
v 4.10281277 3.02243471 1.60000002
v 4.11537886 3.02999425 1.60000002
v 4.12714672 3.03874445 1.60000002
v 4.13800335 3.04860210 1.60000002
v 4.14784622 3.05947280 1.60000002
v 4.15657997 3.07125258 1.60000002
v 4.16412210 3.08382893 1.60000002
v 4.16815519 3.09234262 1.60000002
v 4.20771027 3.09237623 1.60000002
v 4.22236252 3.09310627 1.60000002
v 4.23687363 3.09526396 1.60000002
v 4.25110435 3.09882879 1.60000002
v 4.26491928 3.10376692 1.60000002
v 4.27818489 3.11003089 1.60000002
v 4.29077578 3.11756063 1.60000002
v 4.30257034 3.12628460 1.60000002
v 4.31345701 3.13611889 1.60000002
v 4.32333088 3.14696956 1.60000002
v 4.33209705 3.15873289 1.60000002
v 4.33967209 3.17129612 1.60000002
v 4.34598398 3.18453956 1.60000002
v 4.34793615 3.18993878 1.60000002
v 4.35280704 3.19168043 1.60000002
v 4.36606312 3.19793987 1.60000002
v 4.37864447 3.20546317 1.60000002
v 4.39043140 3.21417880 1.60000002
v 4.40131187 3.22400331 1.60000002
v 4.41118097 3.23484302 1.60000002
v 4.41994476 3.24659419 1.60000002
v 4.42751980 3.25914478 1.60000002
v 4.43383360 3.27237487 1.60000002
v 4.43589830 3.27807593 1.60000002
v 4.44154263 3.28011513 1.60000002
v 4.45478010 3.28642035 1.60000002
v 4.46733856 3.29398799 1.60000002
v 4.47909880 3.30274534 1.60000002
v 4.48994732 3.31260920 1.60000002
v 4.49978161 3.32348514 1.60000002
v 4.50850677 3.33526921 1.60000002
v 4.51603937 3.34784889 1.60000002
v 4.52003241 3.35629225 1.60000002
v 4.55975676 3.35635066 1.60000002
v 4.57441711 3.35709047 1.60000002
v 4.58893490 3.35925961 1.60000002
v 4.60317087 3.36283755 1.60000002
v 4.90435314 2.91608667 1.60000002
v 4.91611290 2.92484403 1.60000002
v 4.92867184 2.93241167 1.60000002
v 4.94190979 2.93871689 1.60000002
v 4.94755363 2.94075608 1.60000002
v 4.94961834 2.94645715 1.60000002
v 4.95593214 2.95968723 1.60000002
v 4.96350718 2.97223783 1.60000002
v 4.97227097 2.98398900 1.60000002
v 4.98214006 2.99482870 1.60000002
v 4.99302006 3.00465322 1.60000002
v 5.00480747 3.01336884 1.60000002
v 5.01738930 3.02089214 1.60000002
v 5.03064489 3.02715158 1.60000002
v 5.03551579 3.02889323 1.60000002
v 5.03746796 3.03429246 1.60000002
v 5.04377937 3.04753590 1.60000002
v 5.05135536 3.06009912 1.60000002
v 5.06012154 3.07186246 1.60000002
v 4.61698914 3.36778975 1.60000002
v 4.63025761 3.37406874 1.60000002
v 4.64284801 3.38161469 1.60000002
v 4.65464115 3.39035511 1.60000002
v 4.66552353 3.40020633 1.60000002
v 4.67539120 3.41107392 1.60000002
v 4.68414879 3.42285395 1.60000002
v 4.69171333 3.43543386 1.60000002
v 4.69801140 3.44869256 1.60000002
v 4.69987392 3.45386529 1.60000002
v 4.70478249 3.45562363 1.60000002
v 4.71803761 3.46189213 1.60000002
v 4.73061752 3.46942496 1.60000002
v 4.74240112 3.47815013 1.60000002
v 4.75327682 3.48798394 1.60000002
v 4.76314068 3.49883270 1.60000002
v 4.77189827 3.51059246 1.60000002
v 4.77946568 3.52315140 1.60000002
v 4.78577137 3.53638887 1.60000002
v 4.78781033 3.54203320 1.60000002
v 4.79351139 3.54409790 1.60000002
v 4.80674171 3.55041170 1.60000002
v 4.81929207 3.55798674 1.60000002
v 4.83104324 3.56675053 1.60000002
v 4.84188318 3.57661963 1.60000002
v 4.85170746 3.58749986 1.60000002
v 5.09267616 3.10127139 1.60000002
v 5.10526657 3.10880113 1.60000002
v 5.11853313 3.11506510 1.60000002
v 5.13234711 3.12000322 1.60000002
v 5.14657831 3.12356806 1.60000002
v 5.16108894 3.12572575 1.60000002
v 5.17574167 3.12645578 1.60000002
v 5.21529675 3.12648940 1.60000002
v 5.21932983 3.13500309 1.60000002
v 5.22687149 3.14757943 1.60000002
v 5.23560572 3.15935922 1.60000002
v 5.24544811 3.17022991 1.60000002
v 5.25630522 3.18008757 1.60000002
v 5.26807308 3.18883777 1.60000002
v 5.28063869 3.19639730 1.60000002
v 5.29388285 3.20269370 1.60000002
v 5.29912090 3.20458174 1.60000002
v 5.30084038 3.20939231 1.60000002
v 5.30710030 3.22264814 1.60000002
v 5.31462336 3.23522997 1.60000002
v 5.32333899 3.24701691 1.60000002
v 5.33316326 3.25789714 1.60000002
v 5.34400320 3.26776624 1.60000002
v 5.35575438 3.27653027 1.60000002
v 5.36830521 3.28410506 1.60000002
v 5.38153505 3.29041886 1.60000002
v 5.38723612 3.29248357 1.60000002
v 5.38927555 3.29812789 1.60000002
v 5.39558077 3.31136537 1.60000002
v 5.40314817 3.32392430 1.60000002
v 5.41190577 3.33568406 1.60000002
v 5.42176962 3.34653282 1.60000002
v 5.43264532 3.35636687 1.60000002
v 5.44442940 3.36509180 1.60000002
v 5.45700932 3.37262464 1.60000002
v 5.47026396 3.37889338 1.60000002
v 5.47522259 3.38066936 1.60000002
v 5.47711849 3.38592935 1.60000002
v 5.48341465 3.39917326 1.60000002
v 5.49097443 3.41173911 1.60000002
v 5.49972439 3.42350674 1.60000002
v 5.50958204 3.43436384 1.60000002
v 5.52045298 3.44420624 1.60000002
v 4.86042309 3.59928703 1.60000002
v 4.86794662 3.61186862 1.60000002
v 4.87420607 3.62512445 1.60000002
v 4.87592602 3.62993503 1.60000002
v 4.88116360 3.63182306 1.60000002
v 4.89440775 3.63811946 1.60000002
v 4.90697384 3.64567900 1.60000002
v 4.91874123 3.65442920 1.60000002
v 4.92959833 3.66428685 1.60000002
v 4.93944073 3.67515755 1.60000002
v 4.94817448 3.68693733 1.60000002
v 4.95571709 3.69951367 1.60000002
v 4.95973396 3.70799303 1.60000002
v 4.99919319 3.70801663 1.60000002
v 5.01384020 3.70874238 1.60000002
v 5.02834606 3.71089482 1.60000002
v 5.04257298 3.71445346 1.60000002
v 5.05638409 3.71938443 1.60000002
v 5.06964779 3.72564030 1.60000002
v 5.08223724 3.73316169 1.60000002
v 5.09403229 3.74187660 1.60000002
v 5.10491943 3.75170135 1.60000002
v 5.11479568 3.76254225 1.60000002
v 5.12356567 3.77429605 1.60000002
v 5.13114643 3.78684998 1.60000002
v 5.13746452 3.80008411 1.60000002
v 5.13956261 3.80587339 1.60000002
v 5.14533138 3.80796289 1.60000002
v 5.15856171 3.81427670 1.60000002
v 5.17111206 3.82185149 1.60000002
v 5.18286324 3.83061552 1.60000002
v 5.19370270 3.84048462 1.60000002
v 5.20352745 3.85136461 1.60000002
v 5.21224308 3.86315179 1.60000002
v 5.21976662 3.87573338 1.60000002
v 5.22602558 3.88898945 1.60000002
v 5.22776699 3.89385986 1.60000002
v 5.23313713 3.89580011 1.60000002
v 5.24637508 3.90210533 1.60000002
v 5.25893354 3.90967274 1.60000002
v 5.27069378 3.91843033 1.60000002
v 5.28154230 3.92829418 1.60000002
v 5.29137611 3.93916988 1.60000002
v 5.30010128 3.95095396 1.60000002
v 5.30763435 3.96353364 1.60000002
v 5.31160593 3.97193217 1.60000002
v 5.35123825 3.97197747 1.60000002
v 5.36589479 3.97271204 1.60000002
v 5.38040972 3.97487545 1.60000002
v 5.39464378 3.97844672 1.60000002
v 5.40846062 3.98339176 1.60000002
v 5.42172813 3.98966360 1.60000002
v 5.43431950 3.99720144 1.60000002
v 5.44611359 4.00593376 1.60000002
v 5.45699835 4.01577711 1.60000002
v 5.46686888 4.02663660 1.60000002
v 5.47563124 4.03840876 1.60000002
v 5.48320103 4.05098104 1.60000002
v 5.48950624 4.06423235 1.60000002
v 5.49141788 4.06953192 1.60000002
v 5.49637747 4.07130814 1.60000002
v 5.50963211 4.07757664 1.60000002
v 5.52221203 4.08510971 1.60000002
v 5.53399611 4.09383488 1.60000002
v 5.53223276 3.45294023 1.60000002
v 5.54480886 3.46048236 1.60000002
v 5.55806160 3.46676040 1.60000002
v 5.56316662 3.46859264 1.60000002
v 5.56509018 3.47392392 1.60000002
v 5.57139492 3.48717570 1.60000002
v 5.57896519 3.49974775 1.60000002
v 5.58772755 3.51151991 1.60000002
v 5.59759808 3.52237940 1.60000002
v 5.60848236 3.53222251 1.60000002
v 5.62027693 3.54095507 1.60000002
v 5.63286829 3.54849315 1.60000002
v 5.64613581 3.55476475 1.60000002
v 5.65995264 3.55970979 1.60000002
v 5.67418671 3.56328106 1.60000002
v 5.68870163 3.56544447 1.60000002
v 5.70335817 3.56617904 1.60000002
v 5.74300766 3.56622434 1.60000002
v 5.74705982 3.57477808 1.60000002
v 5.75460148 3.58735442 1.60000002
v 5.76333570 3.59913421 1.60000002
v 5.77317810 3.61000466 1.60000002
v 5.78403521 3.61986232 1.60000002
v 5.79580259 3.62861276 1.60000002
v 5.80836868 3.63617206 1.60000002
v 5.82161236 3.64246845 1.60000002
v 5.82685041 3.64435649 1.60000002
v 5.82857037 3.64916730 1.60000002
v 5.83482981 3.66242313 1.60000002
v 5.84235334 3.67500472 1.60000002
v 5.85106850 3.68679190 1.60000002
v 5.86089325 3.69767189 1.60000002
v 5.87173319 3.70754099 1.60000002
v 5.88348436 3.71630502 1.60000002
v 5.89603472 3.72388005 1.60000002
v 5.90926504 3.73019361 1.60000002
v 5.91496563 3.73225856 1.60000002
v 5.91700506 3.73790264 1.60000002
v 5.92331028 3.75114012 1.60000002
v 5.93087769 3.76369905 1.60000002
v 5.93963528 3.77545905 1.60000002
v 5.94949913 3.78630781 1.60000002
v 5.96037531 3.79614162 1.60000002
v 5.97215939 3.80486679 1.60000002
v 5.98473883 3.81239939 1.60000002
v 5.54487181 4.10366869 1.60000002
v 5.55473566 4.11451721 1.60000002
v 5.56349325 4.12627745 1.60000002
v 5.57106066 4.13883591 1.60000002
v 5.57736588 4.15207386 1.60000002
v 5.57940531 4.15771770 1.60000002
v 5.58510590 4.15978241 1.60000002
v 5.59833622 4.16609669 1.60000002
v 5.61088657 4.17367125 1.60000002
v 5.62263823 4.18243504 1.60000002
v 5.63347769 4.19230461 1.60000002
v 5.64330244 4.20318460 1.60000002
v 5.65201807 4.21497154 1.60000002
v 5.65954113 4.22755337 1.60000002
v 5.66580057 4.24080944 1.60000002
v 5.66752052 4.24561977 1.60000002
v 5.67275858 4.24750805 1.60000002
v 5.68600273 4.25380421 1.60000002
v 5.69856834 4.26136398 1.60000002
v 5.71033573 4.27011395 1.60000002
v 5.72119284 4.27997160 1.60000002
v 5.73103523 4.29084206 1.60000002
v 5.73976946 4.30262184 1.60000002
v 5.74731159 4.31519842 1.60000002
v 5.99799395 3.81866813 1.60000002
v 6.00290203 3.82042646 1.60000002
v 6.00476456 3.82559919 1.60000002
v 6.01106358 3.83885789 1.60000002
v 6.01862764 3.85143757 1.60000002
v 6.02738571 3.86321783 1.60000002
v 6.03725290 3.87408543 1.60000002
v 6.04813528 3.88393664 1.60000002
v 6.05992794 3.89267707 1.60000002
v 6.07251930 3.90022278 1.60000002
v 6.08578730 3.90650201 1.60000002
v 6.09960556 3.91145420 1.60000002
v 6.11384153 3.91503191 1.60000002
v 6.12835932 3.91720104 1.60000002
v 6.14301968 3.91794109 1.60000002
v 6.18276119 3.91799951 1.60000002
v 6.18683434 3.92659807 1.60000002
v 6.19437647 3.93917418 1.60000002
v 6.20311069 3.95095396 1.60000002
v 6.21295309 3.96182442 1.60000002
v 6.22381020 3.97168207 1.60000002
v 6.23557758 3.98043251 1.60000002
v 6.24814320 3.98799181 1.60000002
v 6.26138735 3.99428844 1.60000002
v 6.26664734 3.99618435 1.60000002
v 6.26842356 4.00114250 1.60000002
v 6.27469206 4.01439762 1.60000002
v 6.28222466 4.02697754 1.60000002
v 6.29094982 4.03876162 1.60000002
v 6.30078411 4.04963732 1.60000002
v 6.31163263 4.05950117 1.60000002
v 6.32339239 4.06825876 1.60000002
v 6.33595133 4.07582617 1.60000002
v 6.34918880 4.08213139 1.60000002
v 6.35455894 4.08407164 1.60000002
v 6.35630035 4.08894205 1.60000002
v 6.36255932 4.10219765 1.60000002
v 6.37008286 4.11477947 1.60000002
v 6.37879848 4.12656689 1.60000002
v 6.38862324 4.13744688 1.60000002
v 6.39946270 4.14731598 1.60000002
v 6.41121387 4.15607977 1.60000002
v 6.42376471 4.16365480 1.60000002
v 6.43699455 4.16996861 1.60000002
v 6.44276381 4.17205811 1.60000002
v 6.44486141 4.17784739 1.60000002
v 6.45117998 4.19108152 1.60000002
v 6.45876026 4.20363522 1.60000002
v 6.46753073 4.21538925 1.60000002
v 6.47740650 4.22623014 1.60000002
v 6.48829412 4.23605490 1.60000002
v 6.50008869 4.24476957 1.60000002
v 6.51267815 4.25229073 1.60000002
v 6.52594185 4.25854683 1.60000002
v 6.53975296 4.26347780 1.60000002
v 6.55397987 4.26703644 1.60000002
v 6.56848621 4.26918888 1.60000002
v 6.58313322 4.26991463 1.60000002
v 6.62259245 4.26993847 1.60000002
v 6.62660933 4.27841759 1.60000002
v 6.63415146 4.29099417 1.60000002
v 6.64288521 4.30277395 1.60000002
v 5.75134468 4.32371235 1.60000002
v 5.79089975 4.32374573 1.60000002
v 5.80555201 4.32447577 1.60000002
v 5.82006311 4.32663345 1.60000002
v 5.83429384 4.33019829 1.60000002
v 5.84810829 4.33513641 1.60000002
v 5.86137438 4.34140015 1.60000002
v 5.87396526 4.34893036 1.60000002
v 5.88576031 4.35765409 1.60000002
v 5.89664650 4.36748838 1.60000002
v 5.90651989 4.37833881 1.60000002
v 5.91528606 4.39010239 1.60000002
v 5.92286158 4.40266562 1.60000002
v 5.92917347 4.41590881 1.60000002
v 5.93122482 4.42158270 1.60000002
v 5.93692589 4.42364788 1.60000002
v 5.95015621 4.42996120 1.60000002
v 5.96270657 4.43753624 1.60000002
v 5.97445774 4.44630051 1.60000002
v 5.98529768 4.45616913 1.60000002
v 5.99512196 4.46704960 1.60000002
v 6.00383759 4.47883654 1.60000002
v 6.01136112 4.49141836 1.60000002
v 6.01762056 4.50467396 1.60000002
v 6.01936197 4.50954437 1.60000002
v 6.02473164 4.51148462 1.60000002
v 6.03796959 4.51778984 1.60000002
v 6.05052853 4.52535725 1.60000002
v 6.06228828 4.53411484 1.60000002
v 6.07313681 4.54397869 1.60000002
v 6.08297062 4.55485487 1.60000002
v 6.09169579 4.56663895 1.60000002
v 6.09922886 4.57921839 1.60000002
v 6.10549736 4.59247351 1.60000002
v 6.10727358 4.59743166 1.60000002
v 6.11253357 4.59932804 1.60000002
v 6.12577724 4.60562420 1.60000002
v 6.13834333 4.61318350 1.60000002
v 6.15011072 4.62193394 1.60000002
v 6.16096783 4.63179159 1.60000002
v 6.17081022 4.64266205 1.60000002
v 6.17954445 4.65444183 1.60000002
v 6.18708611 4.66701794 1.60000002
v 6.19110298 4.67549801 1.60000002
v 6.23056269 4.67552137 1.60000002
v 6.24520969 4.67624664 1.60000002
v 6.25971603 4.67839956 1.60000002
v 6.27394247 4.68195820 1.60000002
v 6.28775406 4.68688917 1.60000002
v 6.30101776 4.69314480 1.60000002
v 6.31360674 4.70066643 1.60000002
v 6.32540178 4.70938110 1.60000002
v 6.33628893 4.71920586 1.60000002
v 6.34616518 4.73004723 1.60000002
v 6.35493517 4.74180079 1.60000002
v 6.36251545 4.75435448 1.60000002
v 6.36883402 4.76758862 1.60000002
v 6.37093163 4.77337790 1.60000002
v 6.37670088 4.77546740 1.60000002
v 6.38993073 4.78178120 1.60000002
v 6.40248156 4.78935623 1.60000002
v 6.41423273 4.79812002 1.60000002
v 6.42507267 4.80798912 1.60000002
v 6.43489695 4.81886959 1.60000002
v 6.44361258 4.83065653 1.60000002
v 6.45113611 4.84323788 1.60000002
v 6.65272808 4.31364441 1.60000002
v 6.66358471 4.32350206 1.60000002
v 6.67535257 4.33225250 1.60000002
v 6.68791819 4.33981180 1.60000002
v 6.70116234 4.34610844 1.60000002
v 6.70642233 4.34800434 1.60000002
v 6.70819855 4.35296249 1.60000002
v 6.71446705 4.36621761 1.60000002
v 6.72199965 4.37879753 1.60000002
v 6.73072481 4.39058113 1.60000002
v 6.74055862 4.40145731 1.60000002
v 6.75140762 4.41132116 1.60000002
v 6.76316738 4.42007828 1.60000002
v 6.77572632 4.42764616 1.60000002
v 6.78896379 4.43395138 1.60000002
v 6.79460812 4.43599033 1.60000002
v 6.79667282 4.44169140 1.60000002
v 6.80298662 4.45492172 1.60000002
v 6.81056118 4.46747208 1.60000002
v 6.81932545 4.47922325 1.60000002
v 6.82919455 4.49006319 1.60000002
v 6.84007454 4.49988747 1.60000002
v 6.85186195 4.50860310 1.60000002
v 6.86444330 4.51612663 1.60000002
v 6.87769938 4.52238607 1.60000002
v 6.88257027 4.52412796 1.60000002
v 6.88452244 4.52952671 1.60000002
v 6.89083385 4.54277039 1.60000002
v 6.89840937 4.55533361 1.60000002
v 6.90717554 4.56709671 1.60000002
v 6.45739555 4.85649395 1.60000002
v 6.45913696 4.86136436 1.60000002
v 6.46450663 4.86330462 1.60000002
v 6.47774410 4.86960983 1.60000002
v 6.49030304 4.87717724 1.60000002
v 6.50206327 4.88593483 1.60000002
v 6.51291180 4.89579868 1.60000002
v 6.52274561 4.90667439 1.60000002
v 6.53147078 4.91845846 1.60000002
v 6.53900337 4.93103838 1.60000002
v 6.54297543 4.93943691 1.60000002
v 6.58260775 4.93948221 1.60000002
v 6.59726429 4.94021654 1.60000002
v 6.61177921 4.94237995 1.60000002
v 6.62601328 4.94595146 1.60000002
v 6.63983011 4.95089626 1.60000002
v 6.65309763 4.95716810 1.60000002
v 6.66568899 4.96470642 1.60000002
v 6.67748308 4.97343874 1.60000002
v 6.68836784 4.98328161 1.60000002
v 6.69823837 4.99414158 1.60000002
v 6.70700073 5.00591373 1.60000002
v 6.71457052 5.01848555 1.60000002
v 6.72087574 5.03173733 1.60000002
v 6.91704941 4.57794762 1.60000002
v 6.92793560 4.58778191 1.60000002
v 6.93973064 4.59650564 1.60000002
v 6.95232105 4.60403538 1.60000002
v 6.96558714 4.61029959 1.60000002
v 6.97940159 4.61523771 1.60000002
v 6.99363232 4.61880255 1.60000002
v 7.00814342 4.62096024 1.60000002
v 7.02279615 4.62169027 1.60000002
v 7.04847479 4.62171173 1.60000002
v 7.04848051 4.64715767 1.60000002
v 7.04919910 4.66179132 1.60000002
v 7.05134249 4.67628574 1.60000002
v 7.05488920 4.69050121 1.60000002
v 7.05564404 4.69262028 1.60000002
v 7.05485439 4.69483995 1.60000002
v 7.05131340 4.70905018 1.60000002
v 7.04917479 4.72353745 1.60000002
v 7.04845953 4.73816442 1.60000002
v 6.72277975 5.03701448 1.60000002
v 6.72759104 5.03873491 1.60000002
v 6.74084711 5.04499388 1.60000002
v 6.75342846 5.05251741 1.60000002
v 6.76521587 5.06123304 1.60000002
v 6.77609587 5.07105780 1.60000002
v 6.78596497 5.08189726 1.60000002
v 6.79472876 5.09364843 1.60000002
v 6.80230379 5.10619926 1.60000002
v 6.80861759 5.11942911 1.60000002
v 6.81068230 5.12513018 1.60000002
v 6.81632662 5.12716961 1.60000002
v 6.82956409 5.13347483 1.60000002
v 6.84212303 5.14104223 1.60000002
v 6.85388279 5.14979982 1.60000002
v 6.86473179 5.15966368 1.60000002
v 6.87456560 5.17053938 1.60000002
v 6.88329077 5.18232346 1.60000002
v 6.89082336 5.19490337 1.60000002
v 6.89709187 5.20815802 1.60000002
v 6.89886808 5.21311665 1.60000002
v 6.90412807 5.21501255 1.60000002
v 6.91737223 5.22130871 1.60000002
v 7.01491070 5.06228542 1.60000002
v 7.02664328 5.05350780 1.60000002
v 6.99428606 5.08305407 1.60000002
v 6.98559093 5.09484720 1.60000002
v 6.97808743 5.10743284 1.60000002
v 7.00409079 5.07216549 1.60000002
v 6.97184801 5.12069035 1.60000002
v 6.96693182 5.13449287 1.60000002
v 6.96338558 5.14870977 1.60000002
v 6.96124315 5.16320467 1.60000002
v 6.96052551 5.17783928 1.60000002
v 7.03917599 5.04591751 1.60000002
v 7.04844713 5.04147482 1.60000002
v 6.92993784 5.22886848 1.60000002
v 6.94170570 5.23761892 1.60000002
v 6.95256233 5.24747658 1.60000002
v 6.96051407 5.25625801 1.60000002
v 3.95149374 1.10401154 1.60000002
v 3.96233344 1.11388063 1.60000002
v 3.97215796 1.12476063 1.60000002
v 3.95099664 1.10364056 1.60000002
v 3.98087358 1.13654804 1.60000002
v 3.98839688 1.14912939 1.60000002
v 3.99227095 1.15733337 1.60000002
v 4.03180027 1.15736723 1.60000002
v 4.04645252 1.15809679 1.60000002
v 4.06096363 1.16025448 1.60000002
v 4.07519436 1.16381979 1.60000002
v 4.08900928 1.16875744 1.60000002
v 4.10227489 1.17502165 1.60000002
v 4.11486578 1.18255138 1.60000002
v 4.12666082 1.19127512 1.60000002
v 4.13754702 1.20110941 1.60000002
v 4.14742088 1.21196032 1.60000002
v 4.16024017 1.10364056 1.60000002
v 4.16474152 1.11301804 1.60000002
v 4.17233658 1.12553883 1.60000002
v 4.18111610 1.13725948 1.60000002
v 4.19099712 1.14806843 1.60000002
v 4.20188427 1.15786219 1.60000002
v 4.15618706 1.22372341 1.60000002
v 4.16376209 1.23628712 1.60000002
v 4.17007446 1.24953032 1.60000002
v 4.17202616 1.25492954 1.60000002
v 4.17689705 1.25667095 1.60000002
v 4.21367550 1.16654778 1.60000002
v 4.22625685 1.17404175 1.60000002
v 4.23950958 1.18027353 1.60000002
v 4.25330639 1.18518305 1.60000002
v 4.26751614 1.18872404 1.60000002
v 4.28200340 1.19086218 1.60000002
v 4.19015312 1.26293039 1.60000002
v 4.20273447 1.27045393 1.60000002
v 4.21452141 1.27916956 1.60000002
v 4.22540188 1.28899384 1.60000002
v 4.23527098 1.29983377 1.60000002
v 4.24403477 1.31158495 1.60000002
v 4.25160980 1.32413578 1.60000002
v 4.25792360 1.33736563 1.60000002
v 4.25998831 1.34306669 1.60000002
v 4.26563263 1.34510612 1.60000002
v 4.27887011 1.35141134 1.60000002
v 4.29142904 1.35897875 1.60000002
v 4.30318880 1.36773634 1.60000002
v 4.31403732 1.37760019 1.60000002
v 4.32387161 1.38847589 1.60000002
v 4.33259678 1.40025997 1.60000002
v 4.34012938 1.41283941 1.60000002
v 4.34639835 1.42609453 1.60000002
v 4.34817410 1.43105268 1.60000002
v 4.35343409 1.43294907 1.60000002
v 4.29663038 1.19157791 1.60000002
v 4.59987640 1.19159031 1.60000002
v 4.60425472 1.20074368 1.60000002
v 4.61184120 1.21328831 1.60000002
v 4.62061596 1.22503185 1.60000002
v 4.63049507 1.23586273 1.60000002
v 4.64138508 1.24567795 1.60000002
v 4.65318012 1.25438309 1.60000002
v 4.66576958 1.26189518 1.60000002
v 4.67903137 1.26814222 1.60000002
v 4.69284010 1.27306509 1.60000002
v 4.70706367 1.27661657 1.60000002
v 4.72156525 1.27876282 1.60000002
v 4.73620796 1.27948284 1.60000002
v 4.86366892 1.27951574 1.60000002
v 4.86799049 1.28856754 1.60000002
v 4.87557125 1.30112123 1.60000002
v 4.88434124 1.31287527 1.60000002
v 4.89421701 1.32371616 1.60000002
v 4.90510464 1.33354092 1.60000002
v 4.91689920 1.34225559 1.60000002
v 4.92948866 1.34977722 1.60000002
v 4.94275236 1.35603285 1.60000002
v 4.95656395 1.36096382 1.60000002
v 4.97079039 1.36452293 1.60000002
v 4.98529625 1.36667538 1.60000002
v 4.99994373 1.36740065 1.60000002
v 5.03975058 1.36742449 1.60000002
v 5.04429054 1.37688160 1.60000002
v 5.05188513 1.38940239 1.60000002
v 5.06066465 1.40112305 1.60000002
v 5.07054520 1.41193199 1.60000002
v 5.08143234 1.42172575 1.60000002
v 5.09322262 1.43041086 1.60000002
v 4.36667824 1.43924522 1.60000002
v 4.37924385 1.44680500 1.60000002
v 4.39101124 1.45555496 1.60000002
v 4.40186882 1.46541262 1.60000002
v 4.41171074 1.47628355 1.60000002
v 4.42044497 1.48806334 1.60000002
v 4.42798710 1.50063944 1.60000002
v 4.43426514 1.51389217 1.60000002
v 4.43609715 1.51899624 1.60000002
v 4.44138908 1.52090406 1.60000002
v 4.45463276 1.52720022 1.60000002
v 4.46719885 1.53476000 1.60000002
v 4.47896671 1.54350996 1.60000002
v 4.48982334 1.55336761 1.60000002
v 4.49966621 1.56423855 1.60000002
v 4.50839996 1.57601786 1.60000002
v 4.51594210 1.58859444 1.60000002
v 4.52001524 1.59719276 1.60000002
v 4.55975676 1.59725142 1.60000002
v 4.57441711 1.59799099 1.60000002
v 4.58893490 1.60016060 1.60000002
v 4.60317087 1.60373831 1.60000002
v 4.61698914 1.60869026 1.60000002
v 4.63025761 1.61496925 1.60000002
v 4.64284801 1.62251520 1.60000002
v 4.65464115 1.63125563 1.60000002
v 4.66552353 1.64110708 1.60000002
v 4.67539120 1.65197468 1.60000002
v 4.68414879 1.66375494 1.60000002
v 4.69171333 1.67633438 1.60000002
v 4.69801140 1.68959332 1.60000002
v 4.69988537 1.69479799 1.60000002
v 4.70493984 1.69661236 1.60000002
v 4.71819305 1.70288992 1.60000002
v 4.73076916 1.71043205 1.60000002
v 4.74254894 1.71916628 1.60000002
v 4.75341940 1.72900867 1.60000002
v 4.76327705 1.73986578 1.60000002
v 4.77202702 1.75163341 1.60000002
v 4.77958679 1.76419902 1.60000002
v 4.78588295 1.77744317 1.60000002
v 4.78777933 1.78270292 1.60000002
v 4.79273748 1.78447914 1.60000002
v 4.80599260 1.79074788 1.60000002
v 4.81857204 1.79828072 1.60000002
v 4.83035612 1.80700564 1.60000002
v 4.84123230 1.81683946 1.60000002
v 4.85109615 1.82768822 1.60000002
v 4.85985374 1.83944821 1.60000002
v 4.86742115 1.85200691 1.60000002
v 4.87372589 1.86524463 1.60000002
v 4.87576580 1.87088871 1.60000002
v 4.88146639 1.87295365 1.60000002
v 4.89469624 1.87926722 1.60000002
v 4.90724707 1.88684225 1.60000002
v 4.91899872 1.89560628 1.60000002
v 4.92983818 1.90547538 1.60000002
v 4.93966293 1.91635537 1.60000002
v 4.94837856 1.92814255 1.60000002
v 4.95590162 1.94072413 1.60000002
v 4.96216106 1.95397997 1.60000002
v 4.96388102 1.95879078 1.60000002
v 4.96911907 1.96067882 1.60000002
v 4.98236275 1.96697521 1.60000002
v 4.99492836 1.97453451 1.60000002
v 5.00669622 1.98328495 1.60000002
v 5.01755333 1.99314260 1.60000002
v 5.02739573 2.00401306 1.60000002
v 5.03612995 2.01579285 1.60000002
v 5.04367161 2.02836919 1.60000002
v 5.04772377 2.03692293 1.60000002
v 5.10580397 1.43790531 1.60000002
v 5.11905575 1.44413710 1.60000002
v 5.13285255 1.44904709 1.60000002
v 5.14706230 1.45258808 1.60000002
v 5.16154957 1.45472670 1.60000002
v 5.17617607 1.45544291 1.60000002
v 5.30327606 1.45545149 1.60000002
v 5.30710030 1.46354914 1.60000002
v 5.31462336 1.47613049 1.60000002
v 5.32333899 1.48791742 1.60000002
v 5.33316326 1.49879789 1.60000002
v 5.34400320 1.50866699 1.60000002
v 5.35575438 1.51743078 1.60000002
v 5.36830521 1.52500582 1.60000002
v 5.38153505 1.53131962 1.60000002
v 5.38723660 1.53338432 1.60000002
v 5.38928795 1.53905821 1.60000002
v 5.39559937 1.55230141 1.60000002
v 5.40317488 1.56486464 1.60000002
v 5.41194153 1.57662821 1.60000002
v 5.42181492 1.58747864 1.60000002
v 5.43270111 1.59731293 1.60000002
v 5.44449615 1.60603666 1.60000002
v 5.45708656 1.61356688 1.60000002
v 5.47035265 1.61983061 1.60000002
v 5.48416710 1.62476873 1.60000002
v 5.49839783 1.62833357 1.60000002
v 5.51290894 1.63049126 1.60000002
v 5.08737326 2.03696823 1.60000002
v 5.10202980 2.03770280 1.60000002
v 5.11654472 2.03986621 1.60000002
v 5.13077879 2.04343748 1.60000002
v 5.14459562 2.04838252 1.60000002
v 5.15786314 2.05465412 1.60000002
v 5.17045450 2.06219220 1.60000002
v 5.18224907 2.07092476 1.60000002
v 5.19313335 2.08076787 1.60000002
v 5.20300388 2.09162736 1.60000002
v 5.21176624 2.10339952 1.60000002
v 5.21933651 2.11597157 1.60000002
v 5.22564125 2.12922335 1.60000002
v 5.22756481 2.13455462 1.60000002
v 5.23266983 2.13638687 1.60000002
v 5.24592257 2.14266491 1.60000002
v 5.25849915 2.15020704 1.60000002
v 5.27027845 2.15894103 1.60000002
v 5.28114891 2.16878343 1.60000002
v 5.29100704 2.17964053 1.60000002
v 5.29975700 2.19140816 1.60000002
v 5.30731678 2.20397401 1.60000002
v 5.31361294 2.21721792 1.60000002
v 5.31550884 2.22247791 1.60000002
v 5.32046747 2.22425389 1.60000002
v 5.33372211 2.23052263 1.60000002
v 5.34630203 2.23805547 1.60000002
v 5.35808611 2.24678040 1.60000002
v 5.36896229 2.25661445 1.60000002
v 5.37882566 2.26746297 1.60000002
v 5.38758326 2.27922297 1.60000002
v 5.39515066 2.29178190 1.60000002
v 5.40145588 2.30501938 1.60000002
v 5.40349531 2.31066370 1.60000002
v 5.40919638 2.31272840 1.60000002
v 5.42242622 2.31904221 1.60000002
v 5.43497705 2.32661700 1.60000002
v 5.44672823 2.33538103 1.60000002
v 5.45756769 2.34525013 1.60000002
v 5.46739244 2.35613036 1.60000002
v 5.47610807 2.36791730 1.60000002
v 5.48363113 2.38049889 1.60000002
v 5.48989105 2.39375496 1.60000002
v 5.49161100 2.39856553 1.60000002
v 5.49684858 2.40045357 1.60000002
v 5.51009274 2.40674996 1.60000002
v 5.52265835 2.41430950 1.60000002
v 5.53442621 2.42305970 1.60000002
v 5.52756166 1.63122129 1.60000002
v 5.56739330 1.63125515 1.60000002
v 5.57188654 1.64063311 1.60000002
v 5.57947636 1.65316534 1.60000002
v 5.58825302 1.66489744 1.60000002
v 5.59813213 1.67571735 1.60000002
v 5.60902023 1.68552208 1.60000002
v 5.62081242 1.69421721 1.60000002
v 5.63339663 1.70172071 1.60000002
v 5.64665318 1.70796108 1.60000002
v 5.66045523 1.71287775 1.60000002
v 5.67467117 1.71642494 1.60000002
v 5.68916512 1.71856785 1.60000002
v 5.70379925 1.71928644 1.60000002
v 5.74309301 1.71929550 1.60000002
v 5.74716568 1.72787762 1.60000002
v 5.75471687 1.74044943 1.60000002
v 5.76345921 1.75222373 1.60000002
v 5.77330971 1.76308799 1.60000002
v 5.78417397 1.77293849 1.60000002
v 5.79594803 1.78168082 1.60000002
v 5.80851984 1.78923178 1.60000002
v 5.82176876 1.79551911 1.60000002
v 5.82692289 1.79737282 1.60000002
v 5.82873631 1.80242610 1.60000002
v 5.83501434 1.81567860 1.60000002
v 5.84255648 1.82825494 1.60000002
v 5.85129070 1.84003472 1.60000002
v 5.86113310 1.85090542 1.60000002
v 5.87199020 1.86076307 1.60000002
v 5.88375759 1.86951327 1.60000002
v 5.89632368 1.87707281 1.60000002
v 5.90956736 1.88336921 1.60000002
v 5.91480541 1.88525724 1.60000002
v 5.91652536 1.89006782 1.60000002
v 5.92278481 1.90332365 1.60000002
v 5.93030834 1.91590524 1.60000002
v 5.93902397 1.92769241 1.60000002
v 5.94884825 1.93857265 1.60000002
v 5.95968819 1.94844174 1.60000002
v 5.97143936 1.95720553 1.60000002
v 5.98398972 1.96478057 1.60000002
v 5.99722004 1.97109437 1.60000002
v 6.00292110 1.97315907 1.60000002
v 6.00496006 1.97880340 1.60000002
v 6.01126528 1.99204087 1.60000002
v 6.01883316 2.00459981 1.60000002
v 6.02759027 2.01635957 1.60000002
v 6.03745413 2.02720833 1.60000002
v 6.04833031 2.03704238 1.60000002
v 6.06011391 2.04576731 1.60000002
v 6.07269382 2.05330014 1.60000002
v 6.08594894 2.05956888 1.60000002
v 6.09076023 2.06129217 1.60000002
v 6.09243536 2.06597781 1.60000002
v 6.09869480 2.07923365 1.60000002
v 6.10621834 2.09181523 1.60000002
v 6.11493397 2.10360241 1.60000002
v 6.12475824 2.11448264 1.60000002
v 6.13559818 2.12435174 1.60000002
v 6.14734936 2.13311553 1.60000002
v 6.15989971 2.14069057 1.60000002
v 6.17313004 2.14700437 1.60000002
v 6.17877102 2.14904761 1.60000002
v 5.54528332 2.43291736 1.60000002
v 5.55512571 2.44378805 1.60000002
v 5.56385946 2.45556784 1.60000002
v 5.57140160 2.46814394 1.60000002
v 5.57547474 2.47674251 1.60000002
v 5.61521626 2.47680092 1.60000002
v 5.62987661 2.47754073 1.60000002
v 5.64439440 2.47971010 1.60000002
v 5.65863037 2.48328781 1.60000002
v 5.67244911 2.48824000 1.60000002
v 5.68571711 2.49451900 1.60000002
v 5.69830799 2.50206494 1.60000002
v 5.71010113 2.51080537 1.60000002
v 5.72098303 2.52065659 1.60000002
v 5.73085022 2.53152418 1.60000002
v 5.73960829 2.54330444 1.60000002
v 5.74717283 2.55588412 1.60000002
v 5.75347137 2.56914282 1.60000002
v 5.75534534 2.57434773 1.60000002
v 5.76039982 2.57616186 1.60000002
v 5.77365208 2.58243966 1.60000002
v 5.78622866 2.58998179 1.60000002
v 5.79800844 2.59871578 1.60000002
v 5.80887890 2.60855842 1.60000002
v 5.81873655 2.61941528 1.60000002
v 5.82748699 2.63118291 1.60000002
v 5.83504629 2.64374876 1.60000002
v 5.84134293 2.65699267 1.60000002
v 5.84323072 2.66223049 1.60000002
v 5.84804153 2.66395068 1.60000002
v 5.86129761 2.67020988 1.60000002
v 5.87387896 2.67773342 1.60000002
v 5.88566589 2.68644905 1.60000002
v 5.89654636 2.69627357 1.60000002
v 5.90641546 2.70711327 1.60000002
v 5.91517925 2.71886444 1.60000002
v 5.92275429 2.73141503 1.60000002
v 5.92906809 2.74464512 1.60000002
v 5.93113279 2.75034595 1.60000002
v 5.93677711 2.75238538 1.60000002
v 5.95001459 2.75869060 1.60000002
v 5.96257305 2.76625800 1.60000002
v 5.97433329 2.77501559 1.60000002
v 5.98518181 2.78487945 1.60000002
v 6.18075848 2.15455985 1.60000002
v 6.18705463 2.16780376 1.60000002
v 6.19461393 2.18036962 1.60000002
v 6.20336437 2.19213724 1.60000002
v 6.21322203 2.20299411 1.60000002
v 6.22409248 2.21283674 1.60000002
v 6.23587227 2.22157073 1.60000002
v 6.24844837 2.22911286 1.60000002
v 6.26170111 2.23539066 1.60000002
v 6.26668072 2.23717785 1.60000002
v 6.26842356 2.24204350 1.60000002
v 6.27469206 2.25529838 1.60000002
v 6.28222466 2.26787806 1.60000002
v 6.29094982 2.27966213 1.60000002
v 6.30078411 2.29053807 1.60000002
v 6.31163263 2.30040193 1.60000002
v 6.32339239 2.30915928 1.60000002
v 6.33595133 2.31672692 1.60000002
v 6.34918880 2.32303214 1.60000002
v 6.35483313 2.32507133 1.60000002
v 6.35689783 2.33077216 1.60000002
v 6.36321163 2.34400249 1.60000002
v 6.37078667 2.35655308 1.60000002
v 6.37955046 2.36830425 1.60000002
v 6.38941956 2.37914395 1.60000002
v 6.40029955 2.38896847 1.60000002
v 6.41208696 2.39768410 1.60000002
v 6.42466831 2.40520740 1.60000002
v 6.43792439 2.41146684 1.60000002
v 6.44273472 2.41318679 1.60000002
v 6.44462299 2.41842461 1.60000002
v 5.99501610 2.79575539 1.60000002
v 6.00374079 2.80753946 1.60000002
v 6.01127386 2.82011914 1.60000002
v 6.01754236 2.83337402 1.60000002
v 6.01926565 2.83818507 1.60000002
v 6.02395153 2.83986044 1.60000002
v 6.03720713 2.84611988 1.60000002
v 6.04978895 2.85364342 1.60000002
v 6.06157589 2.86235881 1.60000002
v 6.07245636 2.87218356 1.60000002
v 6.45091963 2.43166876 1.60000002
v 6.45847893 2.44423437 1.60000002
v 6.46722937 2.45600224 1.60000002
v 6.47708702 2.46685910 1.60000002
v 6.48795748 2.47670174 1.60000002
v 6.49973726 2.48543572 1.60000002
v 6.51231337 2.49297762 1.60000002
v 6.52091217 2.49705100 1.60000002
v 6.52097034 2.53679252 1.60000002
v 6.52171040 2.55145264 1.60000002
v 6.52387953 2.56597042 1.60000002
v 6.52745724 2.58020663 1.60000002
v 6.53240967 2.59402490 1.60000002
v 6.53868866 2.60729313 1.60000002
v 6.54623461 2.61988401 1.60000002
v 6.55497456 2.63167691 1.60000002
v 6.56482601 2.64255929 1.60000002
v 6.57569361 2.65242648 1.60000002
v 6.58747387 2.66118431 1.60000002
v 6.60005379 2.66874886 1.60000002
v 6.61331224 2.67504740 1.60000002
v 6.61873770 2.67700076 1.60000002
v 6.62076283 2.68259215 1.60000002
v 6.62707663 2.69582224 1.60000002
v 6.63465166 2.70837283 1.60000002
v 6.64341545 2.72012401 1.60000002
v 6.65328455 2.73096371 1.60000002
v 6.66416454 2.74078846 1.60000002
v 6.67595196 2.74950385 1.60000002
v 6.68853331 2.75702739 1.60000002
v 6.69670296 2.76088500 1.60000002
v 6.69672680 2.80031872 1.60000002
v 6.69745207 2.81496596 1.60000002
v 6.69960451 2.82947206 1.60000002
v 6.70316315 2.84369874 1.60000002
v 6.70809412 2.85751009 1.60000002
v 6.76556063 3.39035511 1.60000002
v 6.71435022 2.87077379 1.60000002
v 6.32540178 3.03823686 1.60000002
v 6.79106236 3.10742211 1.60000002
v 6.77644253 3.40020633 1.60000002
v 6.08232498 2.88302302 1.60000002
v 6.09108925 2.89477444 1.60000002
v 6.09866428 2.90732503 1.60000002
v 6.10497761 2.92055511 1.60000002
v 6.10702133 2.92619634 1.60000002
v 6.11253357 2.92818356 1.60000002
v 6.12577724 2.93447971 1.60000002
v 6.13834333 2.94203925 1.60000002
v 6.15011072 2.95078969 1.60000002
v 6.16096783 2.96064711 1.60000002
v 6.17081022 2.97151780 1.60000002
v 6.17954445 2.98329759 1.60000002
v 6.18708611 2.99587393 1.60000002
v 6.19110298 3.00435328 1.60000002
v 6.23056269 3.00437689 1.60000002
v 6.24520969 3.00510263 1.60000002
v 6.25971603 3.00725508 1.60000002
v 6.27394247 3.01081371 1.60000002
v 6.28775406 3.01574469 1.60000002
v 6.30101776 3.02200079 1.60000002
v 6.31360674 3.02952194 1.60000002
v 6.33628893 3.04806161 1.60000002
v 6.34616518 3.05890274 1.60000002
v 6.35493517 3.07065630 1.60000002
v 6.36251545 3.08321023 1.60000002
v 6.36883402 3.09644437 1.60000002
v 6.37093163 3.10223365 1.60000002
v 6.37670088 3.10432315 1.60000002
v 6.38993073 3.11063671 1.60000002
v 6.40248156 3.11821175 1.60000002
v 6.41423273 3.12697577 1.60000002
v 6.42507267 3.13684487 1.60000002
v 6.43489695 3.14772487 1.60000002
v 6.44361258 3.15951204 1.60000002
v 6.45113611 3.17209363 1.60000002
v 6.45739555 3.18534970 1.60000002
v 6.45913696 3.19021988 1.60000002
v 6.46450663 3.19216013 1.60000002
v 6.47774410 3.19846535 1.60000002
v 6.49030304 3.20603299 1.60000002
v 6.50206327 3.21479034 1.60000002
v 6.51291180 3.22465420 1.60000002
v 6.52274561 3.23553014 1.60000002
v 6.72187138 2.88336301 1.60000002
v 6.73058653 2.89515781 1.60000002
v 6.74041128 2.90604520 1.60000002
v 6.75125217 2.91592121 1.60000002
v 6.76300573 2.92469144 1.60000002
v 6.77555990 2.93227196 1.60000002
v 6.78461170 2.93659353 1.60000002
v 6.78464460 3.06405473 1.60000002
v 6.78536463 3.07869697 1.60000002
v 6.78751087 3.09319901 1.60000002
v 6.79598522 3.12123084 1.60000002
v 6.80223227 3.13449311 1.60000002
v 6.80974436 3.14708209 1.60000002
v 6.81844950 3.15887761 1.60000002
v 6.82826424 3.16976690 1.60000002
v 6.83909559 3.17964649 1.60000002
v 6.85083914 3.18842125 1.60000002
v 6.86338329 3.19600797 1.60000002
v 6.87273169 3.20047927 1.60000002
v 6.53147078 3.24731421 1.60000002
v 6.53900337 3.25989389 1.60000002
v 6.54527235 3.27314878 1.60000002
v 6.54704809 3.27810717 1.60000002
v 6.55230808 3.28000331 1.60000002
v 6.56555223 3.28629971 1.60000002
v 6.57811785 3.29385900 1.60000002
v 6.58988571 3.30260944 1.60000002
v 6.60074282 3.31246710 1.60000002
v 6.61058521 3.32333755 1.60000002
v 6.61931896 3.33511734 1.60000002
v 6.62686110 3.34769368 1.60000002
v 6.63093424 3.35629225 1.60000002
v 6.67067575 3.35635066 1.60000002
v 6.68533611 3.35709047 1.60000002
v 6.69985390 3.35925961 1.60000002
v 6.71409035 3.36283755 1.60000002
v 6.72790861 3.36778975 1.60000002
v 6.74117661 3.37406874 1.60000002
v 6.75376749 3.38161469 1.60000002
v 6.78631020 3.41107392 1.60000002
v 6.87279034 3.24043226 1.60000002
v 6.87353039 3.25509238 1.60000002
v 6.87569952 3.26961017 1.60000002
v 6.87927723 3.28384638 1.60000002
v 6.88422918 3.29766464 1.60000002
v 6.89050865 3.31093287 1.60000002
v 6.89805412 3.32352376 1.60000002
v 6.90679455 3.33531666 1.60000002
v 6.79506779 3.42285395 1.60000002
v 6.80263233 3.43543386 1.60000002
v 6.80893087 3.44869256 1.60000002
v 6.81080484 3.45389748 1.60000002
v 6.81585932 3.45571136 1.60000002
v 6.82911205 3.46198940 1.60000002
v 6.84168816 3.46953154 1.60000002
v 6.85346794 3.47826552 1.60000002
v 6.86433840 3.48810792 1.60000002
v 6.87419605 3.49896502 1.60000002
v 6.88294649 3.51073265 1.60000002
v 6.89050579 3.52329850 1.60000002
v 6.89680243 3.53654242 1.60000002
v 6.89869022 3.54178023 1.60000002
v 6.90350103 3.54350019 1.60000002
v 6.91675711 3.54975963 1.60000002
v 6.91664600 3.34619904 1.60000002
v 6.92751360 3.35606623 1.60000002
v 6.93929386 3.36482406 1.60000002
v 6.95187330 3.37238860 1.60000002
v 6.96049356 3.37648344 1.60000002
v 6.92933846 3.55728292 1.60000002
v 6.94112587 3.56599855 1.60000002
v 6.95200586 3.57582331 1.60000002
v 6.96050406 3.58515716 1.60000002
v 1.44388390 2.15408850 1.60000002
v 1.44566011 2.14913011 1.60000002
v 1.46416426 2.14093757 1.60000002
v 1.45092010 2.14723396 1.60000002
v 1.47672987 2.13337827 1.60000002
v 1.48849773 2.12462783 1.60000002
v 1.53356457 2.06123781 1.60000002
v 1.53175116 2.06629086 1.60000002
v 1.53871870 2.05938387 1.60000002
v 1.60577106 2.00431418 1.60000002
v 1.59702873 2.01608849 1.60000002
v 1.56453943 2.04554582 1.60000002
v 1.57631397 2.03680325 1.60000002
v 1.55196762 2.05309677 1.60000002
v 1.58717823 2.02695274 1.60000002
v 1.51793098 2.09211993 1.60000002
v 1.50919724 2.10389972 1.60000002
v 1.52547312 2.07954359 1.60000002
v 1.49935436 2.11477017 1.60000002
v 1.61329508 1.99178720 1.60000002
v 1.62071800 2.00416493 1.60000002
v 1.62945223 2.01594472 1.60000002
v 1.63929462 2.02681541 1.60000002
v 1.65015173 2.03667283 1.60000002
v 1.66191912 2.04542327 1.60000002
v 1.67448521 2.05298281 1.60000002
v 1.68772888 2.05927896 1.60000002
v 1.69296694 2.06116724 1.60000002
v 1.69468689 2.06597781 1.60000002
v 1.70094633 2.07923365 1.60000002
v 1.70846987 2.09181523 1.60000002
v 1.71718550 2.10360241 1.60000002
v 1.72700977 2.11448264 1.60000002
v 1.73784971 2.12435174 1.60000002
v 1.74960089 2.13311553 1.60000002
v 1.76215124 2.14069057 1.60000002
v 1.77538157 2.14700437 1.60000002
v 1.78108263 2.14906907 1.60000002
v 1.36311865 2.23507714 1.60000002
v 1.35747433 2.23711634 1.60000002
v 1.35540962 2.24281740 1.60000002
v 1.37635612 2.22877192 1.60000002
v 1.27438307 2.32351184 1.60000002
v 1.26957273 2.32523203 1.60000002
v 1.26768446 2.33046985 1.60000002
v 1.28763914 2.31725264 1.60000002
v 1.30022049 2.30972910 1.60000002
v 1.31200790 2.30101347 1.60000002
v 1.34909582 2.25604749 1.60000002
v 1.34152079 2.26859808 1.60000002
v 1.33275700 2.28034925 1.60000002
v 1.32288790 2.29118896 1.60000002
v 1.19999409 2.40502262 1.60000002
v 1.19144058 2.40907478 1.60000002
v 1.23522091 2.37890410 1.60000002
v 1.26138830 2.34371376 1.60000002
v 1.25382853 2.35627961 1.60000002
v 1.24507809 2.36804724 1.60000002
v 1.21257019 2.39748073 1.60000002
v 1.22434998 2.38874674 1.60000002
v 1.19139528 2.44872403 1.60000002
v 1.19066048 2.46338081 1.60000002
v 1.18849707 2.47789574 1.60000002
v 1.18492603 2.49212980 1.60000002
v 1.17998075 2.50594664 1.60000002
v 1.14759541 2.55448413 1.60000002
v 1.13595247 2.56493783 1.60000002
v 1.13673592 2.56435490 1.60000002
v 1.14382172 2.56532764 1.60000002
v 1.17370892 2.51921415 1.60000002
v 1.16617107 2.53180528 1.60000002
v 1.15743876 2.54359961 1.60000002
v 1.15832758 2.56748009 1.60000002
v 1.17255449 2.57103896 1.60000002
v 1.18636560 2.57596970 1.60000002
v 1.19962931 2.58222580 1.60000002
v 1.21221876 2.58974719 1.60000002
v 1.22401381 2.59846187 1.60000002
v 1.23490095 2.60828686 1.60000002
v 1.24477720 2.61912775 1.60000002
v 1.25354719 2.63088155 1.60000002
v 1.26112747 2.64343524 1.60000002
v 1.26744604 2.65666938 1.60000002
v 1.26954365 2.66245866 1.60000002
v 1.27531290 2.66454816 1.60000002
v 1.28854275 2.67086196 1.60000002
v 1.30109358 2.67843699 1.60000002
v 1.31284475 2.68720078 1.60000002
v 1.32368422 2.69707012 1.60000002
v 1.33350897 2.70795012 1.60000002
v 1.34222460 2.71973729 1.60000002
v 1.34974813 2.73231888 1.60000002
v 1.35600710 2.74557471 1.60000002
v 1.35774899 2.75044513 1.60000002
v 1.36311865 2.75238538 1.60000002
v 1.37635612 2.75869060 1.60000002
v 1.43761539 2.16734338 1.60000002
v 1.43008280 2.17992306 1.60000002
v 1.42135763 2.19170713 1.60000002
v 1.41152382 2.20258307 1.60000002
v 1.38891506 2.22120428 1.60000002
v 1.40067482 2.21244693 1.60000002
v 1.78312159 2.15471315 1.60000002
v 1.78942680 2.16795087 1.60000002
v 1.79699469 2.18050957 1.60000002
v 1.80575180 2.19226956 1.60000002
v 1.81561565 2.20311832 1.60000002
v 1.82649183 2.21295214 1.60000002
v 1.83827591 2.22167730 1.60000002
v 1.38891506 2.76625800 1.60000002
v 1.40067482 2.77501559 1.60000002
v 1.41152382 2.78487945 1.60000002
v 1.42135763 2.79575539 1.60000002
v 1.43008280 2.80753946 1.60000002
v 1.43761539 2.82011914 1.60000002
v 1.44158745 2.82851768 1.60000002
v 1.48121929 2.82856297 1.60000002
v 1.49587631 2.82929754 1.60000002
v 1.51039124 2.83146071 1.60000002
v 1.52462530 2.83503222 1.60000002
v 1.53844213 2.83997726 1.60000002
v 1.55170965 2.84624887 1.60000002
v 1.56430054 2.85378695 1.60000002
v 1.57609510 2.86251926 1.60000002
v 1.58697987 2.87236238 1.60000002
v 1.85085535 2.22921014 1.60000002
v 1.86411047 2.23547864 1.60000002
v 1.86906958 2.23725510 1.60000002
v 1.87098122 2.24255443 1.60000002
v 1.87728643 2.25580597 1.60000002
v 1.88485670 2.26837826 1.60000002
v 1.89361858 2.28015041 1.60000002
v 1.90348959 2.29100990 1.60000002
v 1.91437387 2.30085301 1.60000002
v 1.92616844 2.30958533 1.60000002
v 1.93875933 2.31712341 1.60000002
v 1.95202732 2.32339525 1.60000002
v 1.96584415 2.32834029 1.60000002
v 1.98007774 2.33191156 1.60000002
v 1.99459267 2.33407497 1.60000002
v 2.00924969 2.33480954 1.60000002
v 2.04889917 2.33485484 1.60000002
v 2.05295086 2.34340858 1.60000002
v 2.06049299 2.35598469 1.60000002
v 2.06922722 2.36776447 1.60000002
v 2.07906961 2.37863517 1.60000002
v 2.08992672 2.38849282 1.60000002
v 2.10169411 2.39724302 1.60000002
v 2.11426020 2.40480256 1.60000002
v 2.12750387 2.41109896 1.60000002
v 2.13274193 2.41298699 1.60000002
v 2.13446188 2.41779757 1.60000002
v 2.14072132 2.43105364 1.60000002
v 2.14824438 2.44363523 1.60000002
v 2.15696001 2.45542240 1.60000002
v 2.16678476 2.46630239 1.60000002
v 2.17762423 2.47617149 1.60000002
v 2.18937588 2.48493552 1.60000002
v 2.20192623 2.49251056 1.60000002
v 2.21515656 2.49882412 1.60000002
v 2.22085714 2.50088906 1.60000002
v 2.22289658 2.50653315 1.60000002
v 2.22920179 2.51977062 1.60000002
v 2.23676920 2.53232956 1.60000002
v 2.24552679 2.54408956 1.60000002
v 2.25539064 2.55493832 1.60000002
v 2.26626635 2.56477213 1.60000002
v 2.27805042 2.57349706 1.60000002
v 2.29063034 2.58102989 1.60000002
v 2.30388498 2.58729863 1.60000002
v 2.30879354 2.58905673 1.60000002
v 2.31065607 2.59422946 1.60000002
v 2.31695461 2.60748839 1.60000002
v 2.32451916 2.62006807 1.60000002
v 2.33327675 2.63184810 1.60000002
v 2.34314442 2.64271593 1.60000002
v 2.35402632 2.65256715 1.60000002
v 2.36581945 2.66130757 1.60000002
v 2.37841034 2.66885328 1.60000002
v 2.39167833 2.67513251 1.60000002
v 2.40549707 2.68008447 1.60000002
v 2.41973305 2.68366241 1.60000002
v 2.43425083 2.68583155 1.60000002
v 2.44891119 2.68657136 1.60000002
v 2.48865271 2.68663001 1.60000002
v 2.49272585 2.69522834 1.60000002
v 2.50026798 2.70780468 1.60000002
v 2.50900173 2.71958447 1.60000002
v 2.51884460 2.73045516 1.60000002
v 2.52970123 2.74031258 1.60000002
v 2.54146910 2.74906301 1.60000002
v 2.55403471 2.75662255 1.60000002
v 2.56727886 2.76291871 1.60000002
v 2.57253885 2.76481485 1.60000002
v 2.57431459 2.76977324 1.60000002
v 2.58058357 2.78302813 1.60000002
v 2.58811617 2.79560781 1.60000002
v 2.59684134 2.80739188 1.60000002
v 2.60667515 2.81826782 1.60000002
v 2.61752415 2.82813168 1.60000002
v 2.62928391 2.83688927 1.60000002
v 2.64184284 2.84445667 1.60000002
v 2.65508032 2.85076189 1.60000002
v 2.66072464 2.85280132 1.60000002
v 2.66278934 2.85850215 1.60000002
v 2.01587009 3.21433926 1.60000002
v 2.66910315 2.87173223 1.60000002
v 2.78316593 2.99475837 1.60000002
v 2.67667818 2.88428283 1.60000002
v 2.68544197 2.89603400 1.60000002
v 2.69531107 2.90687370 1.60000002
v 1.59685040 2.88322210 1.60000002
v 1.60561275 2.89499426 1.60000002
v 1.61318254 2.90756631 1.60000002
v 1.61948776 2.92081785 1.60000002
v 1.62139940 2.92611718 1.60000002
v 1.62635899 2.92789364 1.60000002
v 1.63961363 2.93416238 1.60000002
v 1.65219355 2.94169521 1.60000002
v 1.66397762 2.95042014 1.60000002
v 1.67485332 2.96025419 1.60000002
v 1.68471718 2.97110271 1.60000002
v 1.69347477 2.98286271 1.60000002
v 1.70104218 2.99542165 1.60000002
v 1.70734739 3.00865912 1.60000002
v 1.70938683 3.01430321 1.60000002
v 1.71508741 3.01636815 1.60000002
v 1.72831774 3.02268195 1.60000002
v 1.74086809 3.03025675 1.60000002
v 1.75261974 3.03902078 1.60000002
v 1.76345921 3.04888988 1.60000002
v 1.77328396 3.05977011 1.60000002
v 1.78199959 3.07155704 1.60000002
v 1.78952265 3.08413863 1.60000002
v 1.79578209 3.09739470 1.60000002
v 1.79750204 3.10220528 1.60000002
v 1.80274010 3.10409331 1.60000002
v 1.81598377 3.11038971 1.60000002
v 1.82854986 3.11794925 1.60000002
v 1.84031725 3.12669945 1.60000002
v 1.85117435 3.13655710 1.60000002
v 1.86101675 3.14742780 1.60000002
v 1.86975098 3.15920758 1.60000002
v 1.87729311 3.17178369 1.60000002
v 1.88134480 3.18033743 1.60000002
v 1.92099428 3.18038273 1.60000002
v 1.93565130 3.18111730 1.60000002
v 1.95016575 3.18328071 1.60000002
v 1.96439981 3.18685198 1.60000002
v 1.97821665 3.19179726 1.60000002
v 1.99148464 3.19806886 1.60000002
v 2.00407553 3.20560694 1.60000002
v 2.02675438 3.22418237 1.60000002
v 2.03662539 3.23504186 1.60000002
v 2.04538727 3.24681425 1.60000002
v 2.05295753 3.25938630 1.60000002
v 2.05926275 3.27263784 1.60000002
v 2.06117439 3.27793717 1.60000002
v 2.06613350 3.27971363 1.60000002
v 2.07938862 3.28598213 1.60000002
v 2.09196806 3.29351497 1.60000002
v 2.10375214 3.30224013 1.60000002
v 2.11462831 3.31207395 1.60000002
v 2.12449217 3.32292271 1.60000002
v 2.13324928 3.33468270 1.60000002
v 2.14081717 3.34724140 1.60000002
v 2.14712238 3.36047912 1.60000002
v 2.14916134 3.36612320 1.60000002
v 2.15486240 3.36818790 1.60000002
v 2.16809273 3.37450171 1.60000002
v 2.18064308 3.38207674 1.60000002
v 2.19239426 3.39084053 1.60000002
v 2.20323420 3.40070987 1.60000002
v 2.21305847 3.41158986 1.60000002
v 2.22177410 3.42337704 1.60000002
v 2.22929764 3.43595862 1.60000002
v 2.23555708 3.44921446 1.60000002
v 2.23727703 3.45402503 1.60000002
v 2.24251509 3.45591331 1.60000002
v 2.25575876 3.46220946 1.60000002
v 2.26832485 3.46976900 1.60000002
v 2.28009224 3.47851944 1.60000002
v 2.29094934 3.48837686 1.60000002
v 2.30079174 3.49924755 1.60000002
v 2.70619106 2.91669822 1.60000002
v 2.71797848 2.92541385 1.60000002
v 2.73055983 2.93293738 1.60000002
v 2.74381590 2.93919659 1.60000002
v 2.74868679 2.94093823 1.60000002
v 2.75063896 2.94633746 1.60000002
v 2.75695038 2.95958090 1.60000002
v 2.30952597 3.51102734 1.60000002
v 2.31706762 3.52360368 1.60000002
v 2.32110119 3.53211761 1.60000002
v 2.36065578 3.53215122 1.60000002
v 2.37530851 3.53288102 1.60000002
v 2.38981915 3.53503871 1.60000002
v 2.40405035 3.53860378 1.60000002
v 2.41786480 3.54354167 1.60000002
v 2.43113089 3.54980564 1.60000002
v 2.44372129 3.55733562 1.60000002
v 2.45551634 3.56605935 1.60000002
v 2.46640253 3.57589364 1.60000002
v 2.47627640 3.58674431 1.60000002
v 2.48504257 3.59850764 1.60000002
v 2.49261808 3.61107111 1.60000002
v 2.49892950 3.62431431 1.60000002
v 2.50098085 3.62998796 1.60000002
v 2.50668240 3.63205290 1.60000002
v 2.51991224 3.63836670 1.60000002
v 2.53246307 3.64594150 1.60000002
v 2.54421425 3.65470552 1.60000002
v 2.55505371 3.66457462 1.60000002
v 2.56487846 3.67545485 1.60000002
v 2.57359409 3.68724179 1.60000002
v 2.58111763 3.69982362 1.60000002
v 2.58737707 3.71307945 1.60000002
v 2.58911848 3.71794987 1.60000002
v 2.59448814 3.71989012 1.60000002
v 2.60772562 3.72619534 1.60000002
v 2.62028456 3.73376274 1.60000002
v 2.63204432 3.74252033 1.60000002
v 2.64289331 3.75238419 1.60000002
v 2.65272713 3.76325989 1.60000002
v 2.66145229 3.77504396 1.60000002
v 2.66898489 3.78762364 1.60000002
v 2.67525387 3.80087852 1.60000002
v 2.67702961 3.80583715 1.60000002
v 2.68228960 3.80773306 1.60000002
v 2.69553375 3.81402946 1.60000002
v 2.70809937 3.82158899 1.60000002
v 2.71986723 3.83033919 1.60000002
v 2.73072386 3.84019685 1.60000002
v 2.74056673 3.85106754 1.60000002
v 2.74930048 3.86284733 1.60000002
v 2.75684261 3.87542343 1.60000002
v 2.76085949 3.88390303 1.60000002
v 2.76452589 2.97214413 1.60000002
v 2.77329206 2.98390746 1.60000002
v 2.79405212 3.00459266 1.60000002
v 2.80584717 3.01331639 1.60000002
v 2.81843758 3.02084637 1.60000002
v 2.83170366 3.02711010 1.60000002
v 2.84551811 3.03204823 1.60000002
v 2.85974932 3.03561306 1.60000002
v 2.87425995 3.03777099 1.60000002
v 2.88891268 3.03850079 1.60000002
v 2.92846727 3.03853440 1.60000002
v 2.93250084 3.04704833 1.60000002
v 2.94004250 3.05962443 1.60000002
v 2.94877672 3.07140422 1.60000002
v 2.95861912 3.08227491 1.60000002
v 2.96947622 3.09213257 1.60000002
v 2.98124361 3.10088277 1.60000002
v 2.99380970 3.10844231 1.60000002
v 3.00705338 3.11473870 1.60000002
v 3.01229143 3.11662674 1.60000002
v 3.01401138 3.12143731 1.60000002
v 3.02027082 3.13469338 1.60000002
v 3.02779436 3.14727497 1.60000002
v 3.03650999 3.15906215 1.60000002
v 3.04633427 3.16994214 1.60000002
v 3.05717421 3.17981124 1.60000002
v 3.06892538 3.18857527 1.60000002
v 3.08147573 3.19615006 1.60000002
v 3.09470606 3.20246387 1.60000002
v 3.10040712 3.20452881 1.60000002
v 3.10244608 3.21017289 1.60000002
v 3.10875130 3.22341037 1.60000002
v 3.11631918 3.23596931 1.60000002
v 3.12507629 3.24772930 1.60000002
v 3.13494015 3.25857806 1.60000002
v 3.14581633 3.26841187 1.60000002
v 3.15760040 3.27713680 1.60000002
v 3.17017984 3.28466964 1.60000002
v 3.18343496 3.29093838 1.60000002
v 3.18834352 3.29269648 1.60000002
v 3.19020557 3.29786921 1.60000002
v 3.19650459 3.31112814 1.60000002
v 3.20406866 3.32370782 1.60000002
v 3.21282673 3.33548784 1.60000002
v 3.22269392 3.34635568 1.60000002
v 3.23357630 3.35620689 1.60000002
v 3.24536943 3.36494732 1.60000002
v 3.25795984 3.37249303 1.60000002
v 3.27122831 3.37877226 1.60000002
v 3.28504658 3.38372421 1.60000002
v 3.29928255 3.38730216 1.60000002
v 3.31380033 3.38947129 1.60000002
v 3.32846069 3.39021111 1.60000002
v 3.36820221 3.39026976 1.60000002
v 3.37227535 3.39886808 1.60000002
v 3.37981749 3.41144443 1.60000002
v 3.38855147 3.42322421 1.60000002
v 3.39839411 3.43409491 1.60000002
v 3.40925097 3.44395232 1.60000002
v 3.42101860 3.45270276 1.60000002
v 3.43358445 3.46026230 1.60000002
v 3.44682837 3.46655846 1.60000002
v 3.45206618 3.46844673 1.60000002
v 3.45378637 3.47325730 1.60000002
v 3.46004558 3.48651314 1.60000002
v 3.46756911 3.49909472 1.60000002
v 3.47628474 3.51088190 1.60000002
v 3.48610926 3.52176189 1.60000002
v 3.49694896 3.53163123 1.60000002
v 3.50870013 3.54039502 1.60000002
v 3.52125072 3.54797006 1.60000002
v 3.53448081 3.55428386 1.60000002
v 3.54018164 3.55634856 1.60000002
v 3.54222107 3.56199265 1.60000002
v 3.54852629 3.57523036 1.60000002
v 3.55609369 3.58778906 1.60000002
v 2.80031872 3.88392663 1.60000002
v 2.81496620 3.88465214 1.60000002
v 2.82947206 3.88680458 1.60000002
v 2.84369898 3.89036322 1.60000002
v 2.85751009 3.89529419 1.60000002
v 2.87077379 3.90155029 1.60000002
v 2.88336325 3.90907168 1.60000002
v 2.89515781 3.91778636 1.60000002
v 2.90604544 3.92761135 1.60000002
v 2.91592121 3.93845224 1.60000002
v 2.92469168 3.95020580 1.60000002
v 2.93227196 3.96275997 1.60000002
v 2.93859053 3.97599387 1.60000002
v 2.94068813 3.98178339 1.60000002
v 2.94645691 3.98387289 1.60000002
v 2.95968723 3.99018645 1.60000002
v 2.97223806 3.99776149 1.60000002
v 2.98398924 4.00652552 1.60000002
v 2.99482870 4.01639462 1.60000002
v 3.00465345 4.02727461 1.60000002
v 3.01336908 4.03906155 1.60000002
v 3.02089214 4.05164337 1.60000002
v 3.02715158 4.06489944 1.60000002
v 3.02889299 4.06976986 1.60000002
v 3.03426313 4.07170963 1.60000002
v 3.04750061 4.07801533 1.60000002
v 3.06005955 4.08558273 1.60000002
v 3.07181931 4.09434032 1.60000002
v 3.08266830 4.10420418 1.60000002
v 3.09250212 4.11507988 1.60000002
v 3.10122681 4.12686396 1.60000002
v 3.10875988 4.13944340 1.60000002
v 3.11273193 4.14784193 1.60000002
v 3.15236378 4.14788723 1.60000002
v 3.16702080 4.14862204 1.60000002
v 3.18153572 4.15078545 1.60000002
v 3.19576931 4.15435648 1.60000002
v 3.20958662 4.15930176 1.60000002
v 3.22285414 4.16557312 1.60000002
v 3.56485128 3.59954906 1.60000002
v 3.57471514 3.61039782 1.60000002
v 3.58559108 3.62023163 1.60000002
v 3.59737515 3.62895679 1.60000002
v 3.60995483 3.63648963 1.60000002
v 3.62320971 3.64275813 1.60000002
v 3.62816882 3.64453459 1.60000002
v 3.63008070 3.64983392 1.60000002
v 3.63638592 3.66308546 1.60000002
v 3.64395595 3.67565751 1.60000002
v 3.65271807 3.68742990 1.60000002
v 3.66258883 3.69828939 1.60000002
v 3.67347336 3.70813251 1.60000002
v 3.23544502 4.17311144 1.60000002
v 3.24723959 4.18184376 1.60000002
v 3.25812387 4.19168711 1.60000002
v 3.26799488 4.20254660 1.60000002
v 3.27675676 4.21431875 1.60000002
v 3.28432703 4.22689056 1.60000002
v 3.29063225 4.24014235 1.60000002
v 3.29254389 4.24544191 1.60000002
v 3.29750299 4.24721813 1.60000002
v 3.31075811 4.25348663 1.60000002
v 3.32333755 4.26101971 1.60000002
v 3.33512163 4.26974487 1.60000002
v 3.34599781 4.27957869 1.60000002
v 3.35586166 4.29042721 1.60000002
v 3.36461926 4.30218744 1.60000002
v 3.37218666 4.31474590 1.60000002
v 3.37849164 4.32798386 1.60000002
v 3.38053107 4.33362770 1.60000002
v 3.38623190 4.33569241 1.60000002
v 3.39946198 4.34200621 1.60000002
v 3.41201258 4.34958124 1.60000002
v 3.42376399 4.35834503 1.60000002
v 3.43460369 4.36821461 1.60000002
v 3.44442821 4.37909460 1.60000002
v 3.45314384 4.39088154 1.60000002
v 3.46066713 4.40346336 1.60000002
v 3.46692657 4.41671944 1.60000002
v 3.46864653 4.42152977 1.60000002
v 3.47388434 4.42341805 1.60000002
v 3.48712826 4.42971420 1.60000002
v 3.49969411 4.43727350 1.60000002
v 3.51146173 4.44602394 1.60000002
v 3.52231884 4.45588160 1.60000002
v 3.53216124 4.46675205 1.60000002
v 3.54089546 4.47853184 1.60000002
v 3.54843736 4.49110842 1.60000002
v 3.55248928 4.49966192 1.60000002
v 3.59213877 4.49970722 1.60000002
v 3.60679555 4.50044203 1.60000002
v 3.62131047 4.50260544 1.60000002
v 3.63554430 4.50617647 1.60000002
v 3.64936113 4.51112175 1.60000002
v 3.66262889 4.51739311 1.60000002
v 3.67522001 4.52493143 1.60000002
v 3.68701434 4.53366375 1.60000002
v 3.68526769 3.71686482 1.60000002
v 5.70997858 6.11685324 1.60000002
v 4.47860909 5.14934826 1.60000002
v 3.69785881 3.72440290 1.60000002
v 3.71112633 3.73067451 1.60000002
v 3.72494340 3.73561978 1.60000002
v 3.73917723 3.73919106 1.60000002
v 3.75369215 3.74135447 1.60000002
v 3.76834893 3.74208903 1.60000002
v 3.80799842 3.74213433 1.60000002
v 3.81205034 3.75068808 1.60000002
v 3.81959224 3.76326418 1.60000002
v 3.82832646 3.77504396 1.60000002
v 3.83816886 3.78591466 1.60000002
v 3.84902596 3.79577208 1.60000002
v 3.86079359 3.80452251 1.60000002
v 3.87335944 3.81208205 1.60000002
v 3.88660336 3.81837845 1.60000002
v 3.89184117 3.82026649 1.60000002
v 3.89356112 3.82507706 1.60000002
v 3.89982057 3.83833313 1.60000002
v 3.90734386 3.85091448 1.60000002
v 3.91605949 3.86270189 1.60000002
v 3.92588401 3.87358189 1.60000002
v 3.93672371 3.88345098 1.60000002
v 3.94847488 3.89221478 1.60000002
v 3.96102571 3.89978981 1.60000002
v 3.97425580 3.90610361 1.60000002
v 3.97995663 3.90816832 1.60000002
v 3.98199582 3.91381264 1.60000002
v 3.98830104 3.92705011 1.60000002
v 3.99586868 3.93960905 1.60000002
v 4.00462627 3.95136881 1.60000002
v 4.01449013 3.96221781 1.60000002
v 4.02536583 3.97205162 1.60000002
v 4.03714991 3.98077655 1.60000002
v 4.04972935 3.98830938 1.60000002
v 4.06298447 3.99457788 1.60000002
v 4.06789303 3.99633646 1.60000002
v 4.06975555 4.00150871 1.60000002
v 4.07605410 4.01476765 1.60000002
v 4.08361816 4.02734756 1.60000002
v 4.09237623 4.03912735 1.60000002
v 4.10224342 4.04999542 1.60000002
v 4.11312580 4.05984640 1.60000002
v 4.12491894 4.06858683 1.60000002
v 4.13750982 4.07613277 1.60000002
v 4.15077782 4.08241177 1.60000002
v 4.16459656 4.08736420 1.60000002
v 4.17883253 4.09094191 1.60000002
v 4.19334984 4.09311104 1.60000002
v 4.20801067 4.09385109 1.60000002
v 4.24775219 4.09390926 1.60000002
v 4.25182533 4.10250759 1.60000002
v 4.25936699 4.11508417 1.60000002
v 4.26810122 4.12686396 1.60000002
v 4.27794361 4.13773441 1.60000002
v 4.28880072 4.14759207 1.60000002
v 4.30056858 4.15634251 1.60000002
v 4.31313419 4.16390181 1.60000002
v 4.32637787 4.17019844 1.60000002
v 4.33163834 4.17209435 1.60000002
v 4.33341408 4.17705250 1.60000002
v 4.33968258 4.19030762 1.60000002
v 4.34721565 4.20288754 1.60000002
v 4.35594082 4.21467113 1.60000002
v 4.36577463 4.22554731 1.60000002
v 4.37662315 4.23541117 1.60000002
v 4.38838291 4.24416876 1.60000002
v 4.40094185 4.25173616 1.60000002
v 4.41417980 4.25804138 1.60000002
v 4.41982365 4.26008081 1.60000002
v 4.42188835 4.26578140 1.60000002
v 4.42820263 4.27901173 1.60000002
v 4.43577719 4.29156208 1.60000002
v 4.44454098 4.30331326 1.60000002
v 3.69789886 4.54350662 1.60000002
v 3.70776963 4.55436659 1.60000002
v 3.71653175 4.56613874 1.60000002
v 3.72410178 4.57871056 1.60000002
v 3.73040700 4.59196234 1.60000002
v 3.73231888 4.59726143 1.60000002
v 3.73727798 4.59903812 1.60000002
v 3.75053287 4.60530663 1.60000002
v 3.76311255 4.61283970 1.60000002
v 3.77489662 4.62156487 1.60000002
v 3.78577256 4.63139820 1.60000002
v 3.79563642 4.64224720 1.60000002
v 3.80439377 4.65400696 1.60000002
v 3.81196141 4.66656590 1.60000002
v 3.81826663 4.67980385 1.60000002
v 3.82030582 4.68544769 1.60000002
v 3.82600689 4.68751240 1.60000002
v 3.83923697 4.69382620 1.60000002
v 3.85178757 4.70140123 1.60000002
v 3.86353874 4.71016502 1.60000002
v 3.87437844 4.72003412 1.60000002
v 3.88420296 4.73091412 1.60000002
v 3.89291859 4.74270153 1.60000002
v 3.90044212 4.75528336 1.60000002
v 3.90670133 4.76853895 1.60000002
v 3.90842152 4.77334976 1.60000002
v 3.91365933 4.77523756 1.60000002
v 3.92690325 4.78153419 1.60000002
v 3.93946910 4.78909349 1.60000002
v 3.95123672 4.79784393 1.60000002
v 3.96209359 4.80770159 1.60000002
v 3.97193623 4.81857204 1.60000002
v 3.98067021 4.83035183 1.60000002
v 3.98821211 4.84292793 1.60000002
v 3.99222898 4.85140753 1.60000002
v 4.03168869 4.85143137 1.60000002
v 4.04633522 4.85215664 1.60000002
v 4.06084156 4.85430908 1.60000002
v 4.07506847 4.85786819 1.60000002
v 4.08887959 4.86279869 1.60000002
v 4.10214329 4.86905479 1.60000002
v 4.11473274 4.87657642 1.60000002
v 4.12652779 4.88529110 1.60000002
v 4.13741493 4.89511585 1.60000002
v 4.14729118 4.90595722 1.60000002
v 4.45441055 4.31415319 1.60000002
v 4.46529055 4.32397747 1.60000002
v 4.47707748 4.33269310 1.60000002
v 4.48965931 4.34021664 1.60000002
v 4.50291538 4.34647608 1.60000002
v 4.50778580 4.34821796 1.60000002
v 4.50973797 4.35361671 1.60000002
v 4.51604986 4.36686039 1.60000002
v 4.52362537 4.37942362 1.60000002
v 4.53239155 4.39118719 1.60000002
v 4.54226494 4.40203762 1.60000002
v 4.55315113 4.41187191 1.60000002
v 4.56494617 4.42059612 1.60000002
v 4.57753706 4.42812586 1.60000002
v 4.59080315 4.43438959 1.60000002
v 4.15606117 4.91771078 1.60000002
v 4.16364145 4.93026447 1.60000002
v 4.16996002 4.94349861 1.60000002
v 4.17205763 4.94928789 1.60000002
v 4.17782688 4.95137739 1.60000002
v 4.19105673 4.95769119 1.60000002
v 4.20360756 4.96526623 1.60000002
v 4.21535873 4.97403002 1.60000002
v 4.22619820 4.98389912 1.60000002
v 4.23602295 4.99477911 1.60000002
v 4.24473858 5.00656652 1.60000002
v 4.25226212 5.01914787 1.60000002
v 4.25852108 5.03240395 1.60000002
v 4.26026249 5.03727436 1.60000002
v 4.26563263 5.03921461 1.60000002
v 4.27887011 5.04551983 1.60000002
v 4.29142904 5.05308723 1.60000002
v 4.30318880 5.06184483 1.60000002
v 4.31403732 5.07170868 1.60000002
v 4.32387161 5.08258438 1.60000002
v 4.33259678 5.09436846 1.60000002
v 4.34012938 5.10694838 1.60000002
v 4.34410095 5.11534691 1.60000002
v 4.38373375 5.11539221 1.60000002
v 4.39839029 5.11612654 1.60000002
v 4.41290474 5.11828995 1.60000002
v 4.42713928 5.12186146 1.60000002
v 4.44095612 5.12680626 1.60000002
v 4.45422363 5.13307810 1.60000002
v 4.46681499 5.14061594 1.60000002
v 4.48949337 5.15919161 1.60000002
v 4.49936390 5.17005110 1.60000002
v 4.50812626 5.18182325 1.60000002
v 4.51569653 5.19439554 1.60000002
v 4.52200174 5.20764732 1.60000002
v 4.52391338 5.21294641 1.60000002
v 4.52887249 5.21472263 1.60000002
v 4.54212761 5.22099161 1.60000002
v 4.55470753 5.22852421 1.60000002
v 4.56649113 5.23724937 1.60000002
v 4.57736731 5.24708319 1.60000002
v 4.58723116 5.25793171 1.60000002
v 4.59598827 5.26969194 1.60000002
v 4.60355616 5.28225088 1.60000002
v 4.60986137 5.29548836 1.60000002
v 4.60461760 4.43932772 1.60000002
v 4.61884880 4.44289255 1.60000002
v 4.63335943 4.44505024 1.60000002
v 4.64801216 4.44578028 1.60000002
v 4.68756676 4.44581413 1.60000002
v 4.69159985 4.45432758 1.60000002
v 4.69914198 4.46690416 1.60000002
v 4.70787621 4.47868395 1.60000002
v 4.71771860 4.48955441 1.60000002
v 4.72857571 4.49941206 1.60000002
v 4.74034309 4.50816250 1.60000002
v 4.75290871 4.51572180 1.60000002
v 4.76615286 4.52201796 1.60000002
v 4.77139091 4.52390623 1.60000002
v 4.77311087 4.52871704 1.60000002
v 4.77937031 4.54197264 1.60000002
v 4.78689384 4.55455446 1.60000002
v 4.79560947 4.56634140 1.60000002
v 4.80543375 4.57722187 1.60000002
v 4.81627369 4.58709049 1.60000002
v 4.82802486 4.59585476 1.60000002
v 4.84057522 4.60342979 1.60000002
v 4.85380554 4.60974312 1.60000002
v 4.85950613 4.61180830 1.60000002
v 4.86154556 4.61745214 1.60000002
v 4.86785078 4.63069010 1.60000002
v 4.87541819 4.64324856 1.60000002
v 4.88417578 4.65500879 1.60000002
v 4.89403963 4.66585732 1.60000002
v 4.90491581 4.67569113 1.60000002
v 4.91669941 4.68441629 1.60000002
v 4.92927933 4.69194889 1.60000002
v 4.94253445 4.69821787 1.60000002
v 4.94749355 4.69999409 1.60000002
v 4.94940519 4.70529366 1.60000002
v 4.95571041 4.71854496 1.60000002
v 4.96328068 4.73111725 1.60000002
v 4.97204256 4.74288940 1.60000002
v 4.98191357 4.75374889 1.60000002
v 4.99279785 4.76359224 1.60000002
v 5.00459194 4.77232456 1.60000002
v 5.01718330 4.77986240 1.60000002
v 5.03045082 4.78613424 1.60000002
v 5.04426765 4.79107952 1.60000002
v 5.05850172 4.79465055 1.60000002
v 5.07301664 4.79681396 1.60000002
v 5.08767319 4.79754877 1.60000002
v 5.12730551 4.79759407 1.60000002
v 5.13127756 4.80599260 1.60000002
v 5.13881016 4.81857204 1.60000002
v 5.14753532 4.83035612 1.60000002
v 5.15736914 4.84123230 1.60000002
v 5.16821766 4.85109615 1.60000002
v 5.17997789 4.85985327 1.60000002
v 5.19253683 4.86742115 1.60000002
v 5.20577431 4.87372589 1.60000002
v 5.21114445 4.87566662 1.60000002
v 5.21288586 4.88053656 1.60000002
v 5.21914482 4.89379263 1.60000002
v 5.22666836 4.90637398 1.60000002
v 5.23538399 4.91816139 1.60000002
v 5.24520874 4.92904139 1.60000002
v 5.25604820 4.93891048 1.60000002
v 5.26779938 4.94767475 1.60000002
v 5.28035021 4.95524979 1.60000002
v 5.29358006 4.96156311 1.60000002
v 5.29934931 4.96365261 1.60000002
v 5.30144691 4.96944189 1.60000002
v 5.30776501 4.98267603 1.60000002
v 5.31534576 4.99523020 1.60000002
v 5.32411575 5.00698376 1.60000002
v 5.33399200 5.01782465 1.60000002
v 4.61190033 5.30113268 1.60000002
v 4.61760139 5.30319738 1.60000002
v 4.63083172 5.30951118 1.60000002
v 4.64338207 5.31708622 1.60000002
v 4.65513325 5.32585001 1.60000002
v 4.66597319 5.33571911 1.60000002
v 4.67579746 5.34659910 1.60000002
v 4.68451309 5.35838604 1.60000002
v 4.69203663 5.37096786 1.60000002
v 4.69829607 5.38422394 1.60000002
v 4.70001602 5.38903427 1.60000002
v 4.70525360 5.39092255 1.60000002
v 4.71849823 5.39721870 1.60000002
v 4.73106384 5.40477848 1.60000002
v 4.74283123 5.41352844 1.60000002
v 4.75368834 5.42338610 1.60000002
v 4.76353073 5.43425703 1.60000002
v 4.77226496 5.44603682 1.60000002
v 4.77980709 5.45861292 1.60000002
v 4.78385878 5.46716642 1.60000002
v 4.82350826 5.46721172 1.60000002
v 4.83816528 5.46794653 1.60000002
v 4.85268021 5.47010994 1.60000002
v 4.86691380 5.47368097 1.60000002
v 4.88073063 5.47862625 1.60000002
v 4.89399815 5.48489809 1.60000002
v 4.90658951 5.49243593 1.60000002
v 4.91838360 5.50116825 1.60000002
v 4.92926836 5.51101160 1.60000002
v 4.93913937 5.52187109 1.60000002
v 4.94790125 5.53364325 1.60000002
v 4.95547104 5.54621553 1.60000002
v 4.96177673 5.55946684 1.60000002
v 4.96368837 5.56476641 1.60000002
v 4.96864748 5.56654263 1.60000002
v 4.98190260 5.57281113 1.60000002
v 4.99448204 5.58034420 1.60000002
v 5.00626612 5.58906937 1.60000002
v 5.01714230 5.59890318 1.60000002
v 5.02700615 5.60975170 1.60000002
v 5.03576374 5.62151194 1.60000002
v 5.04333115 5.63407040 1.60000002
v 5.04963589 5.64730835 1.60000002
v 5.05167580 5.65295219 1.60000002
v 5.05737638 5.65501690 1.60000002
v 5.07060623 5.66133070 1.60000002
v 5.34487915 5.02764940 1.60000002
v 5.35667419 5.03636456 1.60000002
v 5.36926365 5.04388571 1.60000002
v 5.38252735 5.05014181 1.60000002
v 5.39633846 5.05507278 1.60000002
v 5.41056538 5.05863142 1.60000002
v 5.42507124 5.06078386 1.60000002
v 5.43971825 5.06150961 1.60000002
v 5.47917795 5.06153297 1.60000002
v 5.48319483 5.07001257 1.60000002
v 5.49073696 5.08258867 1.60000002
v 5.49947071 5.09436846 1.60000002
v 5.50931311 5.10523891 1.60000002
v 5.52017021 5.11509657 1.60000002
v 5.08315706 5.66890574 1.60000002
v 5.09490824 5.67766953 1.60000002
v 5.10574818 5.68753910 1.60000002
v 5.11557245 5.69841909 1.60000002
v 5.12428808 5.71020603 1.60000002
v 5.13181162 5.72278786 1.60000002
v 5.13807106 5.73604345 1.60000002
v 5.13979101 5.74085426 1.60000002
v 5.14502907 5.74274254 1.60000002
v 5.15827274 5.74903870 1.60000002
v 5.53193760 5.12384701 1.60000002
v 5.54450369 5.13140678 1.60000002
v 5.55774784 5.13770294 1.60000002
v 5.56298542 5.13959122 1.60000002
v 5.56470537 5.14440155 1.60000002
v 5.57096481 5.15765762 1.60000002
v 5.57848835 5.17023897 1.60000002
v 5.58720398 5.18202639 1.60000002
v 5.59702826 5.19290638 1.60000002
v 5.60786819 5.20277548 1.60000002
v 5.61961937 5.21153927 1.60000002
v 5.63216972 5.21911430 1.60000002
v 5.64540005 5.22542810 1.60000002
v 5.65110111 5.22749281 1.60000002
v 5.65314007 5.23313713 1.60000002
v 5.65944576 5.24637461 1.60000002
v 5.66701317 5.25893354 1.60000002
v 5.67577076 5.27069330 1.60000002
v 5.68563461 5.28154230 1.60000002
v 5.69651031 5.29137611 1.60000002
v 5.70829439 5.30010128 1.60000002
v 5.72087383 5.30763388 1.60000002
v 5.73412895 5.31390238 1.60000002
v 5.73903751 5.31566095 1.60000002
v 5.74090004 5.32083368 1.60000002
v 5.74719858 5.33409214 1.60000002
v 5.75476265 5.34667206 1.60000002
v 5.76352072 5.35845232 1.60000002
v 5.77338791 5.36931992 1.60000002
v 5.78427029 5.37917089 1.60000002
v 5.79606342 5.38791132 1.60000002
v 5.80865383 5.39545727 1.60000002
v 5.82192230 5.40173626 1.60000002
v 5.83574057 5.40668869 1.60000002
v 5.84997654 5.41026640 1.60000002
v 5.86449432 5.41243553 1.60000002
v 5.87915468 5.41317558 1.60000002
v 5.91889620 5.41323376 1.60000002
v 5.92296934 5.42183256 1.60000002
v 5.93051147 5.43440866 1.60000002
v 5.93924570 5.44618845 1.60000002
v 5.94908810 5.45705891 1.60000002
v 5.95994520 5.46691656 1.60000002
v 5.97171259 5.47566700 1.60000002
v 5.98427868 5.48322630 1.60000002
v 5.99752235 5.48952293 1.60000002
v 6.00278234 5.49141884 1.60000002
v 6.00455856 5.49637699 1.60000002
v 6.01082706 5.50963211 1.60000002
v 6.01836014 5.52221203 1.60000002
v 6.02708530 5.53399611 1.60000002
v 6.03691864 5.54487181 1.60000002
v 6.04776764 5.55473566 1.60000002
v 6.05952740 5.56349325 1.60000002
v 6.07208633 5.57106066 1.60000002
v 6.08532429 5.57736588 1.60000002
v 6.09096813 5.57940531 1.60000002
v 6.09303284 5.58510590 1.60000002
v 6.09934664 5.59833622 1.60000002
v 6.10692167 5.61088657 1.60000002
v 6.11568546 5.62263823 1.60000002
v 6.12555456 5.63347769 1.60000002
v 6.13643456 5.64330244 1.60000002
v 6.14822197 5.65201807 1.60000002
v 6.16080379 5.65954113 1.60000002
v 6.17405939 5.66580057 1.60000002
v 6.17893028 5.66754246 1.60000002
v 6.18088245 5.67294168 1.60000002
v 6.18719435 5.68618488 1.60000002
v 6.19476986 5.69874811 1.60000002
v 6.20353603 5.71051168 1.60000002
v 6.21340942 5.72136211 1.60000002
v 6.22429562 5.73119640 1.60000002
v 6.23609066 5.73992014 1.60000002
v 5.35815859 5.85298824 1.60000002
v 5.19346333 5.77520609 1.60000002
v 5.18260622 5.76534843 1.60000002
v 5.17083836 5.75659800 1.60000002
v 5.34636402 5.84425592 1.60000002
v 6.24868155 5.74745035 1.60000002
v 6.56471205 6.12708664 1.60000002
v 5.20330572 5.78607655 1.60000002
v 5.21203995 5.79785633 1.60000002
v 5.21958160 5.81043291 1.60000002
v 5.22363377 5.81898642 1.60000002
v 5.26328278 5.81903172 1.60000002
v 5.27793980 5.81976652 1.60000002
v 5.29245472 5.82192945 1.60000002
v 5.30668879 5.82550097 1.60000002
v 5.32050562 5.83044624 1.60000002
v 5.33377314 5.83671761 1.60000002
v 5.36904335 5.86283159 1.60000002
v 5.37891388 5.87369108 1.60000002
v 5.38767624 5.88546324 1.60000002
v 5.39524603 5.89803505 1.60000002
v 5.40155125 5.91128683 1.60000002
v 5.40345526 5.91656399 1.60000002
v 5.40826654 5.91828442 1.60000002
v 5.42152262 5.92454386 1.60000002
v 5.43410397 5.93206692 1.60000002
v 5.44589138 5.94078255 1.60000002
v 5.45677137 5.95060730 1.60000002
v 5.46664047 5.96144676 1.60000002
v 5.47540426 5.97319841 1.60000002
v 5.48297930 5.98574877 1.60000002
v 5.48929310 5.99897909 1.60000002
v 5.49135780 6.00467968 1.60000002
v 5.49700212 6.00671911 1.60000002
v 5.51023960 6.01302433 1.60000002
v 5.52279854 6.02059174 1.60000002
v 5.53455830 6.02934933 1.60000002
v 5.54540730 6.03921318 1.60000002
v 5.55524111 6.05008888 1.60000002
v 5.56396580 6.06187344 1.60000002
v 5.57149887 6.07445288 1.60000002
v 5.57547092 6.08285141 1.60000002
v 5.61510277 6.08289671 1.60000002
v 5.62975979 6.08363104 1.60000002
v 5.64427471 6.08579445 1.60000002
v 5.65850830 6.08936596 1.60000002
v 5.67232561 6.09431124 1.60000002
v 5.68559313 6.10058260 1.60000002
v 5.69818401 6.10812092 1.60000002
v 5.72086334 6.12669611 1.60000002
v 5.73073387 6.13755608 1.60000002
v 5.73949623 6.14932823 1.60000002
v 5.74706602 6.16190004 1.60000002
v 5.75337124 6.17515182 1.60000002
v 5.75528288 6.18045092 1.60000002
v 5.76024246 6.18222761 1.60000002
v 5.77349710 6.18849611 1.60000002
v 5.78607655 6.19602871 1.60000002
v 5.79786110 6.20475388 1.60000002
v 5.80873680 6.21458769 1.60000002
v 5.81860065 6.22543669 1.60000002
v 5.82735825 6.23719645 1.60000002
v 5.83492565 6.24975538 1.60000002
v 5.84123087 6.26299286 1.60000002
v 5.84327030 6.26863718 1.60000002
v 5.84897089 6.27070189 1.60000002
v 5.86220121 6.27701569 1.60000002
v 5.87475204 6.28459072 1.60000002
v 5.88650322 6.29335451 1.60000002
v 5.89734268 6.30322361 1.60000002
v 5.90716743 6.31410360 1.60000002
v 5.91588306 6.32589102 1.60000002
v 5.92340612 6.33847237 1.60000002
v 5.92966557 6.35172844 1.60000002
v 5.93138552 6.35653877 1.60000002
v 5.93662357 6.35842705 1.60000002
v 5.94986725 6.36472368 1.60000002
v 5.96243334 6.37228298 1.60000002
v 5.97420073 6.38103342 1.60000002
v 5.98505783 6.39089108 1.60000002
v 5.99490023 6.40176153 1.60000002
v 6.26194763 5.75371408 1.60000002
v 6.27576208 5.75865221 1.60000002
v 6.28999281 5.76221704 1.60000002
v 6.30450392 5.76437473 1.60000002
v 6.31915617 5.76510477 1.60000002
v 6.35869408 5.76513815 1.60000002
v 6.36264706 5.77349710 1.60000002
v 6.37018013 5.78607655 1.60000002
v 6.37890482 5.79786062 1.60000002
v 6.38873863 5.80873680 1.60000002
v 6.39958763 5.81860065 1.60000002
v 6.41134739 5.82735825 1.60000002
v 6.42390633 5.83492565 1.60000002
v 6.43714380 5.84123087 1.60000002
v 6.44278812 5.84327030 1.60000002
v 6.44485283 5.84897089 1.60000002
v 6.00363445 6.41354132 1.60000002
v 6.01117659 6.42611742 1.60000002
v 6.01520967 6.43463135 1.60000002
v 6.05476475 6.43466520 1.60000002
v 6.06941700 6.43539476 1.60000002
v 6.08392811 6.43755245 1.60000002
v 6.09815884 6.44111776 1.60000002
v 6.11197329 6.44605541 1.60000002
v 6.12523937 6.45231962 1.60000002
v 6.13782978 6.45984936 1.60000002
v 6.14962482 6.46857309 1.60000002
v 6.32339239 6.46036673 1.60000002
v 6.33595133 6.45279932 1.60000002
v 6.41208696 6.37184191 1.60000002
v 6.42466831 6.36431837 1.60000002
v 6.45091963 6.33785725 1.60000002
v 6.44462299 6.35110140 1.60000002
v 6.43792439 6.35805941 1.60000002
v 6.44273472 6.35633898 1.60000002
v 6.38941956 6.39038229 1.60000002
v 6.37955046 6.40122175 1.60000002
v 6.37078667 6.41297293 1.60000002
v 6.36321163 6.42552376 1.60000002
v 6.35689783 6.43875360 1.60000002
v 6.34918880 6.44649410 1.60000002
v 6.35483313 6.44445467 1.60000002
v 6.40029955 6.38055754 1.60000002
v 6.16051102 6.47840738 1.60000002
v 6.17038488 6.48925829 1.60000002
v 6.17915106 6.50102139 1.60000002
v 6.18672657 6.51358509 1.60000002
v 6.19303846 6.52682829 1.60000002
v 6.19508934 6.53250170 1.60000002
v 6.20079088 6.53456688 1.60000002
v 6.21402073 6.54088068 1.60000002
v 6.28222466 6.50164795 1.60000002
v 6.22657156 6.54845572 1.60000002
v 6.23087835 6.55166769 1.60000002
v 6.23572302 6.54807043 1.60000002
v 6.24829483 6.54051924 1.60000002
v 6.26666546 6.53239012 1.60000002
v 6.27469206 6.51422787 1.60000002
v 6.26842356 6.52748251 1.60000002
v 6.26154375 6.53423214 1.60000002
v 6.31163263 6.46912432 1.60000002
v 6.30078411 6.47898817 1.60000002
v 6.29094982 6.48986387 1.60000002
v 6.45116663 5.86220121 1.60000002
v 6.45874166 5.87475157 1.60000002
v 6.46750546 5.88650274 1.60000002
v 6.47737455 5.89734268 1.60000002
v 6.48825455 5.90716696 1.60000002
v 6.50004196 5.91588259 1.60000002
v 6.51262331 5.92340612 1.60000002
v 6.52587938 5.92966557 1.60000002
v 6.53063869 5.93136740 1.60000002
v 6.53247309 5.93646717 1.60000002
v 6.53876019 5.94971609 1.60000002
v 6.54631138 5.96228790 1.60000002
v 6.55505371 5.97406197 1.60000002
v 6.56490421 5.98492622 1.60000002
v 6.57576847 5.99477673 1.60000002
v 6.58754301 6.00351906 1.60000002
v 6.60011482 6.01107025 1.60000002
v 6.61336374 6.01735735 1.60000002
v 6.61873817 6.01929045 1.60000002
v 6.62076283 6.02488089 1.60000002
v 6.59991598 6.10088396 1.60000002
v 6.62707663 6.07370377 1.60000002
v 6.61316776 6.09457874 1.60000002
v 6.62076283 6.08693409 1.60000002
v 6.61871910 6.09257603 1.60000002
v 6.62707663 6.03811073 1.60000002
v 6.63465166 6.05066156 1.60000002
v 6.63856363 6.05590725 1.60000002
v 6.63465166 6.06115341 1.60000002
v 6.55486917 6.13797140 1.60000002
v 6.53859854 6.16235685 1.60000002
v 6.53232670 6.17562437 1.60000002
v 6.52738190 6.18944120 1.60000002
v 6.54613686 6.14976597 1.60000002
v 6.51231337 6.27654839 1.60000002
v 6.52381039 6.20367527 1.60000002
v 6.52164698 6.21819019 1.60000002
v 6.52091265 6.23284721 1.60000002
v 6.52086735 6.27249622 1.60000002
v 6.57557154 6.11721611 1.60000002
v 6.58734369 6.10845375 1.60000002
v 6.47708702 6.30266714 1.60000002
v 6.46722937 6.31352377 1.60000002
v 6.45847893 6.32529163 1.60000002
v 6.48795748 6.29282427 1.60000002
v 6.49973726 6.28409052 1.60000002
v 0.68543673 3.36446619 1.60000002
v 0.66383076 3.37636852 1.60000002
v 0.67288303 3.37204671 1.60000002
v 0.66379786 3.50382948 1.60000002
v 0.66093206 3.53297377 1.60000002
v 0.65738058 3.54719710 1.60000002
v 0.66307783 3.51847172 1.60000002
v 0.65245771 3.56100559 1.60000002
v 0.64621019 3.57426786 1.60000002
v 0.63869810 3.58685684 1.60000002
v 0.73380756 3.31102538 1.60000002
v 0.72657108 3.32313800 1.60000002
v 0.73398638 3.31140065 1.60000002
v 0.70803165 3.34582019 1.60000002
v 0.69719028 3.35569620 1.60000002
v 0.71785641 3.33493280 1.60000002
v 0.74156141 3.32396412 1.60000002
v 0.75032806 3.33572745 1.60000002
v 0.76020145 3.34657812 1.60000002
v 0.77108765 3.35641241 1.60000002
v 0.78288269 3.36513615 1.60000002
v 0.79547358 3.37266612 1.60000002
v 0.80873966 3.37893009 1.60000002
v 0.82255411 3.38386798 1.60000002
v 0.83678484 3.38743305 1.60000002
v 0.85129595 3.38959074 1.60000002
v 0.86594820 3.39032054 1.60000002
v 0.90548611 3.39035416 1.60000002
v 0.90943909 3.39871287 1.60000002
v 0.91697216 3.41129255 1.60000002
v 0.58505917 3.63578272 1.60000002
v 0.59760332 3.62819600 1.60000002
v 0.62999296 3.59865236 1.60000002
v 0.62017822 3.60954189 1.60000002
v 0.60934734 3.61942124 1.60000002
v 0.57591105 3.64015865 1.60000002
v 0.57591105 4.07372189 1.60000002
v 0.58446312 4.07778025 1.60000002
v 0.59703493 4.08533144 1.60000002
v 0.60880899 4.09407377 1.60000002
v 0.61967325 4.10392427 1.60000002
v 0.62952375 4.11478853 1.60000002
v 0.63826656 4.12656307 1.60000002
v 0.64581728 4.13913441 1.60000002
v 0.65210438 4.15238333 1.60000002
v 0.65394688 4.15750551 1.60000002
v 0.65885401 4.15926313 1.60000002
v 0.67210913 4.16553211 1.60000002
v 0.68468857 4.17306471 1.60000002
v 0.69647264 4.18178988 1.60000002
v 0.70734882 4.19162369 1.60000002
v 0.71721268 4.20247221 1.60000002
v 0.72597027 4.21423244 1.60000002
v 0.73353767 4.22679138 1.60000002
v 0.73984289 4.24002886 1.60000002
v 0.74188232 4.24567270 1.60000002
v 0.74758291 4.24773788 1.60000002
v 0.76081324 4.25405121 1.60000002
v 0.77336359 4.26162624 1.60000002
v 0.78511477 4.27039051 1.60000002
v 0.79595470 4.28025961 1.60000002
v 0.80577898 4.29113960 1.60000002
v 0.81449461 4.30292654 1.60000002
v 0.92569685 3.42307663 1.60000002
v 0.93553066 3.43395257 1.60000002
v 0.94637966 3.44381642 1.60000002
v 0.95813942 3.45257401 1.60000002
v 0.97069836 3.46014142 1.60000002
v 0.98393583 3.46644664 1.60000002
v 0.98958015 3.46848607 1.60000002
v 0.99164486 3.47418690 1.60000002
v 0.99795866 3.48741698 1.60000002
v 1.00553370 3.49996758 1.60000002
v 1.01429749 3.51171875 1.60000002
v 1.02416658 3.52255845 1.60000002
v 1.03504658 3.53238297 1.60000002
v 1.04683399 3.54109859 1.60000002
v 1.05941534 3.54862213 1.60000002
v 1.07267141 3.55488133 1.60000002
v 1.07748270 3.55660176 1.60000002
v 1.07938671 3.56187892 1.60000002
v 1.08569193 3.57513070 1.60000002
v 1.09326172 3.58770275 1.60000002
v 1.10202408 3.59947491 1.60000002
v 1.11189461 3.61033440 1.60000002
v 1.12277937 3.62017751 1.60000002
v 1.13457346 3.62890983 1.60000002
v 1.14716482 3.63644791 1.60000002
v 1.16043234 3.64271975 1.60000002
v 1.17424917 3.64766479 1.60000002
v 1.18848324 3.65123606 1.60000002
v 1.20299816 3.65339947 1.60000002
v 1.21765471 3.65413404 1.60000002
v 1.25730419 3.65417933 1.60000002
v 1.26135635 3.66273308 1.60000002
v 1.26889849 3.67530942 1.60000002
v 1.27763224 3.68708897 1.60000002
v 1.28747463 3.69795966 1.60000002
v 1.29833174 3.70781732 1.60000002
v 1.31009960 3.71656752 1.60000002
v 1.32266521 3.72412705 1.60000002
v 1.33590937 3.73042345 1.60000002
v 1.34114695 3.73231149 1.60000002
v 1.34286690 3.73712206 1.60000002
v 1.34912634 3.75037813 1.60000002
v 1.35664988 3.76295972 1.60000002
v 1.36536551 3.77474689 1.60000002
v 1.37518978 3.78562689 1.60000002
v 1.38602972 3.79549599 1.60000002
v 1.39778090 3.80426002 1.60000002
v 1.41033173 3.81183481 1.60000002
v 1.42356157 3.81814861 1.60000002
v 1.42926264 3.82021332 1.60000002
v 1.43130207 3.82585764 1.60000002
v 1.43760729 3.83909512 1.60000002
v 1.44517469 3.85165405 1.60000002
v 1.45393229 3.86341381 1.60000002
v 1.46379614 3.87426281 1.60000002
v 1.47467184 3.88409662 1.60000002
v 1.48645592 3.89282179 1.60000002
v 1.49903536 3.90035439 1.60000002
v 1.51229048 3.90662313 1.60000002
v 1.51724958 3.90839958 1.60000002
v 1.51916170 3.91369867 1.60000002
v 1.52546692 3.92695045 1.60000002
v 1.53303671 3.93952250 1.60000002
v 1.54179907 3.95129466 1.60000002
v 1.55166960 3.96215439 1.60000002
v 1.56255436 3.97199726 1.60000002
v 1.57434845 3.98072982 1.60000002
v 1.58693981 3.98826790 1.60000002
v 1.60020733 3.99453950 1.60000002
v 1.61402416 3.99948454 1.60000002
v 1.62825823 4.00305605 1.60000002
v 1.64277315 4.00521946 1.60000002
v 1.65742970 4.00595379 1.60000002
v 1.69706202 4.00599909 1.60000002
v 1.70103359 4.01439762 1.60000002
v 1.70856667 4.02697754 1.60000002
v 1.71729183 4.03876162 1.60000002
v 1.72712564 4.04963732 1.60000002
v 1.73797417 4.05950117 1.60000002
v 1.74973440 4.06825876 1.60000002
v 1.76229286 4.07582617 1.60000002
v 1.77553082 4.08213139 1.60000002
v 1.78117466 4.08417082 1.60000002
v 1.78323936 4.08987141 1.60000002
v 1.78955317 4.10310173 1.60000002
v 1.79712820 4.11565208 1.60000002
v 1.80589199 4.12740374 1.60000002
v 1.81576157 4.13824320 1.60000002
v 1.82664156 4.14806795 1.60000002
v 1.83842850 4.15678358 1.60000002
v 0.82201815 4.31550837 1.60000002
v 0.82827759 4.32876396 1.60000002
v 0.82999754 4.33357477 1.60000002
v 0.83523560 4.33546305 1.60000002
v 0.84847927 4.34175920 1.60000002
v 0.86104536 4.34931850 1.60000002
v 0.87281275 4.35806894 1.60000002
v 0.88366985 4.36792660 1.60000002
v 0.89351225 4.37879753 1.60000002
v 0.90224648 4.39057732 1.60000002
v 0.90978813 4.40315342 1.60000002
v 0.91384029 4.41170692 1.60000002
v 0.95348978 4.41175222 1.60000002
v 0.96814632 4.41248703 1.60000002
v 0.98266125 4.41464996 1.60000002
v 0.99689531 4.41822147 1.60000002
v 1.01071215 4.42316675 1.60000002
v 1.02397966 4.42943859 1.60000002
v 1.03657103 4.43697643 1.60000002
v 1.04836512 4.44570875 1.60000002
v 1.05924988 4.45555210 1.60000002
v 1.06912041 4.46641159 1.60000002
v 1.07788277 4.47818375 1.60000002
v 1.08545256 4.49075603 1.60000002
v 1.09175777 4.50400734 1.60000002
v 1.09366989 4.50930691 1.60000002
v 1.09862900 4.51108313 1.60000002
v 1.11188412 4.51735163 1.60000002
v 1.12446356 4.52488470 1.60000002
v 1.13624763 4.53360939 1.60000002
v 1.14712334 4.54344368 1.60000002
v 1.15698719 4.55429220 1.60000002
v 1.16574478 4.56605244 1.60000002
v 1.17331219 4.57861090 1.60000002
v 1.17961740 4.59184837 1.60000002
v 1.18165684 4.59749269 1.60000002
v 1.18735790 4.59955740 1.60000002
v 1.20058775 4.60587120 1.60000002
v 1.21313858 4.61344624 1.60000002
v 1.22488976 4.62221003 1.60000002
v 1.23572922 4.63207912 1.60000002
v 1.24555397 4.64295959 1.60000002
v 1.25426960 4.65474653 1.60000002
v 1.26179314 4.66732788 1.60000002
v 1.26805258 4.68058395 1.60000002
v 1.26977253 4.68539476 1.60000002
v 1.27501011 4.68728256 1.60000002
v 1.28825426 4.69357920 1.60000002
v 1.30081987 4.70113850 1.60000002
v 1.31258774 4.70988894 1.60000002
v 1.32344484 4.71974659 1.60000002
v 1.33328724 4.73061705 1.60000002
v 1.34202099 4.74239683 1.60000002
v 1.34956312 4.75497341 1.60000002
v 1.35361528 4.76352692 1.60000002
v 1.39326477 4.76357222 1.60000002
v 1.40792131 4.76430655 1.60000002
v 1.42243624 4.76646996 1.60000002
v 1.43667030 4.77004147 1.60000002
v 1.45048714 4.77498674 1.60000002
v 1.46375465 4.78125811 1.60000002
v 1.47634602 4.78879642 1.60000002
v 1.48814011 4.79752874 1.60000002
v 1.49902487 4.80737162 1.60000002
v 1.50889540 4.81823158 1.60000002
v 1.51765776 4.83000374 1.60000002
v 1.52522755 4.84257555 1.60000002
v 1.53153276 4.85582733 1.60000002
v 1.53344440 4.86112642 1.60000002
v 1.53840399 4.86290312 1.60000002
v 1.55165863 4.86917162 1.60000002
v 1.56423855 4.87670422 1.60000002
v 1.57602262 4.88542938 1.60000002
v 1.58689833 4.89526320 1.60000002
v 1.59676218 4.90611219 1.60000002
v 1.60551977 4.91787195 1.60000002
v 1.61308718 4.93043089 1.60000002
v 1.61939240 4.94366837 1.60000002
v 1.62143183 4.94931269 1.60000002
v 1.62713242 4.95137739 1.60000002
v 1.64036274 4.95769119 1.60000002
v 1.65291357 4.96526623 1.60000002
v 1.66466475 4.97403002 1.60000002
v 1.67550421 4.98389912 1.60000002
v 1.68532896 4.99477911 1.60000002
v 1.69404459 5.00656652 1.60000002
v 1.70156765 5.01914787 1.60000002
v 1.70782709 5.03240395 1.60000002
v 1.70954704 5.03721428 1.60000002
v 1.71478510 5.03910255 1.60000002
v 1.72802877 5.04539919 1.60000002
v 1.74059486 5.05295849 1.60000002
v 1.75236225 5.06170893 1.60000002
v 1.76321936 5.07156658 1.60000002
v 1.77306175 5.08243704 1.60000002
v 1.78179598 5.09421682 1.60000002
v 1.78933811 5.10679293 1.60000002
v 1.79338980 5.11534691 1.60000002
v 1.83303928 5.11539221 1.60000002
v 1.84769630 5.11612654 1.60000002
v 1.85101032 4.16430664 1.60000002
v 1.86426592 4.17056608 1.60000002
v 1.86902666 4.17226839 1.60000002
v 1.87088108 4.17741871 1.60000002
v 1.87718010 4.19067764 1.60000002
v 1.88474417 4.20325756 1.60000002
v 1.89350224 4.21503735 1.60000002
v 1.90336943 4.22590542 1.60000002
v 1.91425180 4.23575640 1.60000002
v 1.92604446 4.24449682 1.60000002
v 1.93863535 4.25204277 1.60000002
v 1.95190382 4.25832176 1.60000002
v 1.96572208 4.26327419 1.60000002
v 1.97995806 4.26685190 1.60000002
v 1.99447584 4.26902103 1.60000002
v 2.00913620 4.26976109 1.60000002
v 2.04886055 4.26981926 1.60000002
v 2.05285358 4.27826262 1.60000002
v 2.06038666 4.29084206 1.60000002
v 2.06911135 4.30262661 1.60000002
v 2.07894516 4.31350231 1.60000002
v 2.08979416 4.32336617 1.60000002
v 2.10155392 4.33212376 1.60000002
v 2.11411285 4.33969116 1.60000002
v 2.12735033 4.34599638 1.60000002
v 2.13272047 4.34793663 1.60000002
v 2.13446188 4.35280704 1.60000002
v 2.14072132 4.36606312 1.60000002
v 2.14824438 4.37864447 1.60000002
v 2.15696001 4.39043140 1.60000002
v 2.16678476 4.40131187 1.60000002
v 2.17762423 4.41118097 1.60000002
v 2.18937588 4.41994476 1.60000002
v 2.20192623 4.42751980 1.60000002
v 2.21515656 4.43383360 1.60000002
v 2.22085762 4.43589830 1.60000002
v 2.22290897 4.44157219 1.60000002
v 2.22922087 4.45481539 1.60000002
v 2.23679590 4.46737862 1.60000002
v 2.24556255 4.47914219 1.60000002
v 2.25543594 4.48999262 1.60000002
v 2.26632214 4.49982691 1.60000002
v 2.27811718 4.50855064 1.60000002
v 2.29070807 4.51608086 1.60000002
v 2.30397415 4.52234459 1.60000002
v 2.31778860 4.52728271 1.60000002
v 2.33201933 4.53084755 1.60000002
v 2.34653044 4.53300524 1.60000002
v 2.36118269 4.53373528 1.60000002
v 2.40073776 4.53376865 1.60000002
v 2.40477085 4.54228258 1.60000002
v 2.41231298 4.55485916 1.60000002
v 2.42104673 4.56663895 1.60000002
v 2.43088961 4.57750940 1.60000002
v 2.44174623 4.58736706 1.60000002
v 2.45351410 4.59611702 1.60000002
v 2.46607971 4.60367680 1.60000002
v 2.47932386 4.60997295 1.60000002
v 2.48456144 4.61186123 1.60000002
v 2.48628187 4.61667156 1.60000002
v 2.49254084 4.62992764 1.60000002
v 2.50006437 4.64250946 1.60000002
v 2.50878000 4.65429640 1.60000002
v 2.51860476 4.66517639 1.60000002
v 2.52944422 4.67504597 1.60000002
v 2.54119539 4.68380976 1.60000002
v 2.55374622 4.69138479 1.60000002
v 2.56697607 4.69769859 1.60000002
v 2.57267714 4.69976330 1.60000002
v 2.57471657 4.70540714 1.60000002
v 2.58102179 4.71864510 1.60000002
v 2.58858919 4.73120356 1.60000002
v 2.59734678 4.74296379 1.60000002
v 2.60721064 4.75381231 1.60000002
v 2.61808634 4.76364613 1.60000002
v 2.62987041 4.77237129 1.60000002
v 2.64244986 4.77990437 1.60000002
v 2.65570498 4.78617287 1.60000002
v 2.66061354 4.78793097 1.60000002
v 2.66247606 4.79310369 1.60000002
v 2.66877460 4.80636263 1.60000002
v 2.67633915 4.81894207 1.60000002
v 2.68509674 4.83072233 1.60000002
v 2.69496393 4.84158993 1.60000002
v 2.70584631 4.85144138 1.60000002
v 2.71763945 4.86018181 1.60000002
v 2.73023033 4.86772728 1.60000002
v 2.74349833 4.87400675 1.60000002
v 2.75731659 4.87895870 1.60000002
v 1.86221123 5.11828995 1.60000002
v 1.87644482 5.12186146 1.60000002
v 1.89026213 5.12680626 1.60000002
v 1.90352964 5.13307810 1.60000002
v 1.91612053 5.14061594 1.60000002
v 1.92791510 5.14934826 1.60000002
v 1.93879938 5.15919161 1.60000002
v 1.94867039 5.17005110 1.60000002
v 1.95743227 5.18182325 1.60000002
v 1.96500254 5.19439554 1.60000002
v 1.97130775 5.20764732 1.60000002
v 1.97321939 5.21294641 1.60000002
v 1.97817850 5.21472263 1.60000002
v 1.99143362 5.22099161 1.60000002
v 2.00401306 5.22852421 1.60000002
v 2.01579714 5.23724937 1.60000002
v 2.02667332 5.24708319 1.60000002
v 2.03653717 5.25793171 1.60000002
v 2.04529476 5.26969194 1.60000002
v 2.05286217 5.28225088 1.60000002
v 2.05916739 5.29548836 1.60000002
v 2.06120682 5.30113268 1.60000002
v 2.06690741 5.30319738 1.60000002
v 2.08013773 5.30951118 1.60000002
v 2.09268808 5.31708622 1.60000002
v 2.10443926 5.32585001 1.60000002
v 2.11527920 5.33571911 1.60000002
v 2.12510347 5.34659910 1.60000002
v 2.13381910 5.35838604 1.60000002
v 2.14134264 5.37096786 1.60000002
v 2.14760208 5.38422394 1.60000002
v 2.14932203 5.38903427 1.60000002
v 2.15456009 5.39092255 1.60000002
v 2.16780376 5.39721870 1.60000002
v 2.18036985 5.40477848 1.60000002
v 2.19213724 5.41352844 1.60000002
v 2.20299435 5.42338610 1.60000002
v 2.21283674 5.43425703 1.60000002
v 2.22157097 5.44603682 1.60000002
v 2.22911310 5.45861292 1.60000002
v 2.23316479 5.46716642 1.60000002
v 2.27281427 5.46721172 1.60000002
v 2.28747082 5.46794653 1.60000002
v 2.30198574 5.47010994 1.60000002
v 2.31621981 5.47368097 1.60000002
v 2.33003664 5.47862625 1.60000002
v 2.34330416 5.48489809 1.60000002
v 2.35589552 5.49243593 1.60000002
v 2.36768961 5.50116825 1.60000002
v 2.37857437 5.51101160 1.60000002
v 2.38844490 5.52187109 1.60000002
v 2.39720726 5.53364325 1.60000002
v 2.40477705 5.54621553 1.60000002
v 2.41108227 5.55946684 1.60000002
v 2.41299438 5.56476641 1.60000002
v 2.41795349 5.56654263 1.60000002
v 2.43120861 5.57281113 1.60000002
v 2.44378805 5.58034420 1.60000002
v 2.45557213 5.58906937 1.60000002
v 2.46644783 5.59890318 1.60000002
v 2.47631168 5.60975170 1.60000002
v 2.48506927 5.62151194 1.60000002
v 2.49263668 5.63407040 1.60000002
v 2.49894190 5.64730835 1.60000002
v 2.50098133 5.65295219 1.60000002
v 2.50668240 5.65501690 1.60000002
v 2.51991224 5.66133070 1.60000002
v 2.53246307 5.66890574 1.60000002
v 2.54421425 5.67766953 1.60000002
v 2.55505371 5.68753910 1.60000002
v 2.56487846 5.69841909 1.60000002
v 2.57359409 5.71020603 1.60000002
v 2.58111763 5.72278786 1.60000002
v 2.58737707 5.73604345 1.60000002
v 2.58909702 5.74085426 1.60000002
v 2.59433460 5.74274254 1.60000002
v 2.60757875 5.74903870 1.60000002
v 2.77155304 4.88253641 1.60000002
v 2.78607082 4.88470554 1.60000002
v 2.80073071 4.88544559 1.60000002
v 2.84045506 4.88550425 1.60000002
v 2.84444857 4.89394760 1.60000002
v 2.85198116 4.90652704 1.60000002
v 2.86070633 4.91831112 1.60000002
v 2.87054014 4.92918682 1.60000002
v 2.88138866 4.93905067 1.60000002
v 2.89314890 4.94780827 1.60000002
v 2.90570736 4.95537567 1.60000002
v 2.91894531 4.96168089 1.60000002
v 2.92431498 4.96362114 1.60000002
v 2.92605639 4.96849155 1.60000002
v 2.93231583 4.98174763 1.60000002
v 2.93983936 4.99432945 1.60000002
v 2.94855499 5.00611639 1.60000002
v 2.95837927 5.01699638 1.60000002
v 2.96921921 5.02686548 1.60000002
v 2.98097038 5.03562927 1.60000002
v 2.99352074 5.04320431 1.60000002
v 3.00675106 5.04951811 1.60000002
v 3.01245260 5.05158329 1.60000002
v 3.01450348 5.05725670 1.60000002
v 3.02081537 5.07049990 1.60000002
v 3.02839088 5.08306360 1.60000002
v 3.03715706 5.09482670 1.60000002
v 3.04703093 5.10567760 1.60000002
v 3.05791712 5.11551189 1.60000002
v 3.06971216 5.12423563 1.60000002
v 3.08230257 5.13176537 1.60000002
v 3.09556866 5.13802958 1.60000002
v 3.10938311 5.14296722 1.60000002
v 3.12361383 5.14653254 1.60000002
v 3.13812494 5.14869022 1.60000002
v 3.15277719 5.14941978 1.60000002
v 3.19233227 5.14945364 1.60000002
v 3.19636536 5.15796757 1.60000002
v 3.20390749 5.17054367 1.60000002
v 3.21264172 5.18232346 1.60000002
v 3.22248411 5.19319439 1.60000002
v 3.23334122 5.20305157 1.60000002
v 3.24510860 5.21180201 1.60000002
v 3.25767469 5.21936131 1.60000002
v 3.27091837 5.22565794 1.60000002
v 3.27615643 5.22754574 1.60000002
v 3.27787638 5.23235655 1.60000002
v 3.28413582 5.24561262 1.60000002
v 3.29165936 5.25819397 1.60000002
v 3.30037451 5.26998138 1.60000002
v 3.31019926 5.28086138 1.60000002
v 3.32103920 5.29073048 1.60000002
v 3.33279037 5.29949427 1.60000002
v 3.34534073 5.30706930 1.60000002
v 3.35857105 5.31338310 1.60000002
v 3.36427164 5.31544781 1.60000002
v 3.36631107 5.32109213 1.60000002
v 3.37261629 5.33432961 1.60000002
v 3.38018394 5.34688854 1.60000002
v 3.38894129 5.35864830 1.60000002
v 3.39880514 5.36949730 1.60000002
v 3.40968108 5.37933111 1.60000002
v 3.42146516 5.38805580 1.60000002
v 3.43404484 5.39558887 1.60000002
v 3.44729972 5.40185738 1.60000002
v 3.45225906 5.40363407 1.60000002
v 3.45417070 5.40893316 1.60000002
v 3.46047592 5.42218494 1.60000002
v 3.46804595 5.43475676 1.60000002
v 3.47680831 5.44652891 1.60000002
v 3.48667884 5.45738888 1.60000002
v 3.49756336 5.46723175 1.60000002
v 3.50935769 5.47596407 1.60000002
v 3.52194905 5.48350239 1.60000002
v 3.53521657 5.48977375 1.60000002
v 3.54903340 5.49471903 1.60000002
v 3.56326747 5.49829054 1.60000002
v 3.57778215 5.50045395 1.60000002
v 3.59243894 5.50118828 1.60000002
v 3.63207126 5.50123358 1.60000002
v 3.63604307 5.50963211 1.60000002
v 3.64357591 5.52221203 1.60000002
v 3.65230083 5.53399611 1.60000002
v 3.66213489 5.54487181 1.60000002
v 3.67298365 5.55473566 1.60000002
v 3.68474340 5.56349325 1.60000002
v 2.80746460 5.85298824 1.60000002
v 5.49839783 7.14119244 1.60000002
v 3.24723959 6.20480824 1.60000002
v 3.68701434 6.55662823 1.60000002
v 2.79567051 5.84425592 1.60000002
v 2.64276934 5.77520609 1.60000002
v 2.63191223 5.76534843 1.60000002
v 2.62014437 5.75659800 1.60000002
v 4.12678909 6.90844774 1.60000002
v 3.74014950 5.62180090 1.60000002
v 3.83875751 5.72146463 1.60000002
v 3.74997401 5.63268137 1.60000002
v 3.69730234 5.57106066 1.60000002
v 3.71053982 5.57736588 1.60000002
v 3.71590972 5.57930613 1.60000002
v 3.71765113 5.58417654 1.60000002
v 3.72391057 5.59743214 1.60000002
v 3.73143387 5.61001396 1.60000002
v 3.76081371 5.64255047 1.60000002
v 3.77256513 5.65131426 1.60000002
v 3.78511572 5.65888929 1.60000002
v 3.79834580 5.66520309 1.60000002
v 3.80411482 5.66729259 1.60000002
v 3.80621243 5.67308187 1.60000002
v 3.81253099 5.68631601 1.60000002
v 3.82011127 5.69886971 1.60000002
v 3.82888150 5.71062326 1.60000002
v 3.84964490 5.73128939 1.60000002
v 3.86143970 5.74000406 1.60000002
v 3.87402916 5.74752522 1.60000002
v 2.65261173 5.78607655 1.60000002
v 2.66134548 5.79785633 1.60000002
v 2.66888762 5.81043291 1.60000002
v 2.67293978 5.81898642 1.60000002
v 2.71258926 5.81903172 1.60000002
v 2.72724581 5.81976652 1.60000002
v 2.74176073 5.82192945 1.60000002
v 2.75599480 5.82550097 1.60000002
v 2.76981163 5.83044624 1.60000002
v 2.78307915 5.83671761 1.60000002
v 2.81834936 5.86283159 1.60000002
v 2.82821989 5.87369108 1.60000002
v 2.83698225 5.88546324 1.60000002
v 2.84455204 5.89803505 1.60000002
v 2.85085726 5.91128683 1.60000002
v 2.85276890 5.91658640 1.60000002
v 2.85772848 5.91836262 1.60000002
v 2.87098312 5.92463112 1.60000002
v 2.88356304 5.93216419 1.60000002
v 2.89534712 5.94088888 1.60000002
v 2.90622282 5.95072317 1.60000002
v 2.91608667 5.96157169 1.60000002
v 2.92484426 5.97333145 1.60000002
v 2.93241167 5.98589039 1.60000002
v 2.93871689 5.99912786 1.60000002
v 2.94075632 6.00477219 1.60000002
v 2.94645691 6.00683689 1.60000002
v 2.95968723 6.01315069 1.60000002
v 2.97223806 6.02072573 1.60000002
v 2.98398924 6.02948952 1.60000002
v 2.99482870 6.03935862 1.60000002
v 3.00465345 6.05023909 1.60000002
v 3.01336908 6.06202602 1.60000002
v 3.02089214 6.07460785 1.60000002
v 3.02715158 6.08786345 1.60000002
v 3.02887154 6.09267426 1.60000002
v 3.03410959 6.09456205 1.60000002
v 3.04735374 6.10085869 1.60000002
v 3.05991936 6.10841799 1.60000002
v 3.07168722 6.11716843 1.60000002
v 3.08254385 6.12702608 1.60000002
v 3.09238672 6.13789654 1.60000002
v 3.10112047 6.14967632 1.60000002
v 3.10866261 6.16225243 1.60000002
v 3.11271429 6.17080641 1.60000002
v 3.15236378 6.17085171 1.60000002
v 3.16702080 6.17158604 1.60000002
v 3.18153572 6.17374945 1.60000002
v 3.19576931 6.17732096 1.60000002
v 3.20958662 6.18226624 1.60000002
v 3.22285414 6.18853760 1.60000002
v 3.23544502 6.19607592 1.60000002
v 3.25812387 6.21465111 1.60000002
v 3.26799488 6.22551060 1.60000002
v 3.27675676 6.23728323 1.60000002
v 3.28432703 6.24985504 1.60000002
v 3.29063225 6.26310682 1.60000002
v 3.29254389 6.26840591 1.60000002
v 3.29750299 6.27018261 1.60000002
v 3.31075811 6.27645111 1.60000002
v 3.32333755 6.28398418 1.60000002
v 3.33512163 6.29270887 1.60000002
v 3.34599781 6.30254269 1.60000002
v 3.35586166 6.31339169 1.60000002
v 3.36461926 6.32515144 1.60000002
v 3.37218666 6.33771038 1.60000002
v 3.37849164 6.35094786 1.60000002
v 3.38053107 6.35659218 1.60000002
v 3.38623190 6.35865688 1.60000002
v 3.39946198 6.36497068 1.60000002
v 3.41201258 6.37254572 1.60000002
v 3.42376399 6.38130951 1.60000002
v 3.43460369 6.39117861 1.60000002
v 3.44442821 6.40205860 1.60000002
v 3.45314384 6.41384602 1.60000002
v 3.46066713 6.42642736 1.60000002
v 3.46692657 6.43968344 1.60000002
v 3.46864653 6.44449425 1.60000002
v 3.47388434 6.44638205 1.60000002
v 3.48712826 6.45267868 1.60000002
v 3.49969411 6.46023798 1.60000002
v 3.51146173 6.46898842 1.60000002
v 3.52231884 6.47884560 1.60000002
v 3.53216124 6.48971653 1.60000002
v 3.54089546 6.50149632 1.60000002
v 3.54843736 6.51407242 1.60000002
v 3.55248928 6.52262592 1.60000002
v 3.59213877 6.52267170 1.60000002
v 3.60679555 6.52340603 1.60000002
v 3.62131047 6.52556944 1.60000002
v 3.63554430 6.52914095 1.60000002
v 3.64936113 6.53408575 1.60000002
v 3.66262889 6.54035759 1.60000002
v 3.67522001 6.54789543 1.60000002
v 4.65439034 7.34812307 1.60000002
v 3.88729286 5.75378132 1.60000002
v 3.90110397 5.75871229 1.60000002
v 3.91533065 5.76227093 1.60000002
v 3.92983699 5.76442337 1.60000002
v 3.94448400 5.76514912 1.60000002
v 3.98394346 5.76517296 1.60000002
v 3.98796034 5.77365208 1.60000002
v 3.99550223 5.78622866 1.60000002
v 4.00423622 5.79800844 1.60000002
v 4.01407909 5.80887890 1.60000002
v 4.02493572 5.81873655 1.60000002
v 4.03670311 5.82748699 1.60000002
v 4.04926920 5.83504629 1.60000002
v 4.06251335 5.84134245 1.60000002
v 4.06775093 5.84323072 1.60000002
v 4.06947136 5.84804153 1.60000002
v 4.07573032 5.86129713 1.60000002
v 4.08325386 5.87387896 1.60000002
v 4.09196949 5.88566589 1.60000002
v 4.10179424 5.89654589 1.60000002
v 4.11263371 5.90641546 1.60000002
v 4.12438488 5.91517925 1.60000002
v 4.13693523 5.92275429 1.60000002
v 4.15016556 5.92906809 1.60000002
v 4.15586662 5.93113279 1.60000002
v 4.15790558 5.93677664 1.60000002
v 4.16421127 5.95001459 1.60000002
v 4.17177868 5.96257305 1.60000002
v 4.18053627 5.97433329 1.60000002
v 4.19040012 5.98518181 1.60000002
v 4.20127583 5.99501562 1.60000002
v 4.21305990 6.00374079 1.60000002
v 4.22563934 6.01127386 1.60000002
v 4.23889446 6.01754236 1.60000002
v 4.24385357 6.01931858 1.60000002
v 4.24576569 6.02461815 1.60000002
v 4.25207043 6.03786945 1.60000002
v 4.25964069 6.05044174 1.60000002
v 4.26840305 6.06221390 1.60000002
v 4.27827358 6.07307339 1.60000002
v 4.28915787 6.08291674 1.60000002
v 4.30095243 6.09164906 1.60000002
v 4.31354332 6.09918690 1.60000002
v 4.32681131 6.10545874 1.60000002
v 4.34062815 6.11040401 1.60000002
v 4.35486221 6.11397505 1.60000002
v 4.36937714 6.11613846 1.60000002
v 4.38403368 6.11687326 1.60000002
v 4.42366600 6.11691856 1.60000002
v 4.42763805 6.12531710 1.60000002
v 4.43517065 6.13789654 1.60000002
v 4.44389534 6.14968061 1.60000002
v 4.45372963 6.16055679 1.60000002
v 4.46457815 6.17042065 1.60000002
v 4.47633839 6.17917776 1.60000002
v 4.48889732 6.18674564 1.60000002
v 4.50213432 6.19305038 1.60000002
v 4.50750446 6.19499063 1.60000002
v 4.50924587 6.19986105 1.60000002
v 4.51550531 6.21311712 1.60000002
v 4.52302837 6.22569895 1.60000002
v 4.53174400 6.23748589 1.60000002
v 4.54156876 6.24836588 1.60000002
v 4.55240822 6.25823498 1.60000002
v 4.56415987 6.26699924 1.60000002
v 4.57671070 6.27457428 1.60000002
v 4.58994055 6.28088760 1.60000002
v 4.59570980 6.28297710 1.60000002
v 4.59780693 6.28876638 1.60000002
v 4.60412550 6.30200052 1.60000002
v 3.69789886 6.56647110 1.60000002
v 3.70776963 6.57733059 1.60000002
v 3.71653175 6.58910275 1.60000002
v 3.72410178 6.60167503 1.60000002
v 3.73040700 6.61492634 1.60000002
v 3.73231888 6.62022591 1.60000002
v 3.73727798 6.62200212 1.60000002
v 3.75053287 6.62827110 1.60000002
v 3.76311255 6.63580370 1.60000002
v 3.77489662 6.64452887 1.60000002
v 3.78577256 6.65436268 1.60000002
v 3.79563642 6.66521168 1.60000002
v 3.80439377 6.67697144 1.60000002
v 3.81196141 6.68953037 1.60000002
v 3.81826663 6.70276785 1.60000002
v 3.82030582 6.70841217 1.60000002
v 3.82600689 6.71047688 1.60000002
v 3.83923697 6.71679020 1.60000002
v 3.85178757 6.72436523 1.60000002
v 3.86353874 6.73312950 1.60000002
v 3.87437844 6.74299860 1.60000002
v 3.88420296 6.75387859 1.60000002
v 3.89291859 6.76566601 1.60000002
v 3.90044212 6.77824736 1.60000002
v 3.90670133 6.79150343 1.60000002
v 3.90842152 6.79631376 1.60000002
v 3.91365933 6.79820204 1.60000002
v 3.92690325 6.80449820 1.60000002
v 3.93946910 6.81205750 1.60000002
v 3.95123672 6.82080841 1.60000002
v 3.96209359 6.83066559 1.60000002
v 3.97193623 6.84153652 1.60000002
v 3.98067021 6.85331631 1.60000002
v 3.98821211 6.86589241 1.60000002
v 3.99226427 6.87444592 1.60000002
v 4.03191376 6.87449121 1.60000002
v 4.04657030 6.87522602 1.60000002
v 4.06108522 6.87738943 1.60000002
v 4.07531929 6.88096046 1.60000002
v 4.08913612 6.88590574 1.60000002
v 4.10240364 6.89217758 1.60000002
v 4.11499500 6.89971542 1.60000002
v 4.13767338 6.91829109 1.60000002
v 4.14754438 6.92915058 1.60000002
v 4.15630627 6.94092274 1.60000002
v 4.16387653 6.95349503 1.60000002
v 4.17018175 6.96674633 1.60000002
v 4.17210484 6.97207785 1.60000002
v 4.17721033 6.97391033 1.60000002
v 4.19046307 6.98018837 1.60000002
v 4.20303917 6.98773003 1.60000002
v 4.21481895 6.99646425 1.60000002
v 4.22568989 7.00630665 1.60000002
v 4.23554707 7.01716375 1.60000002
v 4.24429750 7.02893114 1.60000002
v 4.25185680 7.04149723 1.60000002
v 4.25815296 7.05474091 1.60000002
v 4.26004934 7.06000090 1.60000002
v 4.26500797 7.06177711 1.60000002
v 4.27826309 7.06804562 1.60000002
v 4.29084206 7.07557869 1.60000002
v 4.30262661 7.08430386 1.60000002
v 4.31350231 7.09413767 1.60000002
v 4.32336617 7.10498619 1.60000002
v 4.33212376 7.11674595 1.60000002
v 4.33969116 7.12930489 1.60000002
v 4.34599638 7.14254284 1.60000002
v 4.34803581 7.14818668 1.60000002
v 4.35373688 7.15025139 1.60000002
v 4.36696672 7.15656519 1.60000002
v 4.37951756 7.16414022 1.60000002
v 4.39126873 7.17290401 1.60000002
v 4.40210819 7.18277359 1.60000002
v 4.61170578 6.31455469 1.60000002
v 4.62047625 6.32630825 1.60000002
v 4.63035202 6.33714914 1.60000002
v 4.64123964 6.34697390 1.60000002
v 4.65303421 6.35568905 1.60000002
v 4.66562366 6.36321020 1.60000002
v 4.67888737 6.36946630 1.60000002
v 4.69269848 6.37439728 1.60000002
v 4.70692539 6.37795591 1.60000002
v 4.72143173 6.38010836 1.60000002
v 4.73607874 6.38083410 1.60000002
v 4.77553797 6.38085747 1.60000002
v 4.77955484 6.38933706 1.60000002
v 4.78709698 6.40191317 1.60000002
v 4.79583073 6.41369295 1.60000002
v 4.80567360 6.42456341 1.60000002
v 4.81653023 6.43442106 1.60000002
v 4.82829809 6.44317150 1.60000002
v 4.84086418 6.45073128 1.60000002
v 4.85410786 6.45702744 1.60000002
v 4.85934544 6.45891571 1.60000002
v 4.86106586 6.46372604 1.60000002
v 4.86732483 6.47698212 1.60000002
v 4.87484837 6.48956347 1.60000002
v 4.88356400 6.50135088 1.60000002
v 4.89338875 6.51223087 1.60000002
v 4.90422821 6.52209997 1.60000002
v 4.91597939 6.53086376 1.60000002
v 4.92853022 6.53843880 1.60000002
v 4.94176006 6.54475260 1.60000002
v 4.94746113 6.54681730 1.60000002
v 4.94950056 6.55246162 1.60000002
v 4.95580578 6.56569910 1.60000002
v 4.96337318 6.57825804 1.60000002
v 4.97213078 6.59001780 1.60000002
v 4.98199463 6.60086679 1.60000002
v 4.99287033 6.61070061 1.60000002
v 5.00465488 6.61942577 1.60000002
v 5.01723385 6.62695837 1.60000002
v 5.03048897 6.63322687 1.60000002
v 5.03544807 6.63500357 1.60000002
v 5.03736019 6.64030266 1.60000002
v 5.04366541 6.65355444 1.60000002
v 5.05123520 6.66612625 1.60000002
v 5.05999756 6.67789841 1.60000002
v 5.06986809 6.68875837 1.60000002
v 5.08075285 6.69860125 1.60000002
v 5.09254742 6.70733356 1.60000002
v 5.10513830 6.71487188 1.60000002
v 5.11840582 6.72114372 1.60000002
v 5.13222313 6.72608852 1.60000002
v 5.14645672 6.72966003 1.60000002
v 5.16097164 6.73182344 1.60000002
v 5.17562866 6.73255777 1.60000002
v 5.21526051 6.73260307 1.60000002
v 5.21923256 6.74100161 1.60000002
v 5.22676563 6.75358152 1.60000002
v 5.23549032 6.76536560 1.60000002
v 5.24532413 6.77624130 1.60000002
v 5.25617313 6.78610516 1.60000002
v 5.26793289 6.79486275 1.60000002
v 5.28049183 6.80243015 1.60000002
v 5.29372931 6.80873537 1.60000002
v 5.29909897 6.81067562 1.60000002
v 5.30084038 6.81554604 1.60000002
v 5.30710030 6.82880211 1.60000002
v 5.31462336 6.84138346 1.60000002
v 5.32333899 6.85317039 1.60000002
v 5.33316326 6.86405087 1.60000002
v 5.34400320 6.87391996 1.60000002
v 5.35575438 6.88268375 1.60000002
v 5.36830521 6.89025879 1.60000002
v 5.38153505 6.89657259 1.60000002
v 5.38730431 6.89866209 1.60000002
v 5.38940191 6.90445137 1.60000002
v 5.39572048 6.91768551 1.60000002
v 5.40330076 6.93023920 1.60000002
v 5.41207123 6.94199276 1.60000002
v 5.42194700 6.95283413 1.60000002
v 5.43283463 6.96265888 1.60000002
v 5.44462919 6.97137356 1.60000002
v 5.45721865 6.97889519 1.60000002
v 5.47048235 6.98515081 1.60000002
v 5.48429346 6.99008179 1.60000002
v 5.49851990 6.99364042 1.60000002
v 5.51302624 6.99579334 1.60000002
v 5.43270111 7.17221308 1.60000002
v 5.44449615 7.16348934 1.60000002
v 5.45708656 7.15595913 1.60000002
v 5.47035265 7.14969540 1.60000002
v 5.51290894 7.13903475 1.60000002
v 5.52756166 7.13830471 1.60000002
v 5.48416710 7.14475727 1.60000002
v 4.41193295 7.19365358 1.60000002
v 4.42064857 7.20544052 1.60000002
v 4.42817211 7.21802235 1.60000002
v 4.43443108 7.23127794 1.60000002
v 4.43615150 7.23608875 1.60000002
v 4.44138908 7.23797703 1.60000002
v 4.45463276 7.24427319 1.60000002
v 4.46719885 7.25183249 1.60000002
v 4.47896671 7.26058292 1.60000002
v 4.48982334 7.27044058 1.60000002
v 4.49966621 7.28131104 1.60000002
v 4.50839996 7.29309082 1.60000002
v 4.51594210 7.30566740 1.60000002
v 4.51997519 7.31418133 1.60000002
v 4.55953026 7.31421471 1.60000002
v 4.57418251 7.31494474 1.60000002
v 4.58869362 7.31710243 1.60000002
v 4.60292435 7.32066727 1.60000002
v 4.61673880 7.32560539 1.60000002
v 4.63000488 7.33186913 1.60000002
v 4.64259529 7.33939934 1.60000002
v 4.66527653 7.35795736 1.60000002
v 4.67515039 7.36880779 1.60000002
v 4.68391705 7.38057137 1.60000002
v 4.69149208 7.39313459 1.60000002
v 4.69780397 7.40637779 1.60000002
v 4.69985485 7.41205120 1.60000002
v 4.70555639 7.41411638 1.60000002
v 4.71878624 7.42043018 1.60000002
v 4.73133707 7.42800522 1.60000002
v 4.74308872 7.43676901 1.60000002
v 4.75392818 7.44663811 1.60000002
v 4.76375294 7.45751858 1.60000002
v 4.77246857 7.46930552 1.60000002
v 4.77999163 7.48188686 1.60000002
v 4.78381062 7.48997545 1.60000002
v 4.86368561 7.48997545 1.60000002
v 5.07054520 7.35759449 1.60000002
v 4.89421701 7.44580984 1.60000002
v 4.91689920 7.42727041 1.60000002
v 4.92948866 7.41974926 1.60000002
v 4.90510464 7.43598509 1.60000002
v 4.94275236 7.41349316 1.60000002
v 4.95656395 7.40856218 1.60000002
v 4.86799049 7.48095846 1.60000002
v 4.88434124 7.45665073 1.60000002
v 4.87557125 7.46840477 1.60000002
v 4.97079039 7.40500355 1.60000002
v 4.98529625 7.40285110 1.60000002
v 4.99994373 7.40212536 1.60000002
v 5.03975058 7.40210152 1.60000002
v 5.05188513 7.38012362 1.60000002
v 5.06066465 7.36840296 1.60000002
v 5.04429054 7.39264441 1.60000002
v 5.09322262 7.33911514 1.60000002
v 5.08143234 7.34780025 1.60000002
v 5.10580397 7.33162069 1.60000002
v 5.11905575 7.32538891 1.60000002
v 5.14706230 7.31693792 1.60000002
v 5.16154957 7.31479931 1.60000002
v 5.17617607 7.31408310 1.60000002
v 5.13285255 7.32047892 1.60000002
v 5.30327606 7.31407452 1.60000002
v 5.33316326 7.27072811 1.60000002
v 5.34400320 7.26085901 1.60000002
v 5.35575438 7.25209522 1.60000002
v 5.41194153 7.19289780 1.60000002
v 5.40317488 7.20466137 1.60000002
v 5.39559937 7.21722460 1.60000002
v 5.36830521 7.24452019 1.60000002
v 5.38153505 7.23820639 1.60000002
v 5.38723660 7.23614168 1.60000002
v 5.38928795 7.23046780 1.60000002
v 5.32333899 7.28160858 1.60000002
v 5.31462336 7.29339552 1.60000002
v 5.30710030 7.30597687 1.60000002
v 5.42181492 7.18204737 1.60000002
v 5.52767324 6.99651861 1.60000002
v 5.56710720 6.99654198 1.60000002
v 5.57096481 7.00471210 1.60000002
v 5.57848835 7.01729345 1.60000002
v 5.58720398 7.02908039 1.60000002
v 5.59702826 7.03996086 1.60000002
v 5.60786819 7.04982996 1.60000002
v 5.62081242 7.07530880 1.60000002
v 5.60902023 7.08400440 1.60000002
v 5.61961937 7.05859375 1.60000002
v 5.63339663 7.06780529 1.60000002
v 5.63450527 7.06728315 1.60000002
v 5.63216972 7.06616879 1.60000002
v 5.56739330 7.13827085 1.60000002
v 5.58825302 7.10462856 1.60000002
v 5.57188654 7.12889290 1.60000002
v 5.57947636 7.11636066 1.60000002
v 5.59813213 7.09380865 1.60000002
v 0.60936213 5.15011740 1.60000002
v 0.62019062 5.15999651 1.60000002
v 0.60843658 5.14942551 1.60000002
v 0.63000298 5.17088556 1.60000002
v 0.64162111 5.14945364 1.60000002
v 0.64557409 5.15781212 1.60000002
v 0.63870573 5.18268013 1.60000002
v 0.65310717 5.17039204 1.60000002
v 0.64621544 5.19526768 1.60000002
v 0.65246105 5.20852852 1.60000002
v 0.66183186 5.18217611 1.60000002
v 0.67166615 5.19305182 1.60000002
v 0.68251467 5.20291567 1.60000002
v 0.65738249 5.22233534 1.60000002
v 0.66093254 5.23655653 1.60000002
v 0.66307831 5.25105667 1.60000002
v 0.66379786 5.26569653 1.60000002
v 0.66383076 5.39315748 1.60000002
v 0.69427443 5.21167326 1.60000002
v 0.70683336 5.21924067 1.60000002
v 0.72007084 5.22554588 1.60000002
v 0.72544098 5.22748613 1.60000002
v 0.72718239 5.23235655 1.60000002
v 0.73344183 5.24561262 1.60000002
v 0.74096489 5.25819397 1.60000002
v 0.74968052 5.26998138 1.60000002
v 0.75950527 5.28086138 1.60000002
v 0.77034473 5.29073048 1.60000002
v 0.78209639 5.29949427 1.60000002
v 0.79464674 5.30706930 1.60000002
v 0.80787706 5.31338310 1.60000002
v 0.81357813 5.31544828 1.60000002
v 0.81562948 5.32112169 1.60000002
v 0.82194138 5.33436489 1.60000002
v 0.82951641 5.34692860 1.60000002
v 0.83828306 5.35869169 1.60000002
v 0.84815645 5.36954260 1.60000002
v 0.85904264 5.37937689 1.60000002
v 0.67288303 5.39747953 1.60000002
v 0.68543673 5.40505981 1.60000002
v 0.69719028 5.41382980 1.60000002
v 0.70803165 5.42370605 1.60000002
v 0.71785641 5.43459320 1.60000002
v 0.72657108 5.44638824 1.60000002
v 0.73409224 5.45897770 1.60000002
v 0.74034834 5.47224140 1.60000002
v 0.74527931 5.48605251 1.60000002
v 0.74883795 5.50027895 1.60000002
v 0.75099039 5.51478529 1.60000002
v 0.75171614 5.52943230 1.60000002
v 0.75173950 5.56895208 1.60000002
v 0.87083769 5.38810062 1.60000002
v 0.88342857 5.39563036 1.60000002
v 0.89669466 5.40189409 1.60000002
v 0.91050911 5.40683222 1.60000002
v 0.76057196 5.57315445 1.60000002
v 0.77314377 5.58072424 1.60000002
v 0.78491592 5.58948660 1.60000002
v 0.79577541 5.59935713 1.60000002
v 0.80561876 5.61024189 1.60000002
v 0.81435108 5.62203598 1.60000002
v 0.82188940 5.63462734 1.60000002
v 0.82816076 5.64789486 1.60000002
v 0.83310604 5.66171169 1.60000002
v 0.83667707 5.67594576 1.60000002
v 0.83884048 5.69046068 1.60000002
v 0.83957529 5.70511723 1.60000002
v 0.83962107 5.74504280 1.60000002
v 0.84903812 5.74955559 1.60000002
v 0.92473984 5.41039705 1.60000002
v 0.93925095 5.41255522 1.60000002
v 0.95390320 5.41328478 1.60000002
v 0.99344110 5.41331863 1.60000002
v 0.99739408 5.42167711 1.60000002
v 1.00492668 5.43425703 1.60000002
v 1.01365185 5.44604111 1.60000002
v 1.02348566 5.45691681 1.60000002
v 1.03433466 5.46678066 1.60000002
v 1.04609442 5.47553825 1.60000002
v 1.05865335 5.48310566 1.60000002
v 1.07189083 5.48941088 1.60000002
v 1.07726097 5.49135113 1.60000002
v 1.07900238 5.49622154 1.60000002
v 1.08526134 5.50947762 1.60000002
v 1.09278488 5.52205896 1.60000002
v 1.10150051 5.53384590 1.60000002
v 1.11132526 5.54472637 1.60000002
v 1.12216473 5.55459547 1.60000002
v 1.13391590 5.56335926 1.60000002
v 1.14646673 5.57093430 1.60000002
v 1.15969658 5.57724810 1.60000002
v 1.16539812 5.57931280 1.60000002
v 1.16744947 5.58498669 1.60000002
v 1.17376137 5.59822989 1.60000002
v 1.18133640 5.61079311 1.60000002
v 1.19010305 5.62255669 1.60000002
v 1.19997644 5.63340712 1.60000002
v 1.21086264 5.64324141 1.60000002
v 1.22265768 5.65196514 1.60000002
v 1.23524809 5.65949535 1.60000002
v 1.24851418 5.66575909 1.60000002
v 1.26232910 5.67069721 1.60000002
v 1.27655983 5.67426205 1.60000002
v 1.29107094 5.67641973 1.60000002
v 1.30572319 5.67714977 1.60000002
v 1.34527826 5.67718363 1.60000002
v 1.34931135 5.68569708 1.60000002
v 1.35685349 5.69827366 1.60000002
v 1.36558723 5.71005344 1.60000002
v 1.37542963 5.72092390 1.60000002
v 1.38628674 5.73078156 1.60000002
v 1.39805460 5.73953199 1.60000002
v 1.41062021 5.74709129 1.60000002
v 0.91012621 5.81106567 1.60000002
v 1.17370892 6.25031185 1.60000002
v 0.99802399 5.98684120 1.60000002
v 0.90262270 5.79848146 1.60000002
v 0.86157084 5.75714540 1.60000002
v 0.87330294 5.76592207 1.60000002
v 1.17998075 6.26357937 1.60000002
v 1.65050936 5.99496174 1.60000002
v 1.45407248 5.79854774 1.60000002
v 1.44530821 5.78679657 1.60000002
v 0.88412285 5.77580118 1.60000002
v 0.89392710 5.78668880 1.60000002
v 0.91636610 5.82432222 1.60000002
v 0.92128325 5.83812428 1.60000002
v 0.92482996 5.85233974 1.60000002
v 0.92697334 5.86683416 1.60000002
v 0.92769194 5.88146782 1.60000002
v 0.92770100 5.92094803 1.60000002
v 0.93687391 5.92533541 1.60000002
v 0.94941711 5.93292046 1.60000002
v 0.96116066 5.94169426 1.60000002
v 0.97199106 5.95157194 1.60000002
v 0.98180628 5.96246004 1.60000002
v 0.99051142 5.97425365 1.60000002
v 1.00427198 6.00010157 1.60000002
v 1.00919580 6.01390839 1.60000002
v 1.01274824 6.02813053 1.60000002
v 1.01489592 6.04263067 1.60000002
v 1.01561785 6.05727196 1.60000002
v 1.01563311 6.09660959 1.60000002
v 1.02377415 6.10045385 1.60000002
v 1.03635597 6.10797691 1.60000002
v 1.04814291 6.11669254 1.60000002
v 1.05902290 6.12651730 1.60000002
v 1.06889200 6.13735676 1.60000002
v 1.07765627 6.14910793 1.60000002
v 1.08523083 6.16165876 1.60000002
v 1.09154463 6.17488909 1.60000002
v 1.09358835 6.18053102 1.60000002
v 1.09914017 6.18253374 1.60000002
v 1.11239147 6.18883896 1.60000002
v 1.12496376 6.19640875 1.60000002
v 1.13673592 6.20517111 1.60000002
v 1.14759541 6.21504164 1.60000002
v 1.15743876 6.22592640 1.60000002
v 1.16617107 6.23772097 1.60000002
v 1.18492603 6.27739620 1.60000002
v 1.18849707 6.29163027 1.60000002
v 1.19066048 6.30614519 1.60000002
v 1.19139528 6.32080221 1.60000002
v 1.19144058 6.36047745 1.60000002
v 1.20014811 6.36460972 1.60000002
v 1.21271944 6.37216043 1.60000002
v 1.22449398 6.38090277 1.60000002
v 1.23535824 6.39075327 1.60000002
v 1.24520874 6.40161753 1.60000002
v 1.25395107 6.41339207 1.60000002
v 1.26150227 6.42596340 1.60000002
v 1.26778936 6.43921280 1.60000002
v 1.26964331 6.44436646 1.60000002
v 1.27469635 6.44618034 1.60000002
v 1.28794909 6.45245838 1.60000002
v 1.30052519 6.46000051 1.60000002
v 1.31230497 6.46873426 1.60000002
v 1.42386436 5.75338745 1.60000002
v 1.42937660 5.75537491 1.60000002
v 1.43141985 5.76101589 1.60000002
v 1.43773365 5.77424622 1.60000002
v 1.46394157 5.80938768 1.60000002
v 1.47482157 5.81921196 1.60000002
v 1.48660851 5.82792759 1.60000002
v 1.49919033 5.83545113 1.60000002
v 1.51244640 5.84171057 1.60000002
v 1.51710939 5.84337807 1.60000002
v 1.51877689 5.84804153 1.60000002
v 1.52503633 5.86129713 1.60000002
v 1.53255987 5.87387896 1.60000002
v 1.54127550 5.88566589 1.60000002
v 1.55109978 5.89654589 1.60000002
v 1.56193972 5.90641546 1.60000002
v 1.57369089 5.91517925 1.60000002
v 1.58624172 5.92275429 1.60000002
v 1.59947157 5.92906809 1.60000002
v 1.60511351 5.93111134 1.60000002
v 1.60711670 5.93666315 1.60000002
v 1.61342192 5.94991493 1.60000002
v 1.62099171 5.96248674 1.60000002
v 1.62975407 5.97425890 1.60000002
v 1.63962460 5.98511839 1.60000002
v 1.66230345 6.00369406 1.60000002
v 1.67489481 6.01123238 1.60000002
v 1.68816233 6.01750374 1.60000002
v 1.70197916 6.02244902 1.60000002
v 1.71621323 6.02602005 1.60000002
v 1.73072815 6.02818346 1.60000002
v 1.74538469 6.02891827 1.60000002
v 1.78503418 6.02896357 1.60000002
v 1.78908587 6.03751707 1.60000002
v 1.79662800 6.05009365 1.60000002
v 1.80536222 6.06187296 1.60000002
v 1.81520462 6.07274389 1.60000002
v 1.82606173 6.08260155 1.60000002
v 1.83782911 6.09135151 1.60000002
v 1.32317591 6.47857666 1.60000002
v 1.33303308 6.48943377 1.60000002
v 1.34178352 6.50120163 1.60000002
v 1.34934330 6.51376724 1.60000002
v 1.35563946 6.52701139 1.60000002
v 1.35753536 6.53227139 1.60000002
v 1.36249399 6.53404713 1.60000002
v 1.37574863 6.54031610 1.60000002
v 1.38832855 6.54784870 1.60000002
v 1.40011263 6.55657387 1.60000002
v 1.41098833 6.56640768 1.60000002
v 1.42085218 6.57725620 1.60000002
v 1.42960978 6.58901644 1.60000002
v 1.43717718 6.60157537 1.60000002
v 1.44348240 6.61481285 1.60000002
v 1.44552183 6.62045717 1.60000002
v 1.45122290 6.62252188 1.60000002
v 1.46445274 6.62883568 1.60000002
v 1.47700357 6.63641071 1.60000002
v 1.48875475 6.64517450 1.60000002
v 1.49959421 6.65504360 1.60000002
v 1.50941896 6.66592360 1.60000002
v 1.51813459 6.67771053 1.60000002
v 1.52565813 6.69029236 1.60000002
v 1.53191710 6.70354843 1.60000002
v 1.53363752 6.70835876 1.60000002
v 1.53887510 6.71024704 1.60000002
v 1.55211926 6.71654320 1.60000002
v 1.56468487 6.72410297 1.60000002
v 1.57645273 6.73285294 1.60000002
v 1.58730936 6.74271059 1.60000002
v 1.59715223 6.75358152 1.60000002
v 1.60588598 6.76536131 1.60000002
v 1.61342812 6.77793741 1.60000002
v 1.61970615 6.79119015 1.60000002
v 1.62148523 6.79614735 1.60000002
v 1.62620306 6.79783392 1.60000002
v 1.63945913 6.80409336 1.60000002
v 1.65204048 6.81161690 1.60000002
v 1.66382790 6.82033253 1.60000002
v 1.67470789 6.83015680 1.60000002
v 1.68457699 6.84099674 1.60000002
v 1.69334078 6.85274792 1.60000002
v 1.70091581 6.86529827 1.60000002
v 1.70722961 6.87852859 1.60000002
v 1.70927286 6.88416958 1.60000002
v 1.71478510 6.88615704 1.60000002
v 1.72802877 6.89245319 1.60000002
v 1.74059486 6.90001297 1.60000002
v 1.75236225 6.90876293 1.60000002
v 1.76321936 6.91862059 1.60000002
v 1.77306175 6.92949104 1.60000002
v 1.78179598 6.94127083 1.60000002
v 1.78933811 6.95384741 1.60000002
v 1.79337120 6.96236134 1.60000002
v 1.83292627 6.96239471 1.60000002
v 1.84757853 6.96312475 1.60000002
v 1.85039520 6.09891129 1.60000002
v 1.86363888 6.10520744 1.60000002
v 1.86887693 6.10709572 1.60000002
v 1.87059689 6.11190605 1.60000002
v 1.87685633 6.12516212 1.60000002
v 1.88437986 6.13774395 1.60000002
v 1.89309549 6.14953089 1.60000002
v 1.90291977 6.16041088 1.60000002
v 1.91375971 6.17027998 1.60000002
v 1.92551088 6.17904425 1.60000002
v 1.93806124 6.18661928 1.60000002
v 1.95129156 6.19293261 1.60000002
v 1.95699215 6.19499779 1.60000002
v 1.95903158 6.20064163 1.60000002
v 1.96533680 6.21387959 1.60000002
v 1.97290421 6.22643805 1.60000002
v 1.98166180 6.23819828 1.60000002
v 1.99152565 6.24904680 1.60000002
v 2.00240183 6.25888062 1.60000002
v 2.01418591 6.26760578 1.60000002
v 2.02676535 6.27513838 1.60000002
v 2.04002047 6.28140736 1.60000002
v 2.04497957 6.28318357 1.60000002
v 2.04689121 6.28848314 1.60000002
v 2.05319643 6.30173445 1.60000002
v 2.06076670 6.31430674 1.60000002
v 2.06952858 6.32607889 1.60000002
v 2.07939959 6.33693838 1.60000002
v 2.09028387 6.34678173 1.60000002
v 2.10207844 6.35551405 1.60000002
v 2.11466932 6.36305189 1.60000002
v 2.12793684 6.36932373 1.60000002
v 2.14175415 6.37426853 1.60000002
v 2.15598774 6.37784004 1.60000002
v 2.17050266 6.38000345 1.60000002
v 2.18515968 6.38073826 1.60000002
v 2.22479153 6.38078308 1.60000002
v 2.22876358 6.38918209 1.60000002
v 2.23629665 6.40176153 1.60000002
v 2.24502134 6.41354561 1.60000002
v 2.25485516 6.42442131 1.60000002
v 2.26570415 6.43428516 1.60000002
v 2.27746391 6.44304276 1.60000002
v 2.29002285 6.45061016 1.60000002
v 2.30326033 6.45691538 1.60000002
v 2.30863047 6.45885563 1.60000002
v 1.86208963 6.96528244 1.60000002
v 1.87632036 6.96884727 1.60000002
v 1.89013481 6.97378540 1.60000002
v 1.90340090 6.98004913 1.60000002
v 1.91599178 6.98757935 1.60000002
v 1.92778635 6.99630308 1.60000002
v 1.93867302 7.00613737 1.60000002
v 1.94854641 7.01698780 1.60000002
v 1.95731258 7.02875137 1.60000002
v 1.96488810 7.04131460 1.60000002
v 1.97119999 7.05455828 1.60000002
v 1.97325087 7.06023169 1.60000002
v 1.97895241 7.06229687 1.60000002
v 1.99218273 7.06861019 1.60000002
v 2.00473309 7.07618523 1.60000002
v 2.01648426 7.08494949 1.60000002
v 2.02732420 7.09481812 1.60000002
v 2.03714848 7.10569859 1.60000002
v 2.04586411 7.11748552 1.60000002
v 2.05338764 7.13006735 1.60000002
v 2.05730152 7.13835573 1.60000002
v 2.09701777 7.13841438 1.60000002
v 2.11167812 7.13915396 1.60000002
v 2.12619543 7.14132309 1.60000002
v 2.14043188 7.14490128 1.60000002
v 2.15425014 7.14985323 1.60000002
v 2.16751814 7.15613222 1.60000002
v 2.18010902 7.16367817 1.60000002
v 2.19190216 7.17241859 1.60000002
v 2.20278454 7.18227005 1.60000002
v 2.31037188 6.46372604 1.60000002
v 2.31663132 6.47698212 1.60000002
v 2.32415438 6.48956347 1.60000002
v 2.33287001 6.50135088 1.60000002
v 2.34269476 6.51223087 1.60000002
v 2.35353422 6.52209997 1.60000002
v 2.36528540 6.53086376 1.60000002
v 2.37783623 6.53843880 1.60000002
v 2.39106607 6.54475260 1.60000002
v 2.39683533 6.54684210 1.60000002
v 2.39893293 6.55263138 1.60000002
v 2.40525150 6.56586552 1.60000002
v 2.41283178 6.57841969 1.60000002
v 2.42160225 6.59017324 1.60000002
v 2.43147802 6.60101414 1.60000002
v 2.44236565 6.61083889 1.60000002
v 2.45416021 6.61955357 1.60000002
v 2.46674967 6.62707520 1.60000002
v 2.48001337 6.63333130 1.60000002
v 2.49382448 6.63826180 1.60000002
v 2.50805140 6.64182091 1.60000002
v 2.52255726 6.64397335 1.60000002
v 2.53720474 6.64469862 1.60000002
v 2.57666397 6.64472246 1.60000002
v 2.58068085 6.65320206 1.60000002
v 2.58822298 6.66577816 1.60000002
v 2.59695673 6.67755795 1.60000002
v 2.60679913 6.68842840 1.60000002
v 2.61765623 6.69828606 1.60000002
v 2.62942410 6.70703650 1.60000002
v 2.64198971 6.71459579 1.60000002
v 2.65523386 6.72089243 1.60000002
v 2.66047144 6.72278023 1.60000002
v 2.66219139 6.72759104 1.60000002
v 2.66845083 6.74084711 1.60000002
v 2.67597437 6.75342846 1.60000002
v 2.68469000 6.76521587 1.60000002
v 2.69451475 6.77609587 1.60000002
v 2.70535421 6.78596497 1.60000002
v 2.71710539 6.79472876 1.60000002
v 2.72965622 6.80230379 1.60000002
v 2.74288607 6.80861759 1.60000002
v 2.74858713 6.81068230 1.60000002
v 2.75062656 6.81632662 1.60000002
v 2.75693178 6.82956409 1.60000002
v 2.76449919 6.84212303 1.60000002
v 2.77325678 6.85388279 1.60000002
v 2.78312063 6.86473179 1.60000002
v 2.79399633 6.87456560 1.60000002
v 2.80578041 6.88329029 1.60000002
v 2.81835985 6.89082336 1.60000002
v 2.83161497 6.89709187 1.60000002
v 2.83657408 6.89886856 1.60000002
v 2.83848619 6.90416765 1.60000002
v 2.84479141 6.91741943 1.60000002
v 2.85236120 6.92999125 1.60000002
v 2.86112356 6.94176340 1.60000002
v 2.87099409 6.95262337 1.60000002
v 2.88187885 6.96246624 1.60000002
v 2.89367294 6.97119856 1.60000002
v 2.90626431 6.97873688 1.60000002
v 2.91953182 6.98500824 1.60000002
v 2.93334866 6.98995352 1.60000002
v 2.94758272 6.99352503 1.60000002
v 2.96209764 6.99568844 1.60000002
v 2.97675419 6.99642277 1.60000002
v 3.01638651 6.99646807 1.60000002
v 3.02035809 7.00486660 1.60000002
v 3.02789116 7.01744652 1.60000002
v 3.03661633 7.02923012 1.60000002
v 3.04645014 7.04010630 1.60000002
v 3.05729866 7.04997015 1.60000002
v 3.06905890 7.05872774 1.60000002
v 3.08161736 7.06629515 1.60000002
v 3.09485531 7.07260036 1.60000002
v 3.10022497 7.07454062 1.60000002
v 3.10196638 7.07941103 1.60000002
v 3.10822582 7.09266663 1.60000002
v 3.11574936 7.10524845 1.60000002
v 3.12446499 7.11703539 1.60000002
v 3.13428926 7.12791538 1.60000002
v 3.14512920 7.13778496 1.60000002
v 3.15688038 7.14654875 1.60000002
v 3.16943073 7.15412378 1.60000002
v 3.18266106 7.16043758 1.60000002
v 3.18842983 7.16252708 1.60000002
v 3.19052792 7.16831636 1.60000002
v 2.21265173 7.19313765 1.60000002
v 2.22140980 7.20491791 1.60000002
v 2.22897387 7.21749735 1.60000002
v 2.23527288 7.23075628 1.60000002
v 2.23722601 7.23618126 1.60000002
v 2.24281740 7.23820639 1.60000002
v 2.25604773 7.24452019 1.60000002
v 2.26859808 7.25209522 1.60000002
v 2.28034925 7.26085901 1.60000002
v 2.29118919 7.27072811 1.60000002
v 2.30101347 7.28160858 1.60000002
v 2.30972910 7.29339552 1.60000002
v 2.31725264 7.30597687 1.60000002
v 2.32108831 7.31410027 1.60000002
v 2.44836998 7.31413364 1.60000002
v 2.46301222 7.31485367 1.60000002
v 2.47751427 7.31699944 1.60000002
v 2.49173737 7.32055092 1.60000002
v 2.50554609 7.32547379 1.60000002
v 2.51880836 7.33172131 1.60000002
v 2.53139734 7.33923340 1.60000002
v 2.54319286 7.34793854 1.60000002
v 2.55408239 7.35775328 1.60000002
v 2.56396151 7.36858463 1.60000002
v 2.57273674 7.38032818 1.60000002
v 2.58032322 7.39287233 1.60000002
v 2.58479452 7.40222025 1.60000002
v 2.62474728 7.40227890 1.60000002
v 2.63940763 7.40301895 1.60000002
v 2.65392542 7.40518808 1.60000002
v 2.66816187 7.40876579 1.60000002
v 2.68198013 7.41371822 1.60000002
v 2.69524813 7.41999722 1.60000002
v 2.70783901 7.42754316 1.60000002
v 2.71963215 7.43628359 1.60000002
v 2.73051453 7.44613457 1.60000002
v 2.74038172 7.45700264 1.60000002
v 2.74913931 7.46878242 1.60000002
v 2.75670385 7.48136234 1.60000002
v 2.76082134 7.49002934 1.60000002
v 2.88824415 7.49008036 1.60000002
v 2.90289307 7.49080324 1.60000002
v 2.91740131 7.49295330 1.60000002
v 2.93163061 7.49651003 1.60000002
v 2.94544411 7.50143909 1.60000002
v 2.95871067 7.50769424 1.60000002
v 2.97130251 7.51521492 1.60000002
v 2.98309994 7.52392960 1.60000002
v 2.99398994 7.53375435 1.60000002
v 3.19684601 7.18155050 1.60000002
v 3.20442677 7.19410419 1.60000002
v 3.21319675 7.20585775 1.60000002
v 3.00386810 7.54459572 1.60000002
v 3.01264000 7.55635023 1.60000002
v 3.02022266 7.56890535 1.60000002
v 3.02453470 7.57793570 1.60000002
v 3.22307253 7.21669865 1.60000002
v 3.23396015 7.22652388 1.60000002
v 3.24575472 7.23523855 1.60000002
v 3.25834417 7.24275970 1.60000002
v 3.27160788 7.24901581 1.60000002
v 3.28541946 7.25394678 1.60000002
v 3.29964590 7.25750542 1.60000002
v 3.31415224 7.25965786 1.60000002
v 3.32879925 7.26038361 1.60000002
v 3.36825848 7.26040745 1.60000002
v 3.37227535 7.26888657 1.60000002
v 3.37981749 7.28146267 1.60000002
v 3.38855147 7.29324245 1.60000002
v 3.39839411 7.30411339 1.60000002
v 3.40925097 7.31397104 1.60000002
v 3.42101860 7.32272148 1.60000002
v 3.43358445 7.33028078 1.60000002
v 3.44682837 7.33657694 1.60000002
v 3.45206618 7.33846521 1.60000002
v 3.45378637 7.34327602 1.60000002
v 3.46004558 7.35653162 1.60000002
v 3.46756911 7.36911345 1.60000002
v 3.47628474 7.38090038 1.60000002
v 3.48610926 7.39178038 1.60000002
v 3.49694896 7.40164948 1.60000002
v 3.50870013 7.41041374 1.60000002
v 3.52125072 7.41798878 1.60000002
v 3.53448081 7.42430210 1.60000002
v 3.54018164 7.42636728 1.60000002
v 3.54222107 7.43201113 1.60000002
v 3.54852629 7.44524860 1.60000002
v 3.55609369 7.45780754 1.60000002
v 3.56485128 7.46956778 1.60000002
v 3.57471514 7.48041630 1.60000002
v 3.58559108 7.49025011 1.60000002
v 3.59737515 7.49897528 1.60000002
v 3.60995483 7.50650787 1.60000002
v 3.62320971 7.51277685 1.60000002
v 3.62816882 7.51455307 1.60000002
v 3.63008070 7.51985264 1.60000002
v 3.63638592 7.53310394 1.60000002
v 3.32772207 7.57794809 1.60000002
v 3.34234905 7.57866383 1.60000002
v 3.35683632 7.58080196 1.60000002
v 3.37104654 7.58434296 1.60000002
v 3.38484335 7.58925247 1.60000002
v 3.39809585 7.59548426 1.60000002
v 3.41067719 7.60297871 1.60000002
v 3.42246819 7.61166382 1.60000002
v 3.43335581 7.62145758 1.60000002
v 3.44323659 7.63226652 1.60000002
v 3.45201635 7.64398718 1.60000002
v 3.45961118 7.65650845 1.60000002
v 3.46411276 7.66588545 1.60000002
v 3.64395595 7.54567623 1.60000002
v 3.65271807 7.55744839 1.60000002
v 3.66258883 7.56830788 1.60000002
v 3.67347336 7.57815123 1.60000002
v 3.68526769 7.58688354 1.60000002
v 3.84926581 7.66588545 1.60000002
v 3.69785881 7.59442139 1.60000002
v 3.71112633 7.60069323 1.60000002
v 3.72494340 7.60563850 1.60000002
v 3.81938887 7.63297844 1.60000002
v 3.73917723 7.60920954 1.60000002
v 3.75369215 7.61137295 1.60000002
v 3.76834893 7.61210775 1.60000002
v 3.80797291 7.61215305 1.60000002
v 3.81186557 7.62039661 1.60000002
v 3.82810450 7.64476538 1.60000002
v 3.83792901 7.65564537 1.60000002
v 3.84876871 7.66551447 1.60000002
f 1 2 3
f 1 3 4
f 1 4 5
f 1 6 7
f 1 7 8
f 1 8 9
f 1 9 10
f 1 10 2
f 1 5 11
f 12 11 13
f 13 11 14
f 15 16 11
f 17 11 18
f 19 18 11
f 14 11 17
f 20 11 21
f 19 11 20
f 16 21 11
f 22 23 11
f 22 11 24
f 25 11 26
f 25 24 11
f 27 28 11
f 27 11 29
f 28 30 11
f 30 15 11
f 29 11 31
f 31 11 32
f 33 34 11
f 32 11 34
f 33 11 23
f 12 35 11
f 35 36 11
f 36 37 11
f 38 11 39
f 11 40 41
f 11 42 43
f 11 44 42
f 11 45 44
f 11 46 47
f 11 48 49
f 11 49 40
f 11 47 48
f 11 43 50
f 11 50 46
f 11 51 45
f 11 52 51
f 11 53 52
f 11 54 53
f 11 55 54
f 11 56 55
f 11 57 56
f 11 58 57
f 11 59 58
f 11 60 59
f 11 61 60
f 11 62 61
f 11 63 62
f 11 64 63
f 11 65 64
f 11 66 65
f 11 67 66
f 11 68 67
f 11 41 69
f 11 70 71
f 11 69 70
f 11 71 72
f 11 73 74
f 11 72 73
f 11 75 76
f 11 77 75
f 11 78 79
f 11 76 78
f 11 80 77
f 11 74 80
f 11 79 81
f 11 82 68
f 11 83 82
f 11 84 83
f 11 85 84
f 11 86 85
f 11 87 86
f 11 88 87
f 11 89 88
f 11 90 89
f 11 91 90
f 11 92 91
f 11 93 92
f 11 94 93
f 11 95 94
f 11 96 95
f 11 97 96
f 11 98 97
f 11 99 98
f 11 100 99
f 11 101 100
f 11 102 101
f 11 103 102
f 11 104 103
f 105 106 11
f 107 39 11
f 107 11 108
f 106 108 11
f 105 11 109
f 109 11 110
f 110 11 111
f 111 11 112
f 105 113 114
f 105 114 106
f 105 115 113
f 116 117 118
f 119 109 117
f 117 109 118
f 120 109 121
f 120 105 109
f 121 109 122
f 119 122 109
f 123 124 125
f 105 123 125
f 126 125 127
f 105 125 128
f 105 128 115
f 127 125 124
f 112 11 129
f 130 131 132
f 109 131 130
f 132 131 133
f 109 134 131
f 109 135 134
f 109 136 135
f 109 110 136
f 110 137 138
f 138 137 139
f 140 137 141
f 139 137 140
f 141 142 143
f 11 144 129
f 141 137 142
f 110 145 137
f 110 146 145
f 110 147 146
f 38 148 11
f 149 108 150
f 151 150 108
f 151 108 152
f 153 154 155
f 153 156 157
f 153 157 158
f 153 159 160
f 153 107 108
f 153 160 156
f 153 155 159
f 153 161 154
f 153 108 161
f 107 162 39
f 163 164 107
f 164 162 107
f 107 165 166
f 167 168 169
f 107 167 165
f 167 169 165
f 163 107 166
f 38 39 170
f 38 171 172
f 38 170 171
f 38 172 173
f 11 174 104
f 11 175 174
f 11 176 175
f 11 177 176
f 11 178 177
f 11 179 178
f 11 180 179
f 11 181 180
f 11 182 181
f 11 183 182
f 184 185 38
f 185 186 38
f 11 187 183
f 11 188 187
f 11 148 188
f 38 189 190
f 38 173 189
f 191 184 38
f 191 38 190
f 192 193 194
f 38 192 194
f 195 196 194
f 193 195 194
f 196 197 194
f 197 198 194
f 198 199 194
f 200 201 202
f 199 200 194
f 200 202 203
f 200 203 204
f 200 204 194
f 38 194 205
f 206 207 208
f 194 206 208
f 209 210 208
f 207 209 208
f 210 211 208
f 211 212 208
f 194 208 205
f 212 213 208
f 213 214 208
f 205 215 216
f 215 217 216
f 218 219 108
f 218 108 220
f 106 220 108
f 221 108 222
f 221 152 108
f 219 222 108
f 147 223 224
f 147 225 223
f 147 226 225
f 147 227 226
f 147 228 227
f 147 229 228
f 147 230 229
f 110 111 147
f 147 231 230
f 147 232 231
f 217 233 216
f 205 216 234
f 205 234 235
f 205 235 236
f 205 236 237
f 205 237 238
f 238 239 240
f 239 241 240
f 241 242 240
f 242 243 240
f 243 244 240
f 244 245 240
f 246 247 11
f 248 11 247
f 246 11 249
f 250 11 251
f 251 11 252
f 252 11 253
f 250 254 11
f 255 11 254
f 255 26 11
f 253 11 256
f 256 11 257
f 257 11 258
f 259 11 260
f 259 261 11
f 262 11 261
f 262 258 11
f 248 260 11
f 249 11 263
f 264 263 11
f 249 265 266
f 266 267 268
f 268 269 270
f 270 271 272
f 272 273 274
f 274 273 275
f 275 276 277
f 277 278 279
f 279 278 280
f 280 281 282
f 282 281 283
f 283 284 285
f 285 286 287
f 287 288 289
f 289 290 291
f 291 292 293
f 293 292 294
f 249 295 296
f 249 263 295
f 249 296 297
f 249 297 298
f 249 298 299
f 249 299 300
f 249 300 301
f 249 301 265
f 266 265 267
f 294 302 303
f 303 304 305
f 305 304 306
f 306 304 307
f 307 308 309
f 309 310 311
f 312 313 314
f 313 315 314
f 312 314 316
f 12 312 35
f 11 317 144
f 312 316 318
f 312 318 35
f 35 319 36
f 320 321 36
f 319 320 36
f 321 322 36
f 322 323 36
f 324 325 36
f 323 324 36
f 325 326 36
f 326 327 36
f 328 329 330
f 36 328 37
f 329 331 330
f 332 333 330
f 331 332 330
f 328 330 37
f 333 334 330
f 334 335 330
f 37 336 337
f 336 338 337
f 338 339 337
f 340 341 337
f 339 340 337
f 341 342 337
f 342 343 337
f 343 344 337
f 344 345 337
f 37 337 346
f 345 347 348
f 345 348 349
f 345 349 350
f 345 350 337
f 37 346 351
f 352 353 346
f 337 352 346
f 353 354 346
f 354 355 346
f 356 357 358
f 355 356 346
f 359 360 358
f 357 359 358
f 356 358 346
f 147 111 232
f 361 362 363
f 232 362 361
f 363 362 364
f 232 365 362
f 364 362 366
f 232 367 365
f 232 368 367
f 232 369 368
f 232 370 369
f 232 371 370
f 232 372 371
f 232 373 372
f 232 111 373
f 111 374 375
f 111 376 374
f 111 377 376
f 111 378 377
f 11 379 317
f 111 380 378
f 111 381 380
f 111 382 381
f 111 112 382
f 112 383 384
f 385 383 386
f 384 383 385
f 386 383 387
f 388 383 389
f 387 383 388
f 11 390 379
f 112 391 383
f 392 383 393
f 389 383 392
f 391 394 395
f 396 394 397
f 395 394 396
f 397 394 398
f 112 129 391
f 398 394 399
f 399 394 400
f 400 394 401
f 401 394 402
f 402 394 403
f 391 129 394
f 394 404 405
f 405 406 407
f 407 406 408
f 408 406 409
f 409 406 410
f 410 406 411
f 411 406 412
f 405 413 406
f 405 414 413
f 412 406 415
f 405 404 414
f 394 129 404
f 415 406 416
f 129 417 418
f 418 417 419
f 419 417 420
f 129 421 417
f 129 422 421
f 129 423 422
f 129 424 423
f 129 144 424
f 144 425 426
f 144 427 425
f 144 428 427
f 144 429 428
f 144 430 429
f 144 431 430
f 144 432 431
f 144 433 432
f 144 434 433
f 346 435 436
f 346 436 437
f 346 437 438
f 346 438 439
f 346 439 440
f 346 440 441
f 346 441 442
f 346 442 351
f 37 351 443
f 351 444 445
f 446 447 445
f 444 446 445
f 447 448 445
f 448 449 445
f 449 450 445
f 450 451 445
f 451 452 445
f 452 453 445
f 453 454 445
f 454 455 456
f 351 445 457
f 454 456 458
f 454 458 445
f 311 459 460
f 460 461 462
f 462 463 464
f 464 465 466
f 466 465 467
f 467 468 469
f 469 468 470
f 470 468 471
f 471 472 473
f 473 474 475
f 475 476 477
f 477 478 479
f 479 480 481
f 481 482 483
f 483 482 484
f 484 485 486
f 486 487 488
f 488 487 489
f 489 487 490
f 445 491 457
f 491 492 457
f 493 494 495
f 493 495 496
f 492 493 457
f 351 457 497
f 493 496 498
f 493 498 499
f 493 499 500
f 493 500 457
f 457 501 502
f 457 502 503
f 457 503 504
f 457 504 505
f 351 497 443
f 457 505 506
f 457 506 507
f 457 507 508
f 457 508 509
f 457 509 497
f 37 443 510
f 497 511 512
f 497 512 513
f 497 513 514
f 497 514 515
f 497 515 516
f 497 516 517
f 497 517 518
f 497 518 443
f 443 519 520
f 519 521 520
f 522 523 520
f 521 522 520
f 523 524 520
f 525 526 520
f 524 525 520
f 527 528 520
f 526 527 520
f 528 529 520
f 529 530 520
f 443 520 531
f 530 532 520
f 532 533 520
f 534 535 536
f 534 536 537
f 37 510 538
f 520 539 531
f 534 537 540
f 539 534 531
f 443 531 541
f 534 540 542
f 534 542 543
f 534 543 544
f 534 544 531
f 531 545 546
f 443 541 510
f 531 546 547
f 531 547 548
f 531 548 549
f 531 549 550
f 531 550 551
f 531 551 552
f 531 552 553
f 531 553 541
f 554 555 556
f 554 556 557
f 558 554 510
f 541 558 510
f 37 559 11
f 560 1 561
f 11 81 562
f 1 11 561
f 38 205 148
f 245 563 240
f 563 564 240
f 564 565 240
f 565 566 240
f 566 567 240
f 238 240 568
f 205 238 148
f 569 570 240
f 567 569 240
f 240 571 572
f 240 572 573
f 240 573 574
f 240 574 575
f 240 575 576
f 240 576 577
f 238 568 578
f 240 577 579
f 240 579 580
f 240 580 568
f 568 581 578
f 582 583 578
f 581 582 578
f 584 585 578
f 583 584 578
f 585 586 587
f 586 588 587
f 585 587 589
f 585 589 578
f 578 590 591
f 590 592 591
f 592 593 591
f 238 578 148
f 578 591 148
f 188 594 595
f 596 594 597
f 595 594 596
f 597 594 598
f 188 599 594
f 598 594 600
f 188 601 599
f 188 602 601
f 188 148 602
f 603 604 605
f 148 604 603
f 605 606 607
f 605 604 606
f 148 608 604
f 148 609 608
f 148 610 609
f 148 611 610
f 148 612 611
f 148 613 612
f 614 615 616
f 612 615 614
f 591 613 148
f 616 615 617
f 618 615 619
f 617 615 618
f 620 621 622
f 620 623 621
f 619 615 620
f 620 624 623
f 620 625 624
f 620 626 625
f 612 613 615
f 620 615 626
f 613 627 628
f 613 629 627
f 613 630 629
f 613 631 630
f 613 632 631
f 613 633 632
f 613 634 633
f 613 635 634
f 635 636 637
f 637 636 638
f 638 636 639
f 639 636 640
f 635 641 636
f 635 642 641
f 613 643 635
f 635 644 642
f 635 645 644
f 635 646 645
f 81 647 562
f 648 649 562
f 647 648 562
f 650 651 562
f 649 650 562
f 651 652 562
f 652 653 562
f 654 655 562
f 656 654 562
f 653 656 562
f 655 657 562
f 657 658 562
f 658 659 562
f 659 660 562
f 661 662 562
f 660 661 562
f 662 663 562
f 664 665 562
f 663 664 562
f 666 667 562
f 665 666 562
f 667 668 562
f 669 670 562
f 668 669 562
f 670 671 562
f 672 673 562
f 671 672 562
f 673 674 562
f 675 676 562
f 674 675 562
f 677 678 562
f 676 677 562
f 679 680 562
f 678 679 562
f 680 681 562
f 681 682 562
f 682 683 562
f 683 684 562
f 684 685 686
f 687 688 686
f 685 687 686
f 688 689 686
f 690 691 686
f 689 690 686
f 691 692 686
f 692 693 686
f 693 694 686
f 684 686 562
f 695 696 686
f 695 697 698
f 695 698 696
f 695 699 697
f 695 700 699
f 695 701 700
f 695 702 701
f 695 703 704
f 695 704 702
f 703 705 706
f 707 705 708
f 706 705 707
f 708 705 709
f 694 710 686
f 710 711 686
f 711 712 686
f 712 713 686
f 714 715 686
f 713 714 686
f 715 716 686
f 716 717 686
f 717 718 686
f 718 719 686
f 720 721 686
f 719 720 686
f 721 722 686
f 723 695 686
f 722 723 686
f 695 724 703
f 725 726 703
f 724 725 703
f 727 728 703
f 726 727 703
f 728 729 703
f 729 730 703
f 730 731 703
f 731 732 703
f 732 705 703
f 733 705 734
f 733 735 736
f 733 734 735
f 733 737 738
f 733 736 737
f 733 738 739
f 733 739 740
f 733 740 741
f 733 741 742
f 743 742 744
f 743 744 745
f 743 745 746
f 743 746 747
f 743 747 748
f 743 748 749
f 743 749 750
f 743 750 751
f 743 751 752
f 743 752 753
f 743 754 755
f 743 753 754
f 756 705 757
f 709 705 756
f 757 705 758
f 758 705 759
f 760 705 733
f 759 705 760
f 761 742 762
f 733 742 761
f 762 742 763
f 763 742 764
f 764 742 765
f 765 742 766
f 767 742 768
f 766 742 767
f 768 742 769
f 770 742 771
f 769 742 770
f 771 742 772
f 772 742 773
f 773 742 743
f 743 755 774
f 743 774 775
f 776 775 777
f 743 775 776
f 777 775 778
f 778 775 779
f 779 775 780
f 780 775 781
f 781 775 782
f 782 775 783
f 783 775 784
f 784 785 786
f 786 785 787
f 787 785 788
f 788 785 789
f 789 785 790
f 791 785 792
f 790 785 791
f 793 785 794
f 792 785 793
f 794 785 795
f 796 785 797
f 795 785 796
f 797 785 798
f 799 785 800
f 798 785 799
f 801 785 802
f 800 785 801
f 784 775 803
f 784 803 804
f 784 805 806
f 784 804 805
f 784 806 807
f 784 807 808
f 784 808 809
f 784 809 810
f 784 811 812
f 784 810 811
f 784 813 814
f 784 812 813
f 784 814 815
f 784 815 816
f 784 816 817
f 784 817 818
f 784 818 819
f 784 819 820
f 784 820 821
f 784 821 785
f 822 823 824
f 785 822 824
f 825 826 824
f 823 825 824
f 826 827 824
f 827 828 824
f 824 828 829
f 824 829 830
f 824 830 831
f 831 832 833
f 834 835 833
f 832 834 833
f 835 836 833
f 837 838 833
f 836 837 833
f 838 839 833
f 840 841 833
f 839 840 833
f 841 842 833
f 843 844 833
f 842 843 833
f 844 845 833
f 802 785 846
f 846 785 847
f 847 785 848
f 849 785 850
f 848 785 849
f 785 851 850
f 785 824 851
f 824 831 852
f 852 831 853
f 853 831 854
f 854 831 855
f 855 831 856
f 856 831 857
f 857 831 858
f 831 833 859
f 858 831 859
f 860 861 833
f 845 860 833
f 862 863 864
f 860 862 864
f 863 865 864
f 860 866 861
f 860 867 868
f 860 868 866
f 860 869 867
f 860 870 869
f 860 871 870
f 860 872 871
f 860 864 873
f 860 873 872
f 874 875 876
f 874 876 864
f 874 877 875
f 874 878 877
f 874 879 878
f 874 880 879
f 874 881 882
f 874 882 880
f 874 883 881
f 593 884 591
f 884 885 591
f 886 887 591
f 885 886 591
f 887 888 591
f 591 889 890
f 889 891 892
f 893 894 892
f 891 893 892
f 894 895 892
f 896 897 892
f 895 896 892
f 889 892 898
f 899 900 892
f 897 899 892
f 889 898 901
f 889 901 890
f 900 902 892
f 591 890 903
f 591 904 613
f 905 906 903
f 890 905 903
f 907 908 903
f 906 907 903
f 591 903 904
f 909 910 903
f 908 909 903
f 910 911 903
f 911 912 903
f 912 913 903
f 903 914 915
f 903 915 916
f 903 916 917
f 903 917 918
f 903 918 919
f 903 919 920
f 903 920 921
f 903 921 922
f 903 922 904
f 904 923 924
f 923 925 924
f 926 927 924
f 925 926 924
f 927 928 924
f 928 929 924
f 904 924 930
f 434 931 932
f 932 931 933
f 934 931 935
f 933 931 934
f 144 317 434
f 935 931 936
f 936 931 937
f 937 931 938
f 938 939 940
f 938 931 939
f 941 942 943
f 941 944 942
f 929 945 924
f 930 946 947
f 946 948 949
f 950 951 949
f 948 950 949
f 951 952 949
f 953 954 949
f 952 953 949
f 955 956 949
f 954 955 949
f 613 930 643
f 613 904 930
f 635 643 646
f 957 958 959
f 957 960 958
f 957 961 960
f 646 962 963
f 963 962 957
f 957 964 961
f 957 965 964
f 957 966 965
f 957 967 966
f 957 968 967
f 957 969 968
f 957 962 969
f 646 643 962
f 970 971 972
f 643 973 974
f 974 973 970
f 946 949 947
f 930 947 975
f 976 977 949
f 956 976 949
f 977 978 949
f 979 980 981
f 947 982 975
f 930 975 983
f 643 930 983
f 979 981 984
f 979 984 985
f 982 979 975
f 979 985 986
f 979 986 987
f 979 987 988
f 979 988 975
f 975 989 983
f 990 991 983
f 989 990 983
f 991 992 983
f 992 993 983
f 994 995 983
f 993 994 983
f 995 996 983
f 996 997 983
f 983 998 999
f 998 1000 999
f 1000 1001 999
f 1001 1002 999
f 1003 1004 1005
f 1003 1005 1006
f 1002 1003 999
f 1003 1006 999
f 643 983 1007
f 983 999 1007
f 999 1008 1007
f 434 317 931
f 941 1009 944
f 941 1010 1009
f 941 1011 1010
f 941 1012 1011
f 931 1013 941
f 941 1014 1012
f 941 1015 1014
f 941 1016 1015
f 941 1017 1016
f 941 1013 1017
f 931 317 1013
f 1018 379 1019
f 317 379 1018
f 1019 379 1020
f 1021 379 1022
f 1020 379 1021
f 1023 379 1024
f 1022 379 1023
f 1024 379 1025
f 379 1026 1027
f 1028 1026 1029
f 1027 1026 1028
f 1029 1026 1030
f 379 1031 1026
f 1030 1026 1032
f 379 1033 1031
f 379 1034 1033
f 379 1035 1034
f 1035 1036 1037
f 1035 1038 1036
f 1035 1039 1038
f 1035 1040 1039
f 1035 1041 1040
f 1035 1042 1041
f 1035 1043 1042
f 379 390 1035
f 1035 1044 1043
f 1035 1045 1044
f 1045 1046 1047
f 1045 1048 1046
f 1035 390 1045
f 1045 1049 1048
f 1045 1050 1049
f 1045 1051 1050
f 1045 1052 1051
f 1045 1053 1052
f 1045 1054 1053
f 1045 1055 1054
f 1045 1056 1055
f 1045 1057 1056
f 1045 1058 1057
f 1045 390 1058
f 390 1059 1060
f 1061 1059 1062
f 1060 1059 1061
f 1062 1059 1063
f 390 1064 1059
f 1065 1059 1066
f 1063 1059 1065
f 1066 1059 1067
f 1064 1068 1069
f 1069 1068 1070
f 1071 1068 1072
f 1070 1068 1071
f 1072 1068 1073
f 1073 1068 1074
f 1074 1068 1075
f 1075 1068 1076
f 1076 1068 1077
f 1068 1078 1079
f 1064 1080 1068
f 999 1081 1082
f 1083 1084 1082
f 1081 1083 1082
f 1084 1085 1082
f 1086 1087 1082
f 1085 1086 1082
f 1088 1089 1082
f 1087 1088 1082
f 1090 1091 1082
f 1089 1090 1082
f 1091 1092 1093
f 1091 1093 1094
f 1091 1094 1082
f 999 1082 1095
f 1096 1097 1098
f 1082 1096 1095
f 1099 1100 1098
f 1097 1099 1098
f 999 1095 1008
f 1100 1101 1098
f 1101 1102 1098
f 1096 1098 1103
f 1096 1103 1095
f 1102 1104 1098
f 1095 1105 1106
f 1095 1106 1107
f 1095 1107 1108
f 1095 1108 1109
f 1095 1109 1110
f 1095 1110 1111
f 1095 1111 1112
f 1095 1112 1008
f 1113 1114 1115
f 1116 1113 1115
f 1114 1117 1115
f 1008 1116 1118
f 1079 1119 1120
f 1120 1119 1121
f 1121 1119 1122
f 1123 1119 1124
f 1122 1119 1123
f 1079 1078 1119
f 1124 1125 1126
f 1124 1119 1125
f 1068 1080 1078
f 1078 1127 1128
f 1129 1130 1131
f 1129 1132 1130
f 1129 1133 1132
f 1128 1127 1134
f 1134 1127 1129
f 1129 1135 1133
f 1129 1136 1135
f 1117 1137 1115
f 1137 1138 1115
f 1116 1115 1139
f 1138 1140 1115
f 1140 1141 1115
f 1116 1139 1142
f 1116 1142 1118
f 1141 1143 1115
f 1143 1144 1115
f 1008 1118 1145
f 1118 1146 1147
f 1146 1148 1147
f 1148 1149 1147
f 1008 1145 1150
f 1151 1152 1153
f 1151 1153 1154
f 1149 1151 1147
f 1118 1147 1145
f 1151 1154 1155
f 1151 1155 1147
f 972 971 1156
f 970 1157 971
f 970 1158 1157
f 970 1159 1158
f 970 973 1159
f 973 1160 1161
f 1161 1160 1162
f 1162 1160 1163
f 1163 1160 1164
f 1165 1166 1167
f 1164 1160 1165
f 1165 1168 1166
f 643 1007 973
f 973 1169 1160
f 1165 1160 1168
f 1170 1171 1172
f 1173 1171 1170
f 1173 1174 1171
f 973 1007 1169
f 1173 1175 1174
f 1173 1176 1175
f 1169 1177 1173
f 1173 1178 1176
f 1173 1179 1178
f 1173 1180 1179
f 1173 1181 1180
f 1173 1182 1181
f 1173 1177 1182
f 1169 1007 1177
f 1007 1183 1184
f 1184 1183 1185
f 1185 1183 1186
f 1007 1187 1183
f 1007 1188 1187
f 1007 1189 1188
f 1007 1190 1189
f 1007 1191 1190
f 1192 1193 1194
f 1192 1195 1193
f 1192 1196 1195
f 1191 1197 1192
f 1192 1198 1196
f 1192 1199 1198
f 1192 1200 1199
f 1008 1191 1007
f 1192 1201 1200
f 1192 1197 1201
f 1202 1203 1204
f 1197 1203 1202
f 1204 1203 1205
f 1205 1203 1206
f 1191 1207 1197
f 1208 1209 1210
f 1206 1203 1208
f 1210 1209 1211
f 1211 1209 1212
f 1208 1203 1209
f 1197 1207 1203
f 1213 1214 1215
f 1213 1216 1214
f 1213 1217 1216
f 1213 1218 1217
f 1213 1219 1218
f 1213 1220 1219
f 1203 1221 1213
f 1213 1222 1220
f 1213 1223 1222
f 1213 1224 1223
f 1213 1225 1224
f 1213 1221 1225
f 1226 1227 864
f 865 1226 864
f 1227 1228 864
f 1229 1230 864
f 1228 1229 864
f 1230 1231 864
f 1232 1233 864
f 1231 1232 864
f 1233 1234 864
f 1234 1235 864
f 1235 1236 864
f 1236 1237 864
f 1237 1238 864
f 1238 1239 864
f 1240 1241 864
f 1239 1240 864
f 1241 874 864
f 874 1242 1243
f 1244 1245 1243
f 1242 1244 1243
f 1245 1246 1243
f 1246 1247 1243
f 1247 1248 1243
f 1248 1249 1243
f 1249 1250 1243
f 1250 1251 1243
f 1251 1252 1253
f 1252 1254 1253
f 1254 1255 1253
f 1256 1257 1253
f 1255 1256 1253
f 1257 1258 1253
f 1259 1260 1253
f 1258 1259 1253
f 1261 1262 1253
f 1260 1261 1253
f 1262 1263 1253
f 1263 1264 1253
f 1265 1266 1253
f 1264 1265 1253
f 1008 1207 1191
f 1008 1150 1207
f 1203 1207 1221
f 1267 1268 1269
f 1207 1270 1267
f 1269 1268 1271
f 1271 1268 1272
f 1272 1268 1273
f 1267 1274 1268
f 1267 1275 1274
f 1267 1270 1275
f 1276 1277 1278
f 1270 1277 1276
f 1278 1277 1279
f 1280 1281 1282
f 1279 1277 1280
f 1270 1283 1277
f 1280 1277 1281
f 1207 1284 1270
f 1270 1285 1283
f 1270 1286 1285
f 1207 1150 1284
f 1145 1287 1150
f 1287 1288 1150
f 1288 1289 1150
f 1289 1290 1150
f 1291 1292 1150
f 1290 1291 1150
f 1292 1293 1150
f 1293 1294 1150
f 1294 1295 1150
f 1150 1296 1297
f 1298 1299 1297
f 1296 1298 1297
f 1299 1300 1297
f 1300 1301 1297
f 1302 1303 1304
f 1301 1302 1297
f 1302 1304 1297
f 1297 1305 1306
f 1305 1307 1308
f 1307 1309 1310
f 1309 1311 1310
f 1311 1312 1310
f 1312 1313 1310
f 1313 1314 1310
f 1307 1310 1315
f 1307 1315 1308
f 1305 1308 1306
f 1150 1297 1284
f 1297 1316 1284
f 1286 1317 1318
f 1286 1319 1317
f 1270 1284 1286
f 1286 1320 1319
f 1286 1321 1320
f 1286 1322 1321
f 1286 1323 1322
f 1286 1324 1323
f 1286 1325 1324
f 1286 1326 1325
f 1286 1327 1326
f 1286 1328 1327
f 1286 1329 1328
f 1286 1284 1329
f 1330 1331 1332
f 1284 1331 1330
f 1332 1331 1333
f 1333 1331 1334
f 1334 1331 1335
f 1335 1331 1336
f 1336 1331 1337
f 1337 1331 1338
f 1339 1340 1341
f 1331 1340 1339
f 1342 1343 1344
f 1341 1340 1342
f 1342 1345 1343
f 1342 1346 1345
f 1342 1347 1346
f 1331 1348 1340
f 1342 1340 1347
f 1349 1350 1351
f 1348 1350 1349
f 1351 1350 1352
f 1331 1353 1348
f 1354 1350 1355
f 1352 1350 1354
f 1355 1350 1356
f 1284 1316 1331
f 1331 1316 1353
f 1356 1350 1357
f 1357 1350 1358
f 1358 1350 1359
f 1350 1360 1361
f 1348 1353 1350
f 1350 1362 1360
f 1350 1363 1362
f 1350 1364 1363
f 1350 1365 1364
f 1350 1366 1365
f 1350 1367 1366
f 1350 1368 1367
f 1350 1369 1368
f 1350 1370 1369
f 1350 1371 1370
f 1350 1372 1371
f 1350 1353 1372
f 1353 1373 1374
f 1375 1373 1376
f 1374 1373 1375
f 1353 1377 1373
f 1353 1378 1377
f 1353 1379 1378
f 1353 1380 1379
f 1353 1381 1380
f 560 1382 1
f 268 1383 269
f 268 267 1383
f 270 269 1384
f 270 1384 271
f 272 271 273
f 275 273 276
f 277 276 278
f 280 278 281
f 283 281 284
f 285 284 286
f 287 286 1385
f 287 1385 288
f 289 288 1386
f 289 1386 290
f 291 290 292
f 294 292 302
f 303 302 304
f 307 304 308
f 309 308 310
f 311 1387 459
f 311 310 1387
f 460 459 1388
f 460 1388 461
f 462 461 463
f 464 463 465
f 467 465 468
f 264 1389 263
f 1390 1391 1392
f 1389 1391 1390
f 1392 1391 1393
f 264 1394 1389
f 1395 1396 1389
f 1394 1395 1389
f 1396 1397 1389
f 1398 1399 1389
f 1397 1398 1389
f 1399 1400 1389
f 1400 1401 1389
f 1402 1403 1389
f 1401 1402 1389
f 1403 1404 1389
f 1404 1391 1389
f 1 1405 6
f 1393 1391 1406
f 1393 1406 1407
f 1393 1408 1409
f 1393 1407 1408
f 1393 1409 1410
f 1393 1411 1412
f 1393 1410 1411
f 1393 1413 1414
f 1393 1412 1413
f 1393 1415 1416
f 1393 1414 1415
f 1393 1417 1418
f 1393 1416 1419
f 1393 1419 1420
f 1393 1420 1421
f 1393 1421 1422
f 1393 1422 1423
f 1393 1423 1424
f 1393 1424 1425
f 1393 1426 1427
f 1393 1425 1426
f 1393 1427 1428
f 1393 1428 1429
f 1393 1429 1430
f 1393 1430 1431
f 1393 1431 1417
f 1417 1432 1418
f 1432 1433 1418
f 1418 1434 1435
f 1435 1436 1437
f 1437 1438 1439
f 1439 1440 1441
f 1441 1442 1443
f 1443 1442 1444
f 1444 1445 1446
f 1446 1445 1447
f 1447 1445 1448
f 1448 1449 1450
f 1450 1449 1451
f 1451 1452 1453
f 1453 1454 1455
f 1455 1456 1457
f 1458 1459 1418
f 1433 1458 1418
f 1459 1460 1418
f 1460 1461 1418
f 1461 1462 1418
f 1463 1464 1418
f 1462 1463 1418
f 1464 1465 1418
f 1465 1466 1418
f 1466 1467 1418
f 1467 1468 1418
f 1468 1434 1418
f 1469 1435 1434
f 1469 1436 1435
f 1470 1437 1436
f 1470 1438 1437
f 1440 1439 1438
f 1442 1441 1440
f 1445 1444 1442
f 1471 1448 1445
f 1472 1448 1471
f 1457 1473 1474
f 1474 1475 1476
f 1476 1475 1477
f 1477 1478 1479
f 1479 1478 1480
f 1480 1478 1481
f 1481 1478 1482
f 1482 1478 1483
f 1483 1484 1485
f 1485 1486 1487
f 1487 1488 1489
f 1489 1490 1491
f 1491 1492 1493
f 1449 1448 1472
f 1494 1451 1449
f 1452 1451 1494
f 1454 1453 1452
f 1495 1455 1454
f 1495 1496 1455
f 1496 1456 1455
f 1497 1457 1456
f 1473 1457 1497
f 1475 1474 1473
f 1498 1477 1475
f 1493 1499 1500
f 1500 1501 1502
f 1502 1503 1504
f 1504 1505 1506
f 1506 1507 1508
f 1508 1507 1509
f 1509 1507 1510
f 1510 1507 1511
f 1511 1512 1513
f 1513 1514 1515
f 1515 1516 1517
f 1517 1516 1518
f 1518 1519 1520
f 1520 1521 1522
f 1522 1523 1524
f 1524 1525 1526
f 1526 1527 1528
f 1529 1530 1531
f 1528 1530 1529
f 1531 1530 1532
f 490 1533 1534
f 1534 1533 1535
f 1535 1536 1537
f 1537 1536 1538
f 1538 1539 1540
f 1540 1541 1542
f 1542 1543 1544
f 1544 1545 1546
f 1546 1547 1548
f 1548 1547 1549
f 1549 1547 1550
f 1550 1551 1552
f 1552 1553 1554
f 1554 1555 1556
f 1556 1557 1558
f 1558 1559 1560
f 1560 1561 1562
f 1562 1563 1564
f 1564 1565 1566
f 1566 1567 1568
f 1568 1567 1569
f 1569 1570 1571
f 471 468 472
f 473 472 474
f 475 474 476
f 477 1572 478
f 477 476 1572
f 479 1573 480
f 479 478 1573
f 481 480 482
f 484 482 485
f 486 485 487
f 490 487 1533
f 1535 1533 1536
f 1538 1536 1539
f 1540 1574 1575
f 1540 1539 1574
f 1540 1575 1541
f 1542 1541 1543
f 1544 1543 1545
f 1546 1545 1547
f 1550 1547 1551
f 1571 1576 1577
f 1577 1578 1579
f 1579 1580 1581
f 1581 1582 1583
f 1583 1584 1585
f 1585 1584 1586
f 1586 1587 1588
f 1588 1589 1590
f 1590 1589 1591
f 1591 1592 1593
f 1593 1594 1595
f 1595 1596 1597
f 1597 1598 1599
f 1599 1600 1601
f 1601 1602 1603
f 1603 1602 1604
f 1604 1605 1606
f 1606 1607 1608
f 1608 1607 1609
f 1609 1610 1611
f 1611 1612 1613
f 1613 1614 1615
f 1615 1616 1617
f 1617 1618 1619
f 1619 1620 1621
f 1621 1622 1623
f 1552 1551 1553
f 1554 1553 1555
f 1556 1555 1557
f 1558 1557 1559
f 1560 1559 1624
f 1560 1624 1625
f 1560 1625 1561
f 1562 1561 1563
f 1564 1563 1565
f 1566 1565 1567
f 1569 1567 1570
f 1571 1570 1576
f 1577 1576 1578
f 1579 1578 1580
f 1581 1580 1582
f 1583 1582 1584
f 1586 1584 1587
f 1588 1626 1589
f 1588 1587 1626
f 1593 1592 1594
f 1591 1589 1592
f 1595 1594 1596
f 1597 1596 1598
f 1623 1622 1627
f 1627 1628 1629
f 1629 1628 1630
f 1630 1631 1632
f 1632 1633 1634
f 1634 1635 1636
f 1636 1637 1638
f 1638 1637 1639
f 1639 1640 1641
f 1641 1642 1643
f 1643 1644 1645
f 1645 1644 1646
f 1646 1647 1648
f 1648 1649 1650
f 1651 1649 1652
f 1650 1649 1651
f 1652 1653 1654
f 1654 1655 1656
f 1656 1657 1658
f 1658 1659 1660
f 1660 1661 1662
f 1662 1663 1664
f 1664 1663 1665
f 1599 1598 1600
f 1601 1600 1602
f 1604 1602 1605
f 1606 1605 1607
f 1609 1666 1610
f 1609 1607 1666
f 1611 1610 1612
f 1613 1612 1614
f 1615 1614 1616
f 1617 1616 1618
f 1619 1618 1620
f 1621 1620 1622
f 1627 1622 1628
f 1630 1628 1631
f 1632 1631 1633
f 1634 1633 1635
f 1636 1635 1637
f 1639 1637 1667
f 1639 1667 1640
f 1641 1640 1642
f 1643 1642 1644
f 554 557 1668
f 554 1668 1669
f 554 1669 1670
f 554 1670 510
f 510 1671 1672
f 1673 1674 1672
f 1671 1673 1672
f 1674 1675 1672
f 1676 1677 1672
f 1675 1676 1672
f 1678 1679 1672
f 1677 1678 1672
f 1680 1681 1672
f 1679 1680 1672
f 1681 1682 1672
f 1682 1683 1672
f 510 1672 1684
f 1683 1685 1672
f 1686 1687 1684
f 1672 1686 1684
f 1665 1688 1689
f 1689 1690 1691
f 1691 1690 1692
f 1692 1693 1694
f 1694 1695 1696
f 1696 1697 1698
f 1698 1699 1700
f 1700 1701 1702
f 1702 1703 1704
f 1704 1705 1706
f 1706 1707 1708
f 1709 1710 1711
f 1708 1710 1709
f 1711 1710 1712
f 1712 1713 1714
f 1714 1715 1716
f 1716 1717 1718
f 1718 1719 1720
f 1720 1721 1722
f 1722 1723 1724
f 1724 1725 1726
f 1726 1727 1728
f 1728 1727 1729
f 1646 1644 1647
f 1648 1647 1649
f 1652 1649 1653
f 1654 1730 1655
f 1654 1653 1730
f 1656 1655 1731
f 1656 1731 1657
f 1658 1657 1659
f 1660 1659 1661
f 1662 1661 1663
f 1665 1663 1688
f 1689 1688 1690
f 1692 1690 1693
f 1694 1693 1732
f 1694 1732 1695
f 1696 1733 1697
f 1696 1695 1733
f 1698 1697 1699
f 1700 1699 1701
f 1702 1701 1703
f 1704 1703 1705
f 1706 1705 1707
f 1734 1735 1736
f 1729 1735 1734
f 1736 1735 1737
f 1737 1738 1739
f 1739 1740 1741
f 1741 1740 1742
f 1742 1743 1744
f 1744 1745 1746
f 1746 1747 1748
f 1748 1749 1750
f 1751 1752 1753
f 1750 1752 1751
f 1753 1754 1755
f 1755 1754 1756
f 1756 1757 1758
f 1758 1759 1760
f 1760 1761 1762
f 1762 1763 1764
f 1764 1765 1766
f 1766 1767 1768
f 1768 1769 1770
f 1770 1771 1772
f 1772 1771 1773
f 1708 1707 1710
f 1712 1710 1713
f 1714 1713 1715
f 1716 1715 1717
f 1718 1717 1774
f 1718 1774 1719
f 1720 1719 1721
f 1722 1721 1723
f 1724 1723 1725
f 1726 1725 1727
f 1729 1727 1735
f 1737 1735 1738
f 1739 1738 1740
f 1742 1775 1743
f 1742 1776 1775
f 1742 1740 1776
f 1744 1743 1745
f 1746 1745 1747
f 1748 1747 1749
f 1750 1749 1752
f 1753 1752 1754
f 1756 1754 1757
f 1773 1771 1777
f 1777 1778 1779
f 1779 1780 1781
f 1781 1782 1783
f 1783 1784 1785
f 1785 1786 1787
f 1787 1788 1789
f 1789 1790 1791
f 1791 1792 1793
f 1793 1792 1794
f 1794 1792 1795
f 1795 1796 1797
f 1797 1798 1799
f 1799 1800 1801
f 1801 1802 1803
f 1803 1804 1805
f 1805 1806 1807
f 1807 1808 1809
f 1809 1810 1811
f 1811 1812 1813
f 1813 1812 1814
f 1814 1815 1816
f 1758 1757 1759
f 1760 1759 1761
f 1762 1761 1817
f 1762 1817 1763
f 1764 1763 1765
f 1766 1765 1767
f 1768 1767 1769
f 1770 1769 1771
f 1777 1771 1778
f 1779 1778 1780
f 1781 1780 1782
f 1783 1782 1784
f 1785 1818 1786
f 1785 1784 1818
f 1787 1786 1788
f 1789 1788 1790
f 1791 1790 1792
f 1816 1815 1819
f 1819 1820 1821
f 1795 1792 1796
f 1797 1796 1798
f 1799 1798 1800
f 1801 1800 1802
f 1803 1802 1804
f 1805 1804 1822
f 1805 1822 1806
f 1821 1820 1823
f 1823 1824 1825
f 1825 1826 1827
f 1827 1828 1829
f 1829 1830 1831
f 1831 1832 1833
f 1833 1834 1835
f 1836 1837 1838
f 1835 1837 1836
f 1838 1839 1840
f 1840 1841 1842
f 1842 1843 1844
f 1844 1845 1846
f 1846 1845 1847
f 1847 1848 1849
f 1849 1850 1851
f 1851 1852 1853
f 1854 1855 1856
f 1853 1855 1854
f 1856 1857 1858
f 1858 1859 1860
f 1807 1806 1861
f 1807 1861 1808
f 1809 1808 1810
f 1811 1810 1812
f 1814 1812 1815
f 1819 1815 1820
f 1823 1820 1824
f 1825 1824 1826
f 1827 1826 1828
f 1829 1828 1830
f 1831 1830 1832
f 1833 1862 1834
f 1833 1832 1862
f 1835 1834 1837
f 1838 1837 1839
f 1840 1839 1841
f 1842 1841 1843
f 1844 1843 1845
f 1847 1845 1848
f 1849 1848 1850
f 1498 1478 1477
f 1863 1483 1478
f 1484 1483 1863
f 1486 1485 1484
f 1488 1487 1486
f 1490 1489 1488
f 1492 1491 1490
f 1864 1499 1493
f 1864 1493 1492
f 1865 1500 1499
f 1865 1501 1500
f 1503 1502 1501
f 1505 1504 1503
f 1507 1506 1505
f 1532 1866 1867
f 1867 1866 1868
f 1868 1869 1870
f 1870 1871 1872
f 1872 1873 1874
f 1512 1511 1507
f 1514 1513 1512
f 1516 1515 1514
f 1519 1518 1516
f 1521 1520 1519
f 1875 1522 1521
f 1875 1523 1522
f 1525 1524 1523
f 1527 1526 1525
f 1530 1528 1527
f 1866 1532 1530
f 1869 1868 1866
f 1871 1870 1869
f 1873 1872 1871
f 1876 1874 1873
f 1877 1878 1879
f 1877 1879 1876
f 1880 1879 1878
f 1881 1882 1880
f 1883 1884 1881
f 1885 1886 1883
f 1874 1876 1879
f 1879 1880 1887
f 1887 1880 1882
f 1882 1881 1884
f 1884 1883 1888
f 1888 1883 1889
f 1889 1883 1886
f 1886 1890 1891
f 1891 1890 1892
f 1892 1893 1894
f 1894 1895 1896
f 1896 1897 1898
f 1898 1899 1900
f 1900 1899 1901
f 1901 1902 1903
f 1903 1904 1905
f 1905 1906 1907
f 1907 1906 1908
f 1908 1906 1909
f 1909 1910 1911
f 1911 1912 1913
f 1913 1912 1914
f 1914 1915 1916
f 1916 1917 1918
f 1918 1919 1920
f 1920 1921 1922
f 1922 1923 1924
f 1924 1925 1926
f 1926 1927 1928
f 1928 1927 1929
f 1890 1886 1885
f 1930 1892 1890
f 1893 1892 1930
f 1895 1894 1893
f 1931 1896 1895
f 1931 1932 1896
f 1932 1897 1896
f 1899 1898 1897
f 1902 1901 1899
f 1904 1903 1902
f 1906 1905 1904
f 1910 1909 1906
f 1912 1911 1910
f 1915 1914 1912
f 1917 1916 1915
f 1929 1933 1934
f 1934 1933 1935
f 1935 1936 1937
f 1937 1936 1938
f 1938 1939 1940
f 1940 1941 1942
f 1942 1941 1943
f 1943 1944 1945
f 1945 1946 1947
f 1947 1948 1949
f 1949 1948 1950
f 1950 1951 1952
f 1952 1951 1953
f 1953 1954 1955
f 1955 1956 1957
f 1957 1958 1959
f 1959 1960 1961
f 1919 1918 1917
f 1962 1920 1919
f 1962 1921 1920
f 1923 1922 1921
f 1925 1924 1923
f 1927 1926 1925
f 1933 1929 1927
f 1936 1935 1933
f 1939 1938 1936
f 1941 1940 1939
f 1963 1943 1941
f 1944 1943 1963
f 1964 1946 1945
f 1964 1945 1944
f 1948 1947 1946
f 1951 1950 1948
f 1954 1953 1951
f 1956 1955 1954
f 1958 1957 1956
f 1960 1959 1958
f 1965 1961 1960
f 1966 1967 1965
f 1966 1968 1967
f 1961 1965 1969
f 1969 1965 1967
f 1967 1968 1970
f 1970 1971 1972
f 1972 1971 1973
f 1973 1974 1975
f 1975 1974 1976
f 1976 1977 1978
f 1978 1979 1980
f 1980 1981 1982
f 1982 1983 1984
f 1984 1985 1986
f 1986 1987 1988
f 1988 1987 1989
f 1989 1990 1991
f 1991 1990 1992
f 1992 1993 1994
f 1994 1995 1996
f 1996 1997 1998
f 1998 1999 2000
f 2000 1999 2001
f 2001 2002 2003
f 2003 2004 2005
f 2005 2004 2006
f 2006 2004 2007
f 2007 2004 2008
f 2008 2009 2010
f 2010 2011 2012
f 2012 2011 2013
f 2013 2014 2015
f 2015 2014 2016
f 2016 2014 2017
f 2017 2014 2018
f 2018 2019 2020
f 2020 2019 2021
f 2021 2019 2022
f 2022 2023 2024
f 2024 2025 2026
f 1851 1850 1852
f 1853 2027 1855
f 1853 1852 2027
f 1856 1855 1857
f 1858 1857 1859
f 1860 1859 2028
f 2029 2028 2030
f 2031 2030 2032
f 2033 2032 2034
f 2035 2034 2036
f 2037 2036 2038
f 2039 2040 2041
f 2039 2038 2040
f 2042 2041 2043
f 2044 2043 2045
f 2046 2045 2047
f 2048 1971 1970
f 2048 1970 1968
f 1974 1973 1971
f 1977 1976 1974
f 1979 1978 1977
f 1981 1980 1979
f 1983 1982 1981
f 1985 1984 1983
f 1987 1986 1985
f 2049 1990 1989
f 2049 1989 1987
f 2050 1992 1990
f 1993 1992 2050
f 1995 1994 1993
f 1997 1996 1995
f 1999 1998 1997
f 2002 2001 1999
f 2004 2003 2002
f 2051 2008 2004
f 2009 2008 2051
f 2011 2010 2009
f 2052 2013 2011
f 2026 2053 2054
f 2054 2055 2056
f 2056 2055 2057
f 2057 2058 2059
f 2013 2052 2014
f 2018 2014 2019
f 2060 2022 2019
f 2022 2060 2023
f 2025 2024 2023
f 2053 2026 2025
f 2055 2054 2053
f 2058 2057 2055
f 2061 2059 2058
f 2062 2063 2061
f 2064 2065 2062
f 2064 2066 2065
f 2067 2068 2066
f 2069 2070 2067
f 2071 2072 2069
f 2073 2074 2071
f 2059 2061 2063
f 2063 2062 2075
f 2075 2062 2065
f 2065 2066 2068
f 2068 2067 2070
f 2070 2069 2072
f 2072 2071 2076
f 2076 2071 2074
f 2074 2077 2078
f 2078 2077 2079
f 2079 2080 2081
f 2081 2082 2083
f 2083 2082 2084
f 2084 2082 2085
f 2085 2086 2087
f 2087 2088 2089
f 2089 2090 2091
f 2091 2092 2093
f 2093 2094 2095
f 2095 2094 2096
f 2096 2094 2097
f 2097 2094 2098
f 2098 2099 2100
f 2100 2099 2101
f 2101 2102 2103
f 2103 2104 2105
f 2077 2074 2073
f 2080 2079 2077
f 2082 2081 2080
f 2086 2085 2082
f 2088 2087 2086
f 2090 2089 2088
f 2092 2091 2090
f 2094 2093 2092
f 2098 2094 2099
f 2102 2101 2099
f 2104 2103 2102
f 2106 2105 2104
f 2107 2105 2106
f 2105 2107 2108
f 2108 2107 2109
f 2109 2110 2111
f 2111 2112 2113
f 2113 2114 2115
f 2115 2114 2116
f 2116 2117 2118
f 2119 2120 2118
f 2120 2121 2122
f 2122 2121 2123
f 2123 2124 2125
f 2125 2124 2126
f 2126 2127 2128
f 2128 2129 2130
f 2130 2131 2132
f 2132 2133 2134
f 2134 2135 2136
f 2136 2135 2137
f 2137 2138 2139
f 2139 2138 2140
f 2140 2138 2141
f 2141 2138 2142
f 2142 2143 2144
f 2144 2143 2145
f 2145 2146 2147
f 2147 2148 2149
f 2149 2148 2150
f 2150 2151 2152
f 2152 2151 2153
f 2153 2154 2155
f 2155 2154 2156
f 2110 2109 2107
f 2112 2111 2110
f 2114 2113 2112
f 2157 2116 2114
f 2158 2159 2116
f 2158 2116 2157
f 2160 2116 2159
f 2117 2116 2160
f 2119 2118 2117
f 2121 2120 2119
f 2161 2123 2121
f 2124 2123 2161
f 2127 2126 2124
f 2129 2128 2127
f 2131 2130 2129
f 2133 2132 2131
f 2135 2134 2133
f 2138 2137 2135
f 2162 2142 2138
f 2162 2143 2142
f 2146 2145 2143
f 2163 2147 2146
f 2148 2147 2163
f 2151 2150 2148
f 2164 2153 2151
f 2165 2153 2164
f 2166 2153 2165
f 2154 2153 2166
f 2167 2156 2154
f 2168 2169 2167
f 2156 2167 2169
f 2169 2168 2170
f 2170 2171 2172
f 2172 2171 2173
f 2173 2171 2174
f 2174 2171 2175
f 2175 2176 2177
f 2177 2178 2179
f 2179 2180 2181
f 2181 2182 2183
f 2171 2170 2168
f 2184 2175 2171
f 2184 2176 2175
f 2178 2177 2176
f 2180 2179 2178
f 2182 2181 2180
f 2183 2182 2185
f 2186 2187 2185
f 2188 2187 2186
f 2189 2187 2188
f 2190 2187 2189
f 2191 2187 2190
f 560 2192 1382
f 510 1684 2193
f 1687 2194 1684
f 2194 2195 1684
f 2195 2196 1684
f 2196 2197 1684
f 2197 2198 1684
f 2198 2199 1684
f 2199 2200 1684
f 510 2193 538
f 2201 2202 2203
f 2204 2201 2205
f 1684 2204 2205
f 2201 2203 2206
f 2201 2206 2205
f 1684 2205 2207
f 1684 2207 2208
f 1684 2208 2209
f 1684 2209 2193
f 2193 2210 2211
f 2193 2211 2212
f 2193 2212 2213
f 2193 2213 2214
f 2193 2214 2215
f 2193 2215 2216
f 2193 2216 2217
f 2193 2217 538
f 11 559 390
f 538 2218 2219
f 2218 2220 2221
f 2220 2222 2221
f 2223 2224 2221
f 2222 2223 2221
f 2225 2226 2221
f 2224 2225 2221
f 2226 2227 2221
f 2218 2221 2219
f 2227 2228 2221
f 538 2219 2229
f 2230 2231 2221
f 2228 2230 2221
f 2231 2232 2221
f 2219 2233 2229
f 2233 2234 2229
f 2235 2236 2229
f 2234 2235 2229
f 538 2229 2237
f 2236 2238 2229
f 2238 2239 2229
f 2239 2240 2229
f 2240 2241 2229
f 2241 2242 2229
f 2229 2243 2244
f 2229 2244 2245
f 2229 2245 2246
f 2229 2246 2247
f 2229 2247 2248
f 2229 2248 2249
f 2229 2249 2250
f 2229 2250 2237
f 538 2237 2251
f 2237 2252 2253
f 1129 2254 1136
f 1129 2255 2254
f 1129 2256 2255
f 1129 1127 2256
f 1078 1080 1127
f 1080 2257 2258
f 2258 2257 2259
f 1080 2260 2257
f 1080 2261 2260
f 1080 2262 2261
f 1080 2263 2262
f 1080 2264 2263
f 1080 2265 2264
f 2265 2266 2267
f 2265 2268 2266
f 2265 2269 2268
f 2265 2270 2269
f 2265 2271 2270
f 2265 2272 2271
f 2265 2273 2272
f 2265 2274 2273
f 2265 2275 2274
f 2275 2276 2277
f 2275 2278 2276
f 2275 2279 2278
f 2275 2280 2279
f 2275 2281 2280
f 2265 2282 2275
f 2275 2283 2281
f 2275 2284 2283
f 2275 2285 2284
f 2275 2286 2285
f 2286 2287 2288
f 2286 2289 2287
f 2286 2290 2289
f 2286 2291 2290
f 2275 2282 2286
f 2286 2292 2291
f 2286 2293 2292
f 2286 2294 2293
f 2286 2295 2294
f 2286 2296 2295
f 2286 2297 2296
f 2286 2298 2297
f 2286 2299 2298
f 2286 2282 2299
f 2282 2300 2301
f 2302 2300 2303
f 2301 2300 2302
f 2303 2300 2304
f 2282 2305 2300
f 2282 2306 2305
f 2282 2307 2306
f 2282 2308 2307
f 2308 2309 2310
f 2308 2311 2309
f 2308 2312 2311
f 2308 2313 2312
f 2308 2314 2313
f 2308 2315 2314
f 2308 2316 2315
f 2308 2317 2316
f 2308 2318 2317
f 2318 2319 2320
f 2318 2321 2319
f 2318 2322 2321
f 2318 2323 2322
f 2318 2324 2323
f 2318 2325 2324
f 2318 2326 2325
f 2308 2327 2318
f 2328 2329 2330
f 2252 2328 2330
f 2329 2331 2330
f 2332 2333 2330
f 2331 2332 2330
f 2333 2334 2330
f 2334 2335 2330
f 2336 2337 2338
f 2252 2330 2253
f 2336 2338 2339
f 2335 2336 2330
f 2336 2339 2330
f 2237 2253 2340
f 2341 2342 2340
f 2253 2341 2340
f 2342 2343 2340
f 2344 2345 2340
f 2343 2344 2340
f 2237 2340 2346
f 2345 2347 2348
f 2347 2349 2348
f 2345 2348 2350
f 2345 2350 2340
f 2237 2346 2251
f 2340 2351 2346
f 2352 2353 2346
f 2351 2352 2346
f 2354 2355 2346
f 2353 2354 2346
f 1860 2028 2029
f 2029 2030 2031
f 2031 2032 2033
f 2033 2034 2356
f 2356 2034 2035
f 2035 2036 2037
f 2037 2038 2357
f 2357 2038 2039
f 2039 2041 2042
f 2042 2043 2044
f 2044 2045 2046
f 2046 2047 2358
f 2358 2359 2360
f 2360 2361 2362
f 2362 2363 2364
f 2364 2363 2365
f 2365 2366 2367
f 2368 2369 2370
f 2367 2366 2368
f 2370 2371 2372
f 2372 2371 2373
f 2373 2374 2375
f 2375 2376 2377
f 2377 2378 2379
f 2379 2380 2381
f 2381 2382 2383
f 37 538 559
f 2355 2384 2346
f 2385 2386 2346
f 2384 2385 2346
f 2386 2387 2346
f 2346 2388 2389
f 2346 2389 2390
f 2346 2390 2391
f 2346 2391 2392
f 2346 2392 2393
f 2346 2393 2394
f 2346 2394 2395
f 2346 2395 2251
f 2251 2396 2397
f 2396 2398 2397
f 2398 2399 2397
f 390 559 1064
f 2400 2401 2397
f 2399 2400 2397
f 2402 2403 2397
f 2401 2402 2397
f 2404 2405 2406
f 2404 2406 2407
f 2403 2404 2397
f 2404 2407 2408
f 2404 2408 2409
f 2404 2409 2397
f 2251 2397 2410
f 2397 2411 2412
f 2397 2412 2413
f 2397 2413 2414
f 2397 2414 2415
f 2397 2415 2416
f 2251 2410 2417
f 2397 2416 2418
f 2397 2418 2419
f 2397 2419 2420
f 2397 2420 2410
f 2421 2422 2417
f 2410 2421 2417
f 2422 2423 2417
f 2423 2424 2417
f 2424 2425 2417
f 2426 2427 2428
f 2425 2426 2417
f 2426 2428 2417
f 2251 2417 2429
f 2430 2431 2432
f 2431 2433 2432
f 2430 2432 2434
f 2430 2434 2435
f 2430 2435 2436
f 2430 2436 2437
f 2417 2430 2438
f 2430 2437 2439
f 2430 2439 2440
f 2430 2440 2441
f 2430 2441 2442
f 2430 2442 2443
f 2430 2443 2438
f 2417 2438 2444
f 2438 2445 2446
f 2438 2446 2447
f 2438 2447 2448
f 2438 2448 2449
f 2438 2449 2450
f 2417 2444 2451
f 1314 2452 1310
f 2452 2453 1310
f 2453 2454 1310
f 1297 1306 2455
f 2456 2457 2455
f 1306 2456 2455
f 1297 2455 1316
f 2457 2458 2455
f 2458 2459 2455
f 2459 2460 2455
f 2460 2461 2455
f 2462 2463 2455
f 2461 2462 2455
f 2463 2464 2455
f 2455 2465 2466
f 2465 2467 2466
f 2467 2468 2466
f 2468 2469 2466
f 2469 2470 2466
f 2470 2471 2466
f 2455 2466 1316
f 2471 2472 2466
f 2472 2473 2466
f 2474 2475 2476
f 1316 2474 2476
f 2475 2477 2476
f 2477 2478 2476
f 2478 2479 2476
f 2479 2480 2476
f 1316 2476 2481
f 2480 2482 2476
f 2481 2483 2484
f 2483 2485 2484
f 2486 2487 2484
f 2485 2486 2484
f 2487 2488 2484
f 2488 2489 2484
f 2489 2490 2484
f 2490 2491 2484
f 2491 2492 2484
f 2481 2484 2493
f 2318 2494 2326
f 2318 2495 2494
f 2318 2327 2495
f 2495 2496 2497
f 2495 2498 2496
f 2495 2499 2498
f 2495 2500 2499
f 2495 2501 2500
f 2495 2502 2501
f 2495 2503 2502
f 2495 2504 2503
f 2495 2505 2504
f 2495 2506 2505
f 2495 2507 2506
f 2495 2508 2507
f 2492 2509 2484
f 2509 2510 2484
f 2510 2511 2484
f 2511 2512 2484
f 2484 2513 2493
f 2481 2493 2514
f 2513 2515 2493
f 2515 2516 2493
f 2516 2517 2493
f 2517 2518 2493
f 2518 2519 2493
f 2519 2520 2493
f 2520 2521 2493
f 1353 1316 2481
f 1353 2481 2514
f 2522 2523 2524
f 2522 2525 2523
f 1381 2526 2527
f 2522 2528 2525
f 2527 2526 2522
f 2522 2529 2528
f 2522 2530 2529
f 2522 2531 2530
f 1353 2532 1381
f 2522 2526 2531
f 2526 2533 2534
f 2526 2535 2533
f 2526 2536 2535
f 2526 2537 2536
f 1381 2532 2526
f 2526 2538 2537
f 2526 2539 2538
f 2526 2540 2539
f 2526 2541 2540
f 2526 2542 2541
f 2526 2543 2542
f 2526 2544 2543
f 2526 2545 2544
f 2526 2532 2545
f 1353 2514 2532
f 2521 2546 2493
f 2493 2547 2514
f 2548 2549 2514
f 2547 2548 2514
f 2550 2551 2552
f 2549 2550 2514
f 2551 2553 2552
f 2550 2552 2554
f 2550 2554 2514
f 2514 2555 2556
f 2555 2557 2556
f 2557 2558 2556
f 2558 2559 2556
f 2559 2560 2556
f 2560 2561 2556
f 2561 2562 2556
f 2562 2563 2556
f 2563 2564 2556
f 2564 2565 2556
f 2566 2567 2556
f 2565 2566 2556
f 2567 2568 2556
f 2514 2556 2569
f 2570 2571 2569
f 2556 2570 2569
f 2571 2572 2569
f 2514 2569 2573
f 2572 2574 2569
f 2574 2575 2569
f 2575 2576 2569
f 2576 2577 2569
f 2577 2578 2569
f 2578 2579 2569
f 2514 2573 2532
f 2573 2580 2532
f 2495 2327 2508
f 2581 2582 2583
f 2584 2582 2581
f 2327 2585 2584
f 2584 2586 2582
f 2584 2587 2586
f 2584 2588 2587
f 2584 2589 2588
f 2584 2585 2589
f 2590 2591 2592
f 2590 2593 2591
f 2590 2594 2593
f 2585 2595 2590
f 2590 2596 2594
f 2590 2597 2596
f 2590 2598 2597
f 2590 2599 2598
f 2590 2595 2599
f 1064 559 1080
f 2600 2601 2602
f 2602 2601 2603
f 2600 2604 2601
f 2595 2605 2600
f 2600 2606 2604
f 2600 2607 2606
f 2585 2608 2595
f 2600 2609 2607
f 2600 2610 2609
f 2600 2605 2610
f 2595 2608 2605
f 2611 2612 2613
f 2611 2614 2612
f 2605 2615 2616
f 2616 2615 2617
f 2611 2618 2614
f 2617 2615 2611
f 2611 2619 2618
f 2611 2620 2619
f 2611 2621 2620
f 2611 2622 2621
f 2611 2623 2622
f 2605 2608 2615
f 2611 2615 2623
f 1080 559 2265
f 2265 559 2282
f 2624 2625 2626
f 2608 2627 2624
f 2628 2629 2630
f 2628 2631 2629
f 2626 2625 2628
f 2624 2632 2625
f 2628 2625 2631
f 2624 2627 2632
f 2633 2634 2635
f 2627 2636 2637
f 2637 2636 2633
f 2635 2634 2638
f 2639 2634 2640
f 2638 2634 2639
f 2633 2641 2634
f 2633 2642 2641
f 2633 2636 2642
f 2282 559 2308
f 2636 2643 2644
f 2636 2645 2643
f 2636 2646 2645
f 2636 2647 2646
f 2636 2648 2647
f 2636 2649 2648
f 2636 2650 2649
f 2636 2651 2650
f 2636 2652 2651
f 2636 2653 2652
f 2636 2654 2653
f 2636 2655 2654
f 2636 2656 2655
f 2569 2657 2573
f 2657 2658 2573
f 2658 2659 2573
f 2659 2660 2573
f 2660 2661 2573
f 2661 2662 2573
f 2662 2663 2573
f 2663 2664 2573
f 2664 2665 2573
f 2666 2667 2668
f 2573 2666 2668
f 2669 2670 2671
f 2669 2671 2672
f 2667 2669 2668
f 2669 2672 2673
f 2669 2673 2674
f 2669 2674 2668
f 2573 2668 2675
f 2668 2676 2677
f 2676 2678 2679
f 2678 2680 2679
f 2680 2681 2679
f 2682 2683 2679
f 2681 2682 2679
f 2676 2679 2684
f 2685 2686 2679
f 2683 2685 2679
f 2687 2688 2679
f 2686 2687 2679
f 2676 2684 2689
f 2676 2689 2677
f 2668 2677 2690
f 2677 2691 2692
f 2693 2694 2692
f 2691 2693 2692
f 2668 2690 2695
f 2694 2696 2697
f 2696 2698 2697
f 2677 2692 2690
f 2699 2700 2697
f 2698 2699 2697
f 2694 2697 2692
f 2701 2702 2703
f 2701 2704 2702
f 2701 2705 2704
f 2656 2706 2701
f 2701 2707 2705
f 2701 2708 2707
f 2701 2709 2708
f 2690 2710 2711
f 2712 2713 2711
f 2710 2712 2711
f 2714 2715 2711
f 2713 2714 2711
f 2690 2711 2695
f 2715 2716 2711
f 2716 2717 2711
f 2717 2718 2711
f 2358 2047 2359
f 2360 2359 2361
f 2362 2361 2363
f 2365 2363 2366
f 2368 2366 2719
f 2368 2719 2369
f 2370 2369 2371
f 2373 2371 2374
f 2383 2720 2721
f 2721 2722 2723
f 2723 2722 2724
f 2725 2726 2727
f 2728 2726 2725
f 2724 2729 2728
f 2727 2730 2731
f 2731 2732 2733
f 2733 2734 2735
f 2735 2736 2737
f 2737 2738 2739
f 2739 2740 2741
f 2741 2742 2743
f 2744 2745 2746
f 2743 2745 2744
f 2746 2745 2747
f 2747 2748 2749
f 2749 2750 2751
f 2751 2752 2753
f 2375 2374 2376
f 2377 2376 2378
f 2379 2378 2380
f 2381 2380 2382
f 2383 2382 2720
f 2721 2720 2722
f 2724 2722 2754
f 2724 2754 2729
f 2728 2729 2726
f 2727 2726 2730
f 2731 2730 2732
f 2733 2732 2734
f 2735 2734 2736
f 2737 2736 2738
f 2739 2738 2740
f 2741 2740 2742
f 2743 2742 2745
f 2747 2745 2755
f 2747 2755 2748
f 2749 2748 2756
f 2751 2750 2752
f 2749 2756 2750
f 2753 2757 2758
f 2758 2759 2760
f 2760 2761 2762
f 2762 2763 2764
f 2765 2766 2767
f 2764 2766 2765
f 2767 2766 2768
f 2768 2769 2770
f 2770 2771 2772
f 2772 2773 2774
f 2774 2775 2776
f 2776 2777 2778
f 2778 2779 2780
f 2780 2781 2782
f 2782 2783 2784
f 2784 2783 2785
f 2785 2783 2786
f 2786 2787 2788
f 2788 2789 2790
f 2790 2791 2792
f 2792 2793 2794
f 2794 2795 2796
f 2796 2797 2798
f 2798 2799 2800
f 2800 2801 2802
f 2802 2803 2804
f 2804 2803 2805
f 2805 2806 2807
f 2807 2806 2808
f 2753 2752 2757
f 2758 2757 2759
f 2760 2759 2761
f 2762 2761 2763
f 2764 2763 2766
f 2768 2766 2769
f 2770 2769 2771
f 2772 2771 2773
f 2774 2773 2809
f 2774 2809 2775
f 2776 2775 2777
f 2778 2777 2779
f 2780 2779 2781
f 2782 2781 2783
f 2786 2783 2787
f 2788 2787 2789
f 2790 2789 2791
f 2792 2810 2793
f 2792 2791 2810
f 2794 2793 2795
f 2796 2795 2797
f 2798 2797 2799
f 2800 2799 2801
f 2808 2811 2812
f 2812 2813 2814
f 2814 2813 2815
f 2815 2816 2817
f 2817 2818 2819
f 2819 2820 2821
f 2821 2822 2823
f 2823 2824 2825
f 2825 2824 2826
f 2826 2827 2828
f 2828 2827 2829
f 2829 2830 2831
f 2831 2832 2833
f 2833 2834 2835
f 2835 2836 2837
f 2802 2801 2803
f 2805 2803 2806
f 2808 2806 2811
f 2812 2811 2813
f 2815 2813 2838
f 2815 2839 2816
f 2815 2838 2839
f 2817 2816 2818
f 2819 2818 2820
f 2821 2820 2822
f 2823 2822 2824
f 2826 2824 2827
f 2829 2827 2830
f 2831 2830 2832
f 2833 2832 2834
f 2835 2834 2836
f 2837 2836 2840
f 2837 2840 2841
f 2842 2841 2843
f 2844 2843 2845
f 2438 2450 2846
f 2438 2846 2847
f 2438 2847 2848
f 2438 2848 2444
f 2444 2849 2850
f 2417 2451 2429
f 2444 2850 2851
f 2444 2851 2852
f 2444 2852 2853
f 2444 2853 2854
f 2444 2854 2855
f 2444 2855 2856
f 2444 2856 2857
f 2444 2857 2451
f 538 2251 559
f 2251 2429 2858
f 2859 2860 2429
f 2451 2859 2429
f 2860 2861 2429
f 2861 2862 2429
f 2862 2863 2429
f 2863 2864 2429
f 2864 2865 2429
f 2837 2841 2842
f 2842 2843 2844
f 2844 2845 2866
f 2866 2867 2868
f 2868 2867 2869
f 2869 2870 2871
f 2871 2872 2873
f 2873 2874 2875
f 2875 2876 2877
f 2877 2876 2878
f 2878 2879 2880
f 2881 2882 2883
f 2880 2884 2881
f 2883 2885 2886
f 2886 2885 2887
f 2887 2888 2889
f 2889 2890 2891
f 2891 2892 2893
f 2893 2894 2895
f 2895 2896 2897
f 2897 2898 2899
f 2899 2898 2900
f 2900 2901 2902
f 2902 2903 2904
f 2904 2905 2906
f 2906 2907 2908
f 2908 2907 2909
f 2909 2910 2911
f 2911 2912 2913
f 2913 2912 2914
f 2866 2845 2867
f 2869 2867 2870
f 2871 2870 2872
f 2873 2872 2874
f 2875 2874 2876
f 2878 2876 2879
f 2880 2879 2884
f 2881 2884 2882
f 2883 2882 2915
f 2883 2915 2885
f 2887 2885 2888
f 2889 2888 2890
f 2183 2185 2187
f 2187 2916 2917
f 2917 2916 2918
f 2918 2916 2919
f 2919 2916 2920
f 2920 2916 2921
f 2921 2916 2922
f 2922 2916 2923
f 2923 2916 2924
f 2924 2916 2925
f 2925 2916 2926
f 2926 2927 2928
f 2929 2928 2930
f 2929 2931 2932
f 2932 2933 2934
f 2934 2935 2936
f 2936 2937 2938
f 2938 2937 2939
f 2939 2940 2941
f 2941 2940 2942
f 2943 2187 2191
f 2916 2187 2943
f 2944 2926 2916
f 2944 2927 2926
f 2930 2928 2927
f 2929 2930 2931
f 2945 2932 2931
f 2946 2932 2945
f 2933 2932 2946
f 2935 2934 2933
f 2937 2936 2935
f 2940 2939 2947
f 2947 2939 2937
f 2948 2942 2940
f 2949 2942 2948
f 2942 2949 2950
f 2950 2949 2951
f 2951 2949 2952
f 2952 2949 2953
f 2953 2949 2954
f 2955 2956 2957
f 2958 2957 2959
f 2960 2959 2961
f 2954 2949 2962
f 2962 2949 2963
f 2964 2963 2949
f 2965 2963 2964
f 2966 2963 2965
f 2967 2963 2966
f 2963 2967 2956
f 2968 2961 2969
f 2970 2969 2971
f 2891 2890 2892
f 2893 2892 2894
f 2895 2894 2896
f 2897 2896 2898
f 2900 2898 2901
f 2902 2901 2903
f 2904 2903 2972
f 2904 2972 2905
f 2906 2905 2907
f 2909 2907 2910
f 2914 2956 2973
f 2973 2956 2955
f 2955 2957 2958
f 2958 2959 2974
f 2911 2910 2912
f 2914 2912 2975
f 2914 2975 2963
f 2974 2959 2960
f 2914 2963 2956
f 2960 2961 2968
f 2968 2969 2976
f 2976 2969 2970
f 2970 2971 2977
f 2977 2978 2979
f 2979 2980 2981
f 2981 2982 2983
f 2983 2982 2984
f 2984 2982 2985
f 2985 2982 2986
f 2986 2982 2987
f 2987 2982 2988
f 2988 2982 2989
f 2989 2982 2990
f 2990 2982 2991
f 2991 2982 2992
f 2992 2982 2993
f 2993 2982 2994
f 2994 2982 2995
f 2996 2982 2997
f 2995 2982 2996
f 2998 2982 2999
f 2997 2982 2998
f 2999 2982 3000
f 3000 2982 3001
f 3001 2982 3002
f 3002 2982 3003
f 3003 2982 3004
f 3004 2982 3005
f 3005 2982 3006
f 3006 2982 3007
f 3007 2982 3008
f 3008 2982 3009
f 3009 2982 3010
f 2977 2971 2978
f 2979 2978 2980
f 2981 2980 2982
f 3010 2982 3011
f 3011 2982 3012
f 3012 2982 3013
f 3013 2982 3014
f 3014 2982 3015
f 3015 2982 3016
f 3016 2982 3017
f 3017 2982 3018
f 3018 2982 3019
f 3019 2982 3020
f 3021 2982 3022
f 3020 2982 3021
f 3022 2982 3023
f 3023 2982 3024
f 3024 2982 3025
f 3025 2982 3026
f 3026 2982 3027
f 3027 2982 3028
f 3028 2982 3029
f 3030 2982 3031
f 3029 2982 3030
f 3031 2982 3032
f 3032 2982 3033
f 3033 2982 3034
f 3034 2982 3035
f 3035 2982 3036
f 3036 2982 3037
f 3037 2982 3038
f 3038 2982 3039
f 3039 2982 3040
f 3041 2982 3042
f 3040 2982 3041
f 3042 2982 3043
f 3043 2982 3044
f 3044 2982 3045
f 3045 2982 3046
f 3046 2982 3047
f 3047 2982 3048
f 3048 2982 3049
f 3049 2982 3050
f 3050 2982 3051
f 3051 2982 3052
f 3052 2982 3053
f 3053 2982 3054
f 3054 2982 3055
f 3055 2982 3056
f 3056 2982 3057
f 3057 2982 3058
f 3058 2982 3059
f 3059 2982 3060
f 3060 2982 3061
f 3061 2982 3062
f 3062 2982 3063
f 3063 2982 3064
f 2865 3065 2429
f 2429 3066 3067
f 3066 3068 3067
f 3069 3070 3067
f 3068 3069 3067
f 3070 3071 3067
f 3071 3072 3067
f 3072 3073 3067
f 3073 3074 3067
f 3074 3075 3067
f 3075 3076 3067
f 3076 3077 3067
f 2429 3067 3078
f 3077 3079 3067
f 3079 3080 3067
f 3067 3081 3078
f 2429 3078 3082
f 3081 3083 3078
f 3084 3085 3086
f 3087 3084 3086
f 3087 3086 3088
f 3083 3087 3078
f 2308 559 2327
f 2327 559 2585
f 3087 3088 3089
f 3087 3089 3090
f 3087 3090 3078
f 2429 3082 2858
f 3091 3092 3093
f 3078 3091 3093
f 3094 3095 3096
f 3092 3094 3096
f 3092 3096 3093
f 3078 3093 3097
f 3078 3097 3098
f 3078 3098 3099
f 3078 3099 3082
f 3100 3101 3102
f 3082 3103 2858
f 3103 3100 2858
f 3104 3105 3102
f 3101 3104 3102
f 3100 3102 3106
f 3105 3107 3102
f 3100 3106 2858
f 2858 3108 3109
f 3110 3111 3112
f 3113 3110 3112
f 3114 3113 3109
f 3108 3114 3109
f 3111 3115 3112
f 3113 3112 3116
f 3113 3116 3117
f 3113 3117 3118
f 3113 3118 3119
f 3113 3119 3120
f 3113 3120 3121
f 3113 3121 3109
f 2251 2858 559
f 2858 3109 3122
f 3123 3124 3125
f 3126 3123 3127
f 3109 3126 3122
f 3124 3128 3125
f 3123 3125 3129
f 2858 3122 3130
f 3123 3129 3127
f 3126 3127 3131
f 3126 3131 3132
f 3126 3132 3122
f 2701 2706 2709
f 2706 3133 3134
f 3135 3133 3136
f 3134 3133 3135
f 3136 3133 3137
f 3137 3133 3138
f 3138 3133 3139
f 3139 3133 3140
f 3140 3133 3141
f 3141 3133 3142
f 3133 3143 3144
f 3133 3145 3143
f 3133 3146 3145
f 3133 3147 3146
f 3133 3148 3147
f 3133 3149 3148
f 3133 3150 3149
f 3133 3151 3150
f 3133 3152 3151
f 2585 559 2608
f 2608 559 2627
f 3152 3153 3154
f 3154 3153 3155
f 3155 3153 3156
f 3156 3153 3157
f 3158 3153 3159
f 3157 3153 3158
f 3152 3160 3153
f 3161 3162 3163
f 3161 3164 3162
f 3159 3153 3161
f 3161 3165 3164
f 3161 3166 3165
f 3161 3153 3166
f 3160 3167 3168
f 3160 3169 3167
f 3160 3170 3169
f 3160 3171 3170
f 3160 3172 3171
f 3160 3173 3172
f 3160 3174 3173
f 3160 3175 3174
f 2627 559 2636
f 2636 559 2656
f 2656 559 2706
f 3176 3177 3178
f 3176 3179 3177
f 3176 3180 3179
f 2706 559 3133
f 3133 559 3152
f 3152 559 3160
f 3181 3182 3183
f 3183 3182 3184
f 3184 3182 3176
f 3176 3185 3180
f 3176 3186 3185
f 3176 3187 3186
f 3176 3188 3187
f 3176 3189 3188
f 3176 3182 3189
f 3181 3190 3182
f 3191 3192 3193
f 3191 3193 3194
f 3191 3194 3195
f 3122 3191 3130
f 3191 3195 3196
f 3191 3196 3197
f 3191 3197 3198
f 3191 3198 3130
f 3199 3200 3201
f 3199 3201 3202
f 3199 3202 3203
f 3199 3203 3204
f 3130 3199 3205
f 3199 3204 3206
f 3199 3206 3207
f 3199 3207 3208
f 3199 3208 3209
f 3199 3209 3210
f 3199 3210 3211
f 3199 3211 3212
f 3199 3212 3205
f 3064 2982 3213
f 3130 3205 3214
f 3205 3215 3214
f 3216 3217 3214
f 3215 3216 3214
f 3130 3214 3218
f 3217 3219 3214
f 3220 3221 3214
f 3219 3220 3214
f 3221 3222 3214
f 2858 3130 559
f 3223 3224 3214
f 3222 3223 3214
f 3214 3225 3226
f 3214 3226 3227
f 3214 3227 3228
f 3214 3228 3229
f 3214 3229 3230
f 3214 3230 3231
f 3214 3231 3232
f 3214 3232 3233
f 3214 3233 3218
f 3160 559 3175
f 3234 559 3235
f 3175 559 3234
f 3235 559 3236
f 3236 559 3237
f 3238 559 3239
f 3237 559 3238
f 3240 559 3241
f 3239 559 3240
f 3242 559 3243
f 3241 559 3242
f 3243 559 3244
f 3245 559 3246
f 3244 559 3245
f 3246 559 3247
f 3248 559 3249
f 3247 559 3248
f 3249 559 3250
f 3251 3252 3253
f 3218 3251 3254
f 3252 3255 3253
f 3251 3253 3256
f 3251 3256 3254
f 3130 3218 559
f 3257 559 3258
f 3258 559 3259
f 3259 559 3260
f 3261 3213 559
f 3262 3263 559
f 3262 559 3257
f 3264 3261 559
f 3264 559 3263
f 3265 3260 559
f 3265 559 3266
f 3266 559 3267
f 3267 559 3268
f 3218 3254 559
f 3268 559 3254
f 560 561 2192
f 561 11 562
f 874 3269 883
f 874 3270 3271
f 874 3271 3269
f 874 3272 3270
f 874 3273 3272
f 874 3274 3275
f 874 3275 3273
f 874 3276 3277
f 874 3277 3274
f 874 3278 3276
f 561 3279 3280
f 561 562 3279
f 561 3280 3281
f 561 3281 3282
f 561 3282 3283
f 561 3283 3284
f 561 3285 3286
f 561 3284 3285
f 561 3286 3287
f 561 3287 3288
f 561 3288 3289
f 561 3289 3290
f 561 3291 3292
f 561 3290 3291
f 561 3293 3294
f 561 3292 3293
f 561 3294 3295
f 561 3295 3296
f 561 3296 3297
f 561 3297 3298
f 561 3298 3299
f 561 3299 3300
f 561 3300 3301
f 561 3301 3302
f 561 3302 3303
f 561 3303 3304
f 561 3304 3305
f 561 3305 3306
f 561 3307 3308
f 561 3306 3307
f 561 3308 3309
f 561 3309 3310
f 561 3311 3312
f 561 3310 3311
f 561 3312 3313
f 561 3313 3314
f 561 3314 3315
f 561 3316 3317
f 561 3315 3316
f 561 3317 3318
f 561 3318 3319
f 561 3319 3320
f 561 3320 3321
f 561 3321 3322
f 561 3322 3323
f 561 3323 3324
f 561 3324 3325
f 561 3325 3326
f 561 3326 3327
f 561 3327 3328
f 561 3329 3330
f 561 3328 3329
f 561 3330 3331
f 561 3331 3332
f 561 3333 3334
f 561 3332 3333
f 561 3334 3335
f 561 3335 3336
f 561 3337 3338
f 561 3336 3337
f 561 3338 3339
f 561 3339 3340
f 561 3340 3341
f 561 3342 3343
f 561 3341 3342
f 561 3344 3345
f 561 3343 3344
f 561 3345 3346
f 561 3346 3347
f 561 3347 3348
f 561 3348 3349
f 561 3350 3351
f 561 3349 3350
f 561 3351 3352
f 561 3352 3353
f 561 3353 3354
f 561 3354 3355
f 561 3355 3356
f 561 3356 3357
f 561 3358 3359
f 561 3357 3358
f 561 3359 3360
f 561 3360 3361
f 561 3361 3362
f 561 3362 3363
f 561 3363 3364
f 561 3365 3366
f 561 3364 3365
f 561 3366 3367
f 561 3367 3368
f 561 3369 3370
f 561 3368 3369
f 561 3370 3371
f 561 3372 3373
f 561 3371 3372
f 561 3373 3374
f 561 3375 3376
f 561 3374 3375
f 561 3377 3378
f 561 3376 3377
f 561 3378 3379
f 561 3379 3380
f 561 3380 3381
f 561 3381 3382
f 561 3383 3384
f 561 3382 3383
f 561 3385 3386
f 561 3384 3385
f 561 3386 3387
f 561 3387 3388
f 561 3388 3389
f 561 3389 3390
f 561 3390 3391
f 561 3391 3392
f 561 3392 3393
f 561 3394 3395
f 561 3393 3394
f 561 3396 3397
f 561 3395 3396
f 561 3398 3399
f 561 3397 3398
f 561 3399 3400
f 561 3400 3401
f 561 3402 3403
f 561 3401 3402
f 561 3404 3405
f 561 3403 3404
f 561 3406 3407
f 561 3405 3406
f 561 3407 3408
f 561 3408 3409
f 561 3409 3410
f 561 3410 3411
f 561 3411 3412
f 561 3413 3414
f 561 3412 3413
f 561 3414 3415
f 561 3415 3416
f 561 3416 3417
f 561 3417 3418
f 561 3418 3419
f 561 3419 3420
f 561 3420 3421
f 561 3421 3422
f 561 3422 3423
f 561 3424 3425
f 561 3423 3424
f 561 3425 3426
f 561 3426 3427
f 561 3427 3428
f 561 3428 3429
f 561 3430 3431
f 561 3429 3430
f 561 3431 3432
f 561 3432 3433
f 561 3434 3435
f 561 3433 3434
f 561 3435 3436
f 561 3437 3438
f 561 3436 3437
f 561 3439 3440
f 561 3438 3439
f 561 3441 3442
f 561 3440 3441
f 561 3442 3443
f 561 3443 3444
f 561 3444 3445
f 561 3446 3447
f 561 3448 3446
f 561 3445 3448
f 561 3447 3449
f 561 3449 3450
f 561 3450 3451
f 561 3451 3452
f 561 3452 3453
f 561 3453 3454
f 561 3454 3455
f 561 3455 3456
f 561 3456 3457
f 561 3458 3459
f 561 3457 3458
f 561 3459 3460
f 561 3461 3462
f 561 3460 3461
f 561 3462 3463
f 561 3463 3464
f 874 3465 3466
f 874 3466 3278
f 874 3467 3465
f 874 3468 3467
f 874 1243 3468
f 1251 3469 1243
f 1251 3470 3469
f 1251 3471 3470
f 1251 3472 3471
f 1251 3473 3472
f 1251 3474 3473
f 1251 3475 3476
f 1251 3476 3474
f 1251 1253 3475
f 1266 3477 3478
f 1266 3478 1253
f 1266 3479 3477
f 1266 3480 3481
f 1266 3481 3479
f 3482 3483 3484
f 1266 3482 3484
f 3485 3486 3484
f 3483 3485 3484
f 3487 3488 3484
f 3486 3487 3484
f 1266 3489 3490
f 1266 3490 3480
f 1266 3491 3492
f 1266 3492 3489
f 1266 3484 3491
f 3493 3494 3484
f 3493 3495 3494
f 3493 3496 3497
f 3493 3497 3495
f 3493 3498 3496
f 3493 3499 3500
f 3493 3500 3498
f 3493 3501 3502
f 3493 3502 3499
f 3493 3503 3501
f 3504 3505 3503
f 3504 3506 3505
f 3504 3507 3508
f 3504 3508 3506
f 3504 3509 3507
f 3504 3510 3511
f 3504 3511 3509
f 3504 3512 3510
f 3504 3513 3514
f 3504 3514 3512
f 3504 3515 3513
f 3488 3516 3484
f 3517 3518 3484
f 3516 3517 3484
f 3518 3493 3484
f 3519 3520 3503
f 3493 3519 3503
f 3520 3521 3503
f 3521 3522 3503
f 3523 3524 3503
f 3522 3523 3503
f 3524 3525 3503
f 3526 3527 3503
f 3525 3526 3503
f 3527 3504 3503
f 3528 3529 3530
f 3504 3528 3530
f 3530 3529 3531
f 3530 3531 3532
f 3530 3532 3533
f 3530 3533 3534
f 3530 3534 3535
f 3530 3535 3536
f 3530 3536 3537
f 3537 3538 3539
f 3540 3541 3539
f 3538 3540 3539
f 3541 3542 3539
f 3542 3543 3539
f 3543 3544 3539
f 3544 3545 3539
f 3546 3547 3539
f 3545 3546 3539
f 3548 3549 3539
f 3547 3548 3539
f 3549 3550 3539
f 3551 3552 3539
f 3550 3551 3539
f 3504 3553 3554
f 3504 3554 3515
f 3504 3530 3553
f 3530 3537 3555
f 3555 3537 3556
f 3556 3537 3557
f 3557 3537 3558
f 3537 3559 3558
f 3537 3560 3561
f 3537 3561 3559
f 3537 3539 3562
f 3537 3562 3560
f 3552 3563 3539
f 3552 3564 3563
f 3552 3565 3564
f 3552 3566 3565
f 3552 3567 3568
f 3552 3568 3566
f 3552 3569 3570
f 3552 3570 3567
f 3552 3571 3572
f 3573 3574 3572
f 3571 3573 3572
f 3574 3575 3572
f 3575 3576 3572
f 3577 3578 3572
f 3576 3577 3572
f 3578 3579 3572
f 3580 3581 3572
f 3579 3580 3572
f 3552 3572 3582
f 3552 3582 3569
f 3581 3583 3584
f 3581 3584 3572
f 3581 3585 3583
f 3581 3586 3585
f 3581 3587 3586
f 3581 3588 3587
f 3581 3589 3590
f 3581 3590 3588
f 3581 3591 3589
f 3581 3592 3593
f 3581 3593 3591
f 3581 3594 3592
f 3581 3595 3594
f 3581 3596 3595
f 3597 3598 3599
f 3596 3598 3597
f 3581 3600 3596
f 3601 3602 3596
f 3600 3601 3596
f 3602 3603 3596
f 3603 3604 3596
f 3605 3606 3596
f 3604 3605 3596
f 3596 3606 3607
f 3596 3608 3609
f 3596 3607 3608
f 3596 3609 3610
f 3596 3611 3612
f 3596 3610 3611
f 3596 3612 3613
f 3596 3613 3614
f 3596 3614 3615
f 3596 3615 3616
f 3596 3616 3617
f 3596 3617 3598
f 3618 3598 3619
f 3618 3619 3620
f 3618 3620 3621
f 3618 3621 3622
f 3618 3622 3623
f 3618 3623 3624
f 3618 3624 3625
f 3618 3625 3626
f 3618 3626 3627
f 3618 3627 3628
f 3618 3629 3630
f 3618 3628 3629
f 3618 3630 3631
f 3618 3631 3632
f 3599 3598 3633
f 3634 3598 3635
f 3633 3598 3634
f 3635 3598 3636
f 3636 3598 3637
f 3637 3598 3638
f 3639 3598 3640
f 3638 3598 3639
f 3641 3598 3642
f 3640 3598 3641
f 3642 3598 3643
f 3643 3598 3644
f 3644 3598 3645
f 3645 3598 3646
f 3646 3598 3647
f 3647 3598 3648
f 3648 3598 3618
f 3618 3632 3649
f 3649 3632 3650
f 3650 3632 3651
f 3651 3632 3652
f 3652 3632 3653
f 3654 3632 3655
f 3653 3632 3654
f 3656 3632 3657
f 3655 3632 3656
f 3657 3632 3658
f 3658 3659 3660
f 3658 3632 3659
f 3658 3660 3661
f 3658 3661 3662
f 3658 3662 3663
f 3658 3663 3664
f 3658 3665 3666
f 3658 3664 3665
f 3658 3666 3667
f 3658 3667 3668
f 3658 3668 3669
f 3669 3668 3670
f 3670 3668 3671
f 3671 3668 3672
f 3672 3668 3673
f 3673 3668 3674
f 3674 3668 3675
f 3675 3668 3676
f 3677 3668 3678
f 3676 3668 3677
f 3678 3668 3679
f 3680 3668 3681
f 3679 3668 3680
f 3681 3668 3682
f 3682 3683 3684
f 3685 3683 3686
f 3684 3683 3685
f 3686 3683 3687
f 3687 3683 3688
f 3682 3689 3690
f 3682 3668 3689
f 3682 3690 3691
f 3682 3692 3693
f 3682 3691 3692
f 3682 3693 3694
f 3682 3695 3696
f 3682 3694 3695
f 3682 3696 3697
f 3682 3698 3699
f 3682 3700 3698
f 3682 3697 3700
f 3682 3699 3701
f 3682 3701 3702
f 3682 3702 3703
f 3682 3703 3704
f 3682 3704 3705
f 3682 3705 3706
f 3682 3706 3683
f 3683 3707 3708
f 3707 3709 3708
f 3710 3711 3708
f 3709 3710 3708
f 3711 3712 3708
f 3712 3713 3708
f 3713 3714 3708
f 3714 3715 3708
f 3715 3716 3708
f 3716 3717 3708
f 3717 3718 3708
f 3718 3719 3708
f 3720 3721 3708
f 3719 3720 3708
f 3688 3683 3722
f 3722 3683 3723
f 3724 3683 3725
f 3726 3683 3724
f 3723 3683 3726
f 3725 3683 3727
f 3683 3728 3729
f 3727 3683 3729
f 3683 3730 3728
f 3683 3731 3730
f 3683 3732 3731
f 3683 3733 3732
f 3683 3708 3734
f 3683 3734 3733
f 3721 3735 3736
f 3721 3736 3708
f 3721 3737 3735
f 3721 3738 3737
f 3721 3739 3738
f 3721 3740 3739
f 3721 3741 3740
f 3721 3742 3741
f 3721 3743 3742
f 3721 3744 3745
f 3721 3745 3743
f 3721 3746 3744
f 3721 3747 3748
f 3747 3749 3748
f 3749 3750 3748
f 3750 3751 3748
f 3751 3752 3748
f 3753 3754 3748
f 3752 3753 3748
f 3754 3755 3748
f 3756 3757 3748
f 3758 3756 3748
f 3755 3758 3748
f 3759 3760 3748
f 3757 3759 3748
f 3721 3761 3746
f 3721 3748 3761
f 3762 3763 3764
f 3748 3763 3762
f 3764 3763 3765
f 3765 3763 3766
f 3766 3763 3767
f 3767 3763 3768
f 3768 3763 3769
f 3769 3763 3770
f 3770 3763 3771
f 3772 3773 3774
f 3771 3773 3772
f 3774 3773 3775
f 3776 3773 3777
f 3775 3773 3776
f 3778 3773 3779
f 3777 3773 3778
f 3780 3773 3781
f 3779 3773 3780
f 561 3782 3783
f 561 3464 3782
f 561 3783 3784
f 561 3785 3786
f 561 3784 3785
f 561 3786 3787
f 561 3788 3789
f 561 3787 3788
f 561 3790 3791
f 561 3789 3790
f 561 3791 3792
f 561 3792 3793
f 561 3793 3794
f 561 3794 3795
f 561 3795 3796
f 561 3796 3797
f 561 3797 3798
f 561 3798 3799
f 561 3799 3800
f 561 3801 3802
f 561 3800 3801
f 561 3803 3804
f 561 3802 3803
f 561 3804 3805
f 561 3805 3806
f 561 3806 3807
f 561 3807 3808
f 561 3808 3809
f 561 3809 3810
f 561 3810 3811
f 561 3812 3813
f 561 3811 3812
f 561 3813 3814
f 561 3815 3816
f 561 3814 3815
f 561 3817 3818
f 561 3816 3817
f 561 3818 3819
f 561 3820 3821
f 561 3819 3820
f 561 3821 3822
f 561 3823 3824
f 561 3822 3823
f 561 3824 3825
f 561 3826 3827
f 561 3825 3826
f 561 3828 3829
f 561 3827 3828
f 561 3829 3830
f 561 3830 3831
f 561 3831 3832
f 561 3832 3833
f 561 3833 3834
f 561 3834 3835
f 561 3835 3836
f 561 3837 3838
f 561 3836 3837
f 561 3838 3839
f 561 3839 3840
f 561 3840 3841
f 561 3842 3843
f 561 3841 3842
f 561 3844 3845
f 561 3843 3844
f 561 3845 3846
f 561 3846 3847
f 3848 3849 3850
f 3850 3849 3851
f 3848 3852 3849
f 2532 2580 3848
f 3848 3853 3852
f 3848 3854 3853
f 3848 3855 3854
f 3848 2580 3855
f 3856 3857 3858
f 3856 3859 3857
f 3856 3860 3859
f 2580 3861 3856
f 3856 3862 3860
f 3856 3863 3862
f 3856 3864 3863
f 3856 3865 3864
f 3856 3861 3865
f 3861 3866 3867
f 3861 3868 3866
f 3861 3869 3868
f 3861 3870 3869
f 3861 3871 3870
f 3861 3872 3871
f 3861 3873 3872
f 2580 2675 3861
f 3861 3874 3873
f 3861 3875 3874
f 3861 2675 3875
f 3876 3877 3878
f 3875 3879 3880
f 3880 3879 3881
f 3876 3882 3877
f 3876 3883 3882
f 3876 3884 3883
f 3881 3879 3876
f 3876 3885 3884
f 3876 3886 3885
f 3876 3887 3886
f 3876 3888 3887
f 3876 3879 3888
f 3875 2675 3879
f 2573 2675 2580
f 2675 3889 3890
f 2675 3891 3889
f 2675 3892 3891
f 2675 3893 3892
f 2675 3894 3893
f 2675 3895 3894
f 2675 3896 3895
f 2675 3897 3896
f 3898 3899 3900
f 3898 3901 3899
f 3898 3902 3901
f 3897 3903 3904
f 3904 3903 3898
f 3898 3905 3902
f 2675 3906 3897
f 3898 3907 3905
f 3898 3908 3907
f 3898 3903 3908
f 3903 3909 3910
f 3903 3911 3909
f 3760 3912 3748
f 3912 3913 3748
f 3748 3914 3915
f 3913 3914 3748
f 3748 3915 3916
f 3748 3916 3917
f 3748 3917 3763
f 3771 3763 3918
f 3771 3918 3919
f 3771 3919 3920
f 3771 3920 3921
f 3771 3922 3923
f 3771 3921 3922
f 3771 3923 3924
f 3771 3925 3773
f 3771 3924 3925
f 3926 3773 3927
f 3926 3927 3928
f 3926 3928 3929
f 3926 3930 3931
f 3926 3929 3930
f 3926 3931 3932
f 3926 3932 3933
f 3926 3933 3934
f 3926 3934 3935
f 3926 3935 3936
f 3926 3936 3937
f 3926 3937 3938
f 3926 3938 3939
f 3926 3939 3940
f 2668 2695 2675
f 2695 3906 2675
f 2695 3941 3906
f 3897 3906 3903
f 3903 3942 3911
f 3903 3943 3942
f 3903 3944 3943
f 3903 3945 3944
f 3903 3946 3945
f 3903 3947 3946
f 3903 3948 3947
f 3903 3949 3948
f 3903 3950 3949
f 3903 3951 3950
f 3903 3906 3951
f 3906 3952 3953
f 3953 3952 3954
f 3954 3952 3955
f 3906 3956 3952
f 3906 3957 3956
f 3906 3958 3957
f 3906 3959 3958
f 3906 3960 3959
f 3906 3941 3960
f 2695 3961 3941
f 3961 3962 3941
f 3962 3963 3941
f 3963 3964 3941
f 3964 3965 3941
f 3966 3967 3941
f 3965 3966 3941
f 3967 3968 3941
f 3941 3969 3970
f 3941 3970 3960
f 3969 3971 3972
f 3973 3974 3972
f 3971 3973 3972
f 3974 3975 3972
f 3976 3977 3972
f 3975 3976 3972
f 3969 3972 3978
f 3969 3978 3979
f 3969 3979 3970
f 3980 3981 3982
f 3977 3980 3972
f 3980 3982 3972
f 3983 3984 3985
f 3983 3985 3986
f 3983 3986 3987
f 3983 3987 3988
f 3983 3988 3989
f 3970 3990 3960
f 3970 3991 3990
f 3991 3992 3990
f 3992 3993 3990
f 3993 3994 3990
f 3994 3995 3990
f 3995 3996 3990
f 3996 3997 3990
f 3997 3998 3990
f 3998 3999 3990
f 3999 3983 3990
f 3983 4000 3990
f 4001 4002 4003
f 4001 4004 4002
f 4001 4005 4004
f 4001 4006 4005
f 3960 4007 4001
f 4001 4008 4006
f 4001 4009 4008
f 4001 4010 4009
f 4001 4007 4010
f 4007 4011 4012
f 4012 4011 4013
f 4013 4011 4014
f 4014 4011 4015
f 3960 3990 4007
f 4015 4011 4016
f 4007 4017 4011
f 4018 4011 4019
f 4016 4011 4018
f 4019 4011 4020
f 4007 3990 4017
f 4021 4022 4023
f 4021 4024 4022
f 4017 4025 4026
f 4021 4027 4024
f 4026 4025 4028
f 4028 4025 4021
f 4021 4029 4027
f 4021 4030 4029
f 4021 4031 4030
f 4021 4032 4031
f 4021 4033 4032
f 4021 4025 4033
f 4017 3990 4025
f 4034 4035 4036
f 3990 4035 4034
f 4036 4035 4037
f 4038 4035 4039
f 4037 4035 4038
f 4040 4041 4042
f 4039 4035 4040
f 4040 4035 4041
f 3990 4043 4035
f 4035 4044 4045
f 4035 4046 4044
f 4035 4047 4046
f 4035 4048 4047
f 4035 4049 4048
f 4035 4050 4049
f 4035 4051 4050
f 4035 4052 4051
f 4035 4053 4052
f 4053 4054 4055
f 4053 4056 4054
f 4057 3773 4058
f 4059 3773 4057
f 3781 3773 4059
f 4058 3773 4060
f 4061 3773 4062
f 4060 3773 4061
f 4062 3773 4063
f 4063 3773 4064
f 4064 3773 4065
f 4065 3773 4066
f 4066 3773 3926
f 4067 3940 4068
f 3926 3940 4067
f 4068 3940 4069
f 4069 3940 4070
f 4070 3940 4071
f 4071 3940 4072
f 4072 3940 4073
f 4073 3940 4074
f 4075 3940 4076
f 4074 3940 4075
f 4077 3940 4078
f 4076 3940 4077
f 4078 3940 4079
f 4079 3940 4080
f 4080 4081 4082
f 4080 3940 4081
f 4080 4082 4083
f 4080 4083 4084
f 4080 4084 4085
f 4080 4085 4086
f 4080 4087 4088
f 4080 4086 4087
f 4080 4088 4089
f 4080 4090 4091
f 4080 4092 4090
f 4080 4089 4092
f 4080 4091 4093
f 4080 4094 4095
f 4080 4093 4094
f 4080 4096 4097
f 4098 4096 4099
f 4097 4096 4098
f 4099 4096 4100
f 4101 4096 4102
f 4100 4096 4101
f 4080 4095 4103
f 4080 4104 4105
f 4080 4103 4104
f 4080 4105 4106
f 4080 4106 4096
f 4102 4107 4108
f 4102 4096 4107
f 4102 4108 4109
f 4102 4110 4111
f 4102 4109 4110
f 4102 4111 4112
f 4102 4113 4114
f 4102 4112 4113
f 4102 4114 4115
f 4102 4116 4117
f 4102 4118 4116
f 4102 4115 4118
f 4102 4117 4119
f 4102 4119 4120
f 4102 4120 4121
f 4102 4121 4122
f 4102 4122 4123
f 4102 4123 4124
f 4102 4124 4125
f 4102 4125 4126
f 4102 4126 4127
f 4102 4128 4129
f 4102 4127 4128
f 4102 4129 4130
f 4102 4130 4131
f 4102 4131 4132
f 4102 4132 4133
f 4102 4133 4134
f 4102 4134 4135
f 4102 4135 4136
f 4102 4136 4137
f 4102 4138 4139
f 4102 4140 4138
f 4102 4137 4140
f 4102 4141 4142
f 4102 4139 4141
f 4102 4142 4143
f 4102 4143 4144
f 4102 4145 4146
f 4102 4144 4145
f 4102 4146 4147
f 4102 4147 4148
f 4102 4148 4149
f 3847 4102 4150
f 4102 4149 4150
f 3983 3989 4151
f 3983 4151 4152
f 3983 4152 4000
f 4000 4153 4154
f 4153 4155 4154
f 4156 4157 4154
f 4155 4156 4154
f 4157 4158 4154
f 4159 4160 4154
f 4158 4159 4154
f 4160 4161 4154
f 4161 4162 4154
f 4162 4163 4154
f 4000 4154 4164
f 4163 4165 4154
f 4166 4167 4154
f 4165 4166 4154
f 4000 4043 3990
f 4154 4168 4164
f 4000 4164 4043
f 4169 4170 4164
f 4168 4169 4164
f 4171 4172 4164
f 4170 4171 4164
f 4172 4173 4164
f 4173 4174 4164
f 4174 4175 4164
f 4175 4176 4164
f 4177 4178 4179
f 4164 4180 4181
f 4180 4177 4181
f 4177 4179 4182
f 4177 4182 4181
f 4164 4181 4183
f 4164 4183 4184
f 4164 4184 4185
f 4164 4185 4043
f 4043 4186 4187
f 4186 4188 4187
f 4188 4189 4187
f 4189 4190 4187
f 4190 4191 4187
f 4191 4192 4187
f 4192 4193 4194
f 4192 4194 4187
f 4195 4196 4197
f 4198 4199 4197
f 4196 4198 4197
f 4199 4200 4197
f 4200 4201 4197
f 4202 4203 4204
f 4204 4203 4205
f 4206 4207 4208
f 4035 4043 4053
f 4053 4187 4056
f 4053 4043 4187
f 4056 4187 4209
f 4056 4209 4210
f 4056 4210 4211
f 4056 4211 4212
f 4056 4212 4213
f 4187 4195 4209
f 4201 4214 4197
f 4195 4197 4215
f 4214 4216 4197
f 4216 4217 4197
f 4195 4215 4218
f 4195 4218 4209
f 4217 4219 4197
f 4220 559 4221
f 4056 559 4220
f 4222 559 4223
f 4221 559 4222
f 4223 559 4224
f 4224 559 4225
f 4225 559 4226
f 4226 559 4227
f 4228 559 4229
f 4227 559 4228
f 4230 4231 4213
f 4230 4213 4232
f 4233 4213 4231
f 4234 4205 4235
f 4236 4235 4205
f 4236 4205 4237
f 4237 4205 4233
f 4202 4204 4238
f 4204 4205 4234
f 4233 4205 4239
f 4229 559 4240
f 4240 559 4241
f 4056 4213 559
f 4241 559 4242
f 4242 559 4243
f 4243 559 4244
f 4244 559 4245
f 4246 559 4247
f 4248 559 4246
f 4245 559 4248
f 4249 559 4250
f 3250 559 4249
f 4250 559 3181
f 3181 559 3190
f 3190 559 4251
f 4251 559 4252
f 4253 559 4254
f 4252 559 4253
f 4255 559 4256
f 4254 559 4255
f 4257 559 4258
f 4256 559 4257
f 4259 559 4260
f 4261 559 4259
f 4258 559 4261
f 4260 559 4262
f 4262 559 4263
f 4263 559 4264
f 4264 559 4265
f 4265 559 4266
f 4266 559 4267
f 4267 559 4268
f 4269 559 4270
f 4268 559 4269
f 4270 559 4271
f 4271 559 4272
f 4272 559 4273
f 4273 559 4274
f 4275 559 4276
f 4277 559 4278
f 4275 4278 559
f 4276 559 4279
f 4279 559 4280
f 4281 4282 559
f 4283 559 4284
f 4281 559 4283
f 4285 559 4239
f 4285 4284 559
f 4286 4287 559
f 4286 559 4288
f 4289 4280 559
f 4289 559 4290
f 4290 559 4291
f 4291 559 4292
f 4293 4294 559
f 4292 559 4295
f 4294 4295 559
f 4293 559 4287
f 4206 559 4207
f 4296 4297 559
f 4296 559 4282
f 4297 4207 559
f 4298 4288 559
f 4298 559 4299
f 4206 4299 559
f 4233 559 4213
f 4233 4239 559
f 4274 559 4300
f 4300 559 4301
f 4301 559 4302
f 4302 559 4303
f 4304 559 4305
f 4303 559 4304
f 4305 559 4306
f 4307 559 4308
f 4306 559 4307
f 4308 559 4309
f 4310 4311 559
f 4310 559 4277
f 4312 4313 559
f 4312 559 4311
f 4314 4315 559
f 4314 559 4316
f 4309 559 4315
f 4316 559 4313
f 4317 4150 4318
f 4149 4318 4150
f 4319 4320 4150
f 4321 4319 4150
f 4317 4321 4150
f 4320 4322 4150
f 4323 4324 4150
f 4323 4150 4322
f 4325 4326 4150
f 4324 4325 4150
f 4326 4327 4150
f 4327 4328 4150
f 4329 4150 4330
f 4331 4150 4332
f 4329 4332 4150
f 4333 4334 4150
f 4334 4335 4150
f 4331 4333 4150
f 4336 4337 4150
f 4335 4336 4150
f 4337 4338 4150
f 4339 4150 4340
f 4341 4340 4150
f 4328 4341 4150
f 4339 4330 4150
f 4342 4150 4343
f 4344 4345 4150
f 4346 4150 4347
f 4347 4150 4345
f 4348 4344 4150
f 4348 4150 4342
f 4346 4349 4150
f 4350 4351 4150
f 4349 4350 4150
f 4351 4352 4150
f 4353 4354 4150
f 4352 4353 4150
f 4338 4355 4150
f 4356 4150 4357
f 4358 4359 4150
f 4358 4150 4360
f 4359 4357 4150
f 4360 4150 4361
f 4361 4150 4355
f 4362 4363 4150
f 4356 4362 4150
f 4343 4150 4364
f 4363 4364 4150
f 4365 4150 4366
f 4367 4247 4150
f 4368 4367 4150
f 4365 4368 4150
f 4354 4369 4150
f 4369 4370 4150
f 4371 4150 4372
f 4372 4150 4370
f 4371 4366 4150
f 4247 559 4150
f 2192 561 4373
f 561 3847 4150
f 561 4150 4374
f 561 4375 4376
f 561 4374 4375
f 561 4377 4378
f 561 4376 4377
f 561 4378 4379
f 561 4379 4380
f 561 4381 4382
f 561 4380 4381
f 561 4382 4383
f 561 4383 4384
f 561 4384 4385
f 561 4385 4386
f 561 4386 4387
f 561 4387 4388
f 561 4388 4389
f 561 4389 4390
f 561 4390 4391
f 561 4392 4393
f 561 4391 4392
f 561 4393 4394
f 561 4394 4395
f 561 4395 4396
f 561 4396 4397
f 561 4397 4398
f 561 4398 4399
f 561 4399 4400
f 561 4400 4401
f 561 4401 4402
f 561 4402 4403
f 561 4403 4404
f 561 4404 4405
f 561 4405 4406
f 561 4406 4407
f 561 4407 4408
f 561 4409 4410
f 561 4408 4409
f 561 4410 4411
f 561 4411 4412
f 561 4412 4413
f 561 4413 4414
f 561 4415 4416
f 561 4414 4415
f 561 4416 4417
f 561 4418 4419
f 561 4420 4418
f 561 4417 4420
f 561 4419 4421
f 561 4421 4422
f 561 4422 4423
f 561 4423 4424
f 561 4424 4425
f 561 4426 4427
f 561 4425 4426
f 561 4428 4429
f 561 4430 4428
f 561 4427 4430
f 561 4431 4432
f 561 4429 4431
f 561 4433 4434
f 561 4432 4433
f 561 4434 4435
f 561 4435 4436
f 561 4437 4438
f 561 4439 4437
f 561 4436 4439
f 561 4438 4440
f 561 4440 4441
f 561 4441 4442
f 561 4442 4443
f 561 4444 4445
f 561 4443 4444
f 561 4445 4446
f 561 4447 4448
f 561 4449 4447
f 561 4446 4449
f 561 4448 4450
f 561 4450 4451
f 561 4452 4453
f 561 4451 4452
f 561 4454 4455
f 561 4453 4454
f 561 4455 4456
f 561 4457 4458
f 561 4456 4457
f 561 4458 4459
f 561 4460 4461
f 561 4459 4460
f 561 4462 4463
f 561 4461 4462
f 561 4463 4464
f 561 4465 4466
f 561 4464 4465
f 561 4466 4467
f 561 4467 4468
f 561 4468 4469
f 561 4469 4470
f 561 4470 4471
f 561 4471 4472
f 561 4472 4473
f 561 4473 4474
f 561 4474 4475
f 561 4475 4476
f 561 4476 4477
f 561 4477 4478
f 561 4479 4480
f 561 4478 4479
f 561 4480 4481
f 561 4481 4482
f 561 4482 4483
f 561 4484 4485
f 561 4483 4484
f 561 4485 4486
f 561 4486 4487
f 561 4487 4488
f 561 4489 4490
f 561 4488 4489
f 561 4490 4491
f 561 4492 4493
f 561 4491 4492
f 561 4493 4494
f 1 1382 4495
f 1 4495 1405
f 4496 4497 4498
f 4496 4498 4499
f 4500 4501 4502
f 4503 4502 4501
f 4504 4505 4506
f 4507 4508 4509
f 4510 4511 4512
f 4512 4511 4513
f 4505 4514 4506
f 4515 4516 4517
f 4518 4515 4517
f 4519 4520 4521
f 4522 4521 4520
f 4523 4524 4525
f 4526 4524 4527
f 4523 4527 4524
f 4528 4529 4530
f 4531 4532 4533
f 4534 4531 4533
f 4532 4535 4533
f 4536 4537 4538
f 4536 4539 4537
f 3213 2982 559
f 4540 4541 4542
f 4543 4544 4541
f 4543 4541 4545
f 4542 4541 4544
f 4546 4545 4541
f 4546 4541 4547
f 4547 4541 4548
f 4549 4541 4550
f 4551 4550 4541
f 4552 4551 4541
f 4552 4541 4553
f 4554 4553 4541
f 4554 4541 4555
f 4555 4541 4556
f 4556 4541 4557
f 4558 4559 4541
f 4560 4541 4561
f 4559 4561 4541
f 4557 4541 4560
f 4562 4563 4541
f 4562 4541 4549
f 4564 4541 4565
f 4563 4565 4541
f 4566 4567 4541
f 4568 4566 4541
f 4568 4541 4569
f 4570 4569 4541
f 4570 4541 4571
f 4571 4541 4572
f 4573 4572 4541
f 4573 4541 4574
f 4567 4558 4541
f 4574 4541 4575
f 4575 4541 4576
f 4577 4576 4541
f 4578 4577 4541
f 4540 4578 4541
f 4548 4541 4579
f 4579 4541 4580
f 4581 4541 4582
f 4582 4541 4583
f 4584 4585 4541
f 4586 4583 4541
f 4587 4586 4541
f 4587 4541 4588
f 4588 4541 4585
f 4589 4541 4590
f 4580 4541 4591
f 4589 4591 4541
f 4581 4590 4541
f 4592 4541 4593
f 4584 4541 4594
f 4594 4541 4595
f 4595 4541 4596
f 4597 4541 4598
f 4598 4541 4592
f 4597 4596 4541
f 4599 4541 4600
f 4601 4541 4602
f 4601 4593 4541
f 4602 4541 4603
f 4603 4541 4599
f 4600 4541 4604
f 4604 4541 4605
f 4605 4541 4606
f 4606 4541 4607
f 4607 4541 4608
f 4608 4541 4609
f 4609 4541 4610
f 4610 4541 4611
f 4611 4541 4612
f 4612 4541 4613
f 4613 4541 4614
f 4614 4541 4615
f 4615 4541 4616
f 4616 4541 4617
f 4617 4541 4618
f 4618 4541 4619
f 4619 4541 4620
f 4620 4541 4621
f 4621 4541 4622
f 4622 4541 4623
f 4623 4541 4624
f 4624 4541 4625
f 4625 4541 4626
f 4626 4541 4627
f 4628 4627 4541
f 4628 4541 4629
f 4629 4541 4630
f 4630 4541 4631
f 4631 4541 4632
f 4632 4541 4633
f 4633 4541 4634
f 4634 4541 4635
f 4635 4541 4636
f 4636 4541 4637
f 4637 4541 4638
f 4638 4541 4639
f 4639 4541 4640
f 4641 4640 4541
f 4641 4541 4642
f 4642 4541 4643
f 4643 4541 4644
f 4644 4541 4645
f 4645 4541 4646
f 4646 4541 4647
f 4647 4541 4648
f 4648 4541 4649
f 4649 4541 4650
f 4650 4541 4651
f 4651 4541 4652
f 4653 4654 4655
f 4656 4657 4658
f 4656 4658 4659
f 4660 4661 4659
f 4661 4660 4662
f 4662 4663 4664
f 4664 4663 4665
f 4666 4659 4661
f 4666 4656 4659
f 4663 4662 4660
f 4665 4663 4667
f 4668 4669 4670
f 4671 4672 4673
f 4674 4675 4673
f 4669 4668 4675
f 4670 4676 4677
f 4677 4676 4678
f 4679 4680 4681
f 4682 4683 4684
f 4685 4681 4686
f 4686 4687 4688
f 4689 4680 4679
f 4679 4681 4685
f 4688 4683 4682
f 4687 4686 4681
f 4683 4688 4687
f 4690 4684 4683
f 4691 4692 4693
f 4694 4695 4696
f 4697 4698 4699
f 4700 4701 4697
f 4700 4702 4701
f 4702 4703 4704
f 4699 4695 4694
f 4698 4697 4701
f 4702 4704 4701
f 4695 4699 4698
f 4705 4696 4695
f 4706 4707 4708
f 4706 4655 4707
f 4654 4707 4655
f 4709 4707 4710
f 4711 4707 4709
f 4708 4707 4711
f 4710 4707 4712
f 4665 4667 4707
f 4665 4707 4713
f 4713 4707 4714
f 4714 4707 4654
f 4715 4716 4717
f 4718 4716 4719
f 4719 4716 4715
f 4504 4716 4718
f 4504 4506 4716
f 4674 4669 4675
f 4674 4673 4672
f 4676 4670 4669
f 4720 4678 4676
f 4678 4721 4722
f 4684 4707 4723
f 4723 4707 4724
f 4724 4707 4693
f 4725 4726 4727
f 4728 4729 4730
f 4731 4728 4730
f 4730 4732 4733
f 4733 4726 4734
f 4734 4726 4735
f 4735 4726 4725
f 4727 4726 4720
f 4720 4721 4678
f 4722 4736 4705
f 4737 4730 4729
f 4732 4730 4737
f 4726 4733 4732
f 4720 4726 4721
f 4690 4707 4684
f 4696 4707 4738
f 4738 4707 4690
f 4739 4740 4741
f 4742 4743 4744
f 4745 4743 4742
f 4741 4743 4745
f 4746 4747 4748
f 4748 4747 4739
f 4746 4749 4747
f 4740 4739 4747
f 4743 4741 4740
f 4744 4743 4750
f 4750 4743 4721
f 4705 4707 4696
f 4721 4736 4722
f 4751 4707 4752
f 4753 4707 4754
f 4752 4707 4755
f 4755 4707 4753
f 4756 4707 4751
f 4691 4707 4756
f 4691 4693 4707
f 4754 4707 4667
f 4757 4716 4758
f 4510 4512 4716
f 4759 4716 4760
f 4761 4760 4716
f 4507 4716 4759
f 4507 4509 4716
f 4762 4716 4763
f 4761 4716 4764
f 4764 4716 4762
f 4763 4716 4765
f 4765 4716 4512
f 4766 4716 4767
f 4766 4768 4716
f 4769 4716 4770
f 4770 4716 4771
f 4767 4716 4769
f 4510 4716 4768
f 4771 4716 4506
f 4758 4716 4772
f 4772 4716 4509
f 4712 4716 4757
f 4721 4743 4736
f 4705 4736 4707
f 4773 4774 4775
f 4776 4774 4777
f 4777 4774 4773
f 4775 4774 4778
f 4778 4774 4736
f 4779 4780 4781
f 4779 4782 4783
f 4783 4784 4776
f 4779 4781 4782
f 4784 4783 4782
f 4774 4776 4784
f 4736 4774 4707
f 4707 4716 4712
f 4785 4786 4787
f 4788 4789 4785
f 4788 4785 4790
f 4791 4792 4793
f 4787 4786 4792
f 4785 4787 4790
f 4787 4792 4791
f 4791 4793 4794
f 4795 4793 4758
f 4794 4793 4795
f 4757 4758 4793
f 4796 4716 4797
f 4797 4716 4798
f 4798 4716 4799
f 4799 4716 4800
f 4800 4716 4801
f 4802 4497 4716
f 4801 4716 4496
f 4496 4716 4497
f 4803 4716 4804
f 4804 4716 4805
f 4805 4716 4806
f 4806 4716 4807
f 4807 4716 4808
f 4808 4716 4564
f 4802 4716 4809
f 4810 4716 4803
f 4809 4716 4810
f 4811 4716 4812
f 4812 4716 4813
f 4813 4716 4814
f 4814 4716 4815
f 4815 4716 4528
f 4529 4716 4816
f 4528 4716 4529
f 4817 4716 4535
f 4818 4533 4716
f 4819 4716 4820
f 4820 4716 4821
f 4818 4716 4819
f 4535 4716 4533
f 4822 4716 4823
f 4816 4716 4824
f 4824 4716 4822
f 4823 4716 4825
f 4825 4716 4817
f 4518 4517 4716
f 4826 4716 4827
f 4828 4716 4829
f 4829 4716 4830
f 4827 4716 4828
f 4503 4716 4826
f 4831 4716 4501
f 4503 4501 4716
f 4832 4716 4833
f 4833 4716 4834
f 4834 4716 4835
f 4835 4716 4836
f 4836 4716 4831
f 4832 4518 4716
f 4837 4838 4716
f 4519 4716 4838
f 4519 4521 4716
f 4839 4716 4840
f 4840 4716 4841
f 4837 4716 4839
f 4841 4716 4842
f 4842 4716 4517
f 4717 4716 4843
f 4843 4716 4844
f 4844 4716 4521
f 4830 4716 4811
f 4845 4716 4846
f 4846 4716 4847
f 4847 4716 4848
f 4849 4850 4716
f 4524 4716 4850
f 4526 4716 4524
f 4821 4716 4851
f 4851 4716 4526
f 4849 4716 4852
f 4852 4716 4845
f 4848 4716 4853
f 4853 4716 4854
f 4854 4716 4537
f 4855 4716 4856
f 4855 4538 4716
f 4856 4716 4857
f 4857 4716 4796
f 4537 4716 4538
f 4564 4716 4541
f 4858 4859 4860
f 4860 4859 4861
f 4862 4863 4864
f 4864 4863 4865
f 4862 4866 4863
f 4862 4867 4866
f 4868 4865 4863
f 4865 4868 4858
f 4869 4859 4707
f 4869 4861 4859
f 4859 4858 4868
f 4859 4716 4707
f 4495 4870 1405
f 4495 4871 4870
f 4495 4872 4871
f 4495 4873 4872
f 4495 4874 4873
f 4495 4875 4874
f 4495 4876 4875
f 4495 4877 4876
f 4495 4878 4877
f 4879 4880 4541
f 4879 4541 4881
f 4882 4881 4541
f 4882 4541 4883
f 4716 4883 4541
f 4884 4885 4541
f 4878 4541 4885
f 4884 4541 4880
f 4495 4886 4878
f 1382 4887 4495
f 4878 4886 4541
f 4495 4888 4886
f 4495 4889 4888
f 4495 4890 4891
f 4495 4891 4889
f 4495 4892 4893
f 4495 4893 4890
f 4495 4894 4892
f 4495 4895 4894
f 4495 4896 4895
f 2192 4887 1382
f 4897 4898 4899
f 4899 4898 4900
f 4901 4902 4903
f 4900 4902 4904
f 4905 4906 4902
f 4905 4902 4901
f 4906 4904 4902
f 4907 4902 4908
f 4909 4902 4907
f 4909 4903 4902
f 4908 4902 4910
f 4911 4910 4902
f 4911 4902 4912
f 4912 4902 4913
f 4914 4915 4898
f 4916 4898 4915
f 4916 4917 4898
f 4917 4918 4898
f 4918 4919 4898
f 4919 4920 4898
f 4920 4921 4898
f 4922 4923 4898
f 4924 4925 4898
f 4924 4898 4926
f 4922 4898 4925
f 4923 4927 4898
f 4927 4914 4898
f 4926 4898 4928
f 4928 4898 4929
f 4897 4929 4898
f 4930 4931 4898
f 4931 4932 4898
f 4933 4898 4932
f 4934 4898 4935
f 4934 4930 4898
f 4935 4898 4936
f 4921 4936 4898
f 4937 4938 4898
f 4938 4939 4898
f 4937 4898 4933
f 4939 4940 4898
f 4940 4941 4898
f 4900 4898 4902
f 4902 4942 4913
f 4941 4943 4944
f 4941 4945 4943
f 4941 4946 4947
f 4941 4947 4945
f 4941 4948 4949
f 4941 4950 4948
f 4941 4949 4951
f 4941 4951 4952
f 4941 4952 4953
f 4941 4953 4954
f 4941 4955 4956
f 4941 4954 4955
f 4941 4957 4950
f 4941 4944 4957
f 4941 4958 4959
f 4941 4959 4898
f 4941 4956 4960
f 4941 4960 4961
f 4941 4962 4963
f 4941 4963 4958
f 4941 4961 4962
f 4942 4964 4913
f 4964 4965 4913
f 4966 4967 4913
f 4965 4966 4913
f 4967 4968 4913
f 4968 4969 4913
f 4970 4971 4913
f 4969 4970 4913
f 4971 4972 4913
f 4972 4973 4913
f 4973 4974 4913
f 4974 4975 4913
f 4975 4976 4913
f 4976 4977 4913
f 4977 4978 4913
f 4978 4979 4913
f 4979 4980 4913
f 4981 4982 4913
f 4980 4981 4913
f 4982 4983 4913
f 4913 4984 4985
f 4986 4987 4913
f 4988 4913 4989
f 4989 4913 4990
f 4990 4913 4987
f 4991 4913 4992
f 4991 4986 4913
f 4984 4913 4993
f 4993 4913 4988
f 2192 4373 4887
f 561 4494 4373
f 4985 4994 4995
f 4995 4994 4996
f 4996 4994 4997
f 4997 4994 4998
f 4998 4994 4999
f 4999 4994 5000
f 5000 4994 5001
f 5001 4994 5002
f 5002 4994 5003
f 5003 4994 5004
f 5004 4994 5005
f 5005 4994 5006
f 5006 4994 5007
f 5008 5007 4994
f 5008 5009 5010
f 5010 5011 5012
f 5012 5013 5014
f 5014 5015 5016
f 5016 5017 5018
f 5018 5019 5020
f 5020 5021 5022
f 5022 5023 5024
f 5025 5026 5027
f 5024 5028 5025
f 5027 5026 5029
f 5029 5026 5030
f 5030 5031 5032
f 5032 5033 5034
f 5034 5033 5035
f 5035 5036 5037
f 4985 4984 4994
f 5008 4994 5038
f 5008 5038 5039
f 5008 5040 5041
f 5008 5042 5009
f 5010 5009 5011
f 5008 5041 5042
f 5012 5011 5013
f 5014 5013 5015
f 5016 5015 5017
f 5018 5017 5019
f 5025 5028 5026
f 5020 5019 5021
f 5022 5021 5023
f 5024 5023 5028
f 5030 5026 5031
f 5032 5031 5033
f 5008 5043 5044
f 5008 5045 5046
f 5008 5039 5047
f 5008 5047 5045
f 5008 5046 5048
f 5008 5048 5043
f 5008 5049 5050
f 5008 5050 5040
f 5008 5044 5049
f 5037 5051 5052
f 5052 5051 5053
f 5053 5051 5054
f 5055 5054 5051
f 5055 5051 5056
f 5056 5057 5058
f 5058 5059 5060
f 5060 5061 5062
f 5062 5063 5064
f 5064 5065 5066
f 5066 5067 5068
f 5068 5069 5070
f 5070 5071 5072
f 5072 5073 5074
f 5074 5075 5076
f 5076 5077 5078
f 5074 5073 5075
f 5076 5075 5077
f 5037 5036 5051
f 5056 5051 5079
f 5035 5033 5036
f 5056 5079 5057
f 5058 5057 5059
f 5062 5061 5063
f 5068 5067 5069
f 5064 5063 5065
f 5066 5065 5067
f 5060 5059 5061
f 5070 5069 5071
f 5072 5071 5073
f 4495 4887 4373
f 4941 4886 4946
f 4983 5080 4913
f 4886 5081 4946
f 4886 5082 5081
f 4886 5083 5082
f 4886 5084 5083
f 4886 5085 5084
f 4886 5086 5085
f 4886 5087 5086
f 4886 5088 5087
f 4886 5089 5088
f 4886 5090 5089
f 4886 5091 5090
f 4886 4888 5091
f 4992 4913 5080
f 4983 5092 5080
f 5080 5093 5094
f 5080 5095 5096
f 5080 5097 5095
f 5080 5096 5093
f 5080 5098 5099
f 5080 5100 5098
f 5080 5101 5102
f 5080 5092 5103
f 5080 5103 5101
f 5080 5104 5100
f 5080 5102 5104
f 5080 5105 5106
f 5080 5107 5097
f 5080 5106 5107
f 5080 5108 5105
f 5080 5109 5108
f 5080 5099 5109
f 5080 5094 4896
f 4495 4373 4896
f 4373 5110 5111
f 4373 5112 5110
f 4373 5113 5114
f 4373 5115 5113
f 4373 5116 5115
f 4373 5117 5116
f 4373 4494 5117
f 4373 5118 5112
f 4373 5114 5118
f 4373 5111 5119
f 4373 5120 5121
f 4373 5119 5120
f 4373 5121 5122
f 4373 5080 4896
f 4373 5123 5080
f 4373 5124 5125
f 4373 5126 5127
f 4373 5128 5126
f 4373 5127 5129
f 4373 5130 5128
f 4373 5131 5130
f 4373 5132 5131
f 4373 5133 5132
f 4373 5134 5133
f 4373 5129 5123
f 4373 5135 5134
f 4373 5136 5135
f 4373 5137 5136
f 4373 5138 5137
f 4373 5139 5140
f 4373 5141 5139
f 4373 5140 5142
f 4373 5143 5141
f 4373 5144 5143
f 4373 5145 5144
f 4373 5146 5145
f 4373 5147 5146
f 4373 5148 5147
f 4373 5125 5148
f 4373 5142 5138
f 4373 5149 5150
f 4373 5151 5149
f 4373 5150 5152
f 4373 5153 5154
f 4373 5155 5153
f 4373 5152 5155
f 4373 5154 5156
f 4373 5156 5157
f 4373 5158 5159
f 4373 5160 5161
f 4373 5159 5160
f 4373 5162 5163
f 4373 5161 5162
f 4373 5164 5165
f 4373 5163 5164
f 4373 5166 5167
f 4373 5168 5166
f 4373 5169 5170
f 4373 5171 5169
f 4373 5167 5171
f 4373 5172 5173
f 4373 5157 5172
f 4373 5173 5168
f 4373 5174 5158
f 4373 5175 5174
f 4373 5170 5175
f 4373 5176 5177
f 4373 5178 5179
f 4373 5177 5178
f 4373 5180 5181
f 4373 5182 5183
f 4373 5184 5180
f 4373 5183 5184
f 4373 5185 5124
f 4373 5181 5185
f 4373 5186 5182
f 4373 5187 5186
f 4373 5188 5187
f 4373 5189 5188
f 4373 5190 5191
f 4373 5192 5193
f 4373 5194 5195
f 4373 5191 5194
f 4373 5195 5192
f 4373 5196 5197
f 4373 5198 5190
f 4373 5197 5198
f 4373 5199 5196
f 4373 5179 5199
f 4373 5193 5189
f 4373 5165 5200
f 4373 5201 5202
f 4373 5200 5201
f 4373 5202 5203
f 4373 5203 5204
f 4373 5205 5206
f 4373 5207 5205
f 4373 5208 5207
f 4373 5204 5208
f 4373 5206 5176
f 4373 5209 5210
f 4373 5211 5151
f 4373 5210 5211
f 4373 5212 5209
f 4373 5122 5212
f 5213 9 8
f 5214 10 9
f 5215 5 4
f 5216 4 3
f 5217 3 2
f 5218 2 10
f 5219 11 5
f 5220 7 6
f 5221 8 7
f 5222 264 11
f 5213 8 5221
f 5218 10 5214
f 5213 5214 9
f 5215 5219 5
f 5216 5215 4
f 5217 5216 3
f 5217 2 5218
f 5220 6 5223
f 5220 5221 7
f 5219 5222 11
f 5217 5218 5222
f 5216 5222 5215
f 5217 5222 5216
f 5215 5222 5219
f 5224 1394 264
f 5225 1395 1394
f 5226 1396 1395
f 5227 1397 1396
f 5228 1398 1397
f 5229 1399 1398
f 5230 1400 1399
f 5231 1401 1400
f 5232 1402 1401
f 5233 1403 1402
f 5234 1404 1403
f 5235 1391 1404
f 5236 1406 1391
f 5237 1407 1406
f 5223 6 1405
f 5238 1408 1407
f 5239 1409 1408
f 5240 1410 1409
f 5241 1411 1410
f 5242 1412 1411
f 5243 1413 1412
f 5244 1414 1413
f 5245 1415 1414
f 5246 1416 1415
f 5247 1419 1416
f 5248 1420 1419
f 5249 1421 1420
f 5250 1422 1421
f 5251 1423 1422
f 5252 1424 1423
f 5253 1425 1424
f 5254 1426 1425
f 5255 1427 1426
f 5256 1428 1427
f 5257 1429 1428
f 5258 1430 1429
f 5259 1431 1430
f 5260 1417 1431
f 5261 1432 1417
f 5262 1433 1432
f 5263 1458 1433
f 5264 1459 1458
f 5265 1460 1459
f 5266 1461 1460
f 5267 1462 1461
f 5268 1463 1462
f 5269 1464 1463
f 5270 1465 1464
f 5271 1466 1465
f 5272 1467 1466
f 5273 1468 1467
f 5274 1434 1468
f 5275 1469 1434
f 5276 1436 1469
f 5277 1470 1436
f 5278 1438 1470
f 5279 1440 1438
f 5280 1442 1440
f 5281 1445 1442
f 5282 1471 1445
f 5283 1472 1471
f 5284 1449 1472
f 5285 1494 1449
f 5286 1452 1494
f 5287 1454 1452
f 5288 1495 1454
f 5289 1496 1495
f 5290 1456 1496
f 5291 1497 1456
f 5292 1473 1497
f 5293 1475 1473
f 5294 1498 1475
f 5295 1478 1498
f 5296 1863 1478
f 5297 1484 1863
f 5298 1486 1484
f 5299 1488 1486
f 5300 1490 1488
f 5301 1492 1490
f 5302 1864 1492
f 5303 1499 1864
f 5304 1865 1499
f 5305 1501 1865
f 5306 1503 1501
f 5307 1505 1503
f 5308 1507 1505
f 5309 1512 1507
f 5310 1514 1512
f 5311 1516 1514
f 5312 1519 1516
f 5313 1521 1519
f 5314 1875 1521
f 5315 1523 1875
f 5316 1525 1523
f 5317 1527 1525
f 5318 1530 1527
f 5319 1866 1530
f 5320 1869 1866
f 5321 1871 1869
f 5322 1873 1871
f 5323 1876 1873
f 5324 1877 1876
f 5325 1878 1877
f 5326 1880 1878
f 5327 1881 1880
f 5328 1883 1881
f 5329 1885 1883
f 5330 1890 1885
f 5331 1930 1890
f 5332 1893 1930
f 5333 1895 1893
f 5334 1931 1895
f 5335 1932 1931
f 5336 1897 1932
f 5337 1899 1897
f 5338 1902 1899
f 5339 1904 1902
f 5340 1906 1904
f 5341 1910 1906
f 5342 1912 1910
f 5343 1915 1912
f 5344 1917 1915
f 5345 1919 1917
f 5346 1962 1919
f 5347 1921 1962
f 5348 1923 1921
f 5349 1925 1923
f 5350 1927 1925
f 5351 1933 1927
f 5352 1936 1933
f 5353 1939 1936
f 5354 1941 1939
f 5355 1963 1941
f 5356 1944 1963
f 5357 1964 1944
f 5358 1946 1964
f 5359 1948 1946
f 5360 1951 1948
f 5361 1954 1951
f 5362 1956 1954
f 5363 1958 1956
f 5364 1960 1958
f 5365 1965 1960
f 5366 1966 1965
f 5367 1968 1966
f 5368 2048 1968
f 5369 1971 2048
f 5370 1974 1971
f 5371 1977 1974
f 5372 1979 1977
f 5373 1981 1979
f 5374 1983 1981
f 5375 1985 1983
f 5376 1987 1985
f 5377 2049 1987
f 5378 1990 2049
f 5379 2050 1990
f 5380 1993 2050
f 5381 1995 1993
f 5382 1997 1995
f 5383 1999 1997
f 5384 2002 1999
f 5385 2004 2002
f 5386 2051 2004
f 5387 2009 2051
f 5388 2011 2009
f 5389 2052 2011
f 5390 2014 2052
f 5391 2019 2014
f 5392 2060 2019
f 5393 2023 2060
f 5394 2025 2023
f 5395 2053 2025
f 5396 2055 2053
f 5397 2058 2055
f 5398 2061 2058
f 5399 2062 2061
f 5400 2064 2062
f 5401 2066 2064
f 5402 2067 2066
f 5403 2069 2067
f 5404 2071 2069
f 5405 2073 2071
f 5406 2077 2073
f 5407 2080 2077
f 5408 2082 2080
f 5409 2086 2082
f 5410 2088 2086
f 5411 2090 2088
f 5412 2092 2090
f 5413 2094 2092
f 5414 2099 2094
f 5415 2102 2099
f 5416 2104 2102
f 5417 2106 2104
f 5418 2107 2106
f 5419 2110 2107
f 5420 2112 2110
f 5421 2114 2112
f 5422 2157 2114
f 5423 2158 2157
f 5424 2159 2158
f 5425 2160 2159
f 5426 2117 2160
f 5427 2119 2117
f 5428 2121 2119
f 5429 2161 2121
f 5430 2124 2161
f 5431 2127 2124
f 5432 2129 2127
f 5433 2131 2129
f 5434 2133 2131
f 5435 2135 2133
f 5436 2138 2135
f 5437 2162 2138
f 5438 2143 2162
f 5439 2146 2143
f 5440 2163 2146
f 5441 2148 2163
f 5442 2151 2148
f 5443 2164 2151
f 5444 2165 2164
f 5445 2166 2165
f 5446 2154 2166
f 5447 2167 2154
f 5448 2168 2167
f 5449 2171 2168
f 5450 2184 2171
f 5451 2176 2184
f 5452 2178 2176
f 5222 5224 264
f 5224 5225 1394
f 5225 5226 1395
f 5226 5227 1396
f 5227 5228 1397
f 5228 5229 1398
f 5229 5230 1399
f 5230 5231 1400
f 5231 5232 1401
f 5232 5233 1402
f 5233 5234 1403
f 5234 5235 1404
f 5235 5236 1391
f 5236 5237 1406
f 5237 5238 1407
f 5238 5239 1408
f 5239 5240 1409
f 5240 5241 1410
f 5241 5242 1411
f 5242 5243 1412
f 5243 5244 1413
f 5244 5245 1414
f 5245 5246 1415
f 5246 5247 1416
f 5247 5248 1419
f 5248 5249 1420
f 5249 5250 1421
f 5250 5251 1422
f 5251 5252 1423
f 5252 5253 1424
f 5253 5254 1425
f 5254 5255 1426
f 5255 5256 1427
f 5256 5257 1428
f 5257 5258 1429
f 5258 5259 1430
f 5259 5260 1431
f 5260 5261 1417
f 5261 5262 1432
f 5227 5238 5228
f 5228 5238 5229
f 5229 5238 5230
f 5230 5237 5231
f 5231 5237 5232
f 5232 5237 5233
f 5233 5236 5234
f 5234 5236 5235
f 5220 5453 5221
f 5213 5453 5214
f 5213 5221 5453
f 5218 5214 5453
f 5230 5238 5237
f 5233 5237 5236
f 5220 5223 5453
f 5239 5251 5240
f 5240 5251 5241
f 5241 5251 5242
f 5242 5251 5243
f 5243 5251 5244
f 5244 5250 5245
f 5246 5249 5247
f 5245 5250 5246
f 5247 5249 5248
f 5239 5252 5251
f 5244 5251 5250
f 5246 5250 5249
f 5254 5267 5255
f 5255 5267 5256
f 5256 5266 5257
f 5260 5262 5261
f 5257 5266 5258
f 5258 5265 5259
f 5259 5264 5260
f 5260 5263 5262
f 5260 5264 5263
f 5262 5263 1433
f 5263 5264 1458
f 5264 5265 1459
f 5265 5266 1460
f 5266 5267 1461
f 5267 5268 1462
f 5268 5269 1463
f 5269 5270 1464
f 5270 5271 1465
f 5271 5272 1466
f 5272 5273 1467
f 5273 5274 1468
f 5274 5275 1434
f 5275 5276 1469
f 5276 5277 1436
f 5277 5278 1470
f 5278 5279 1438
f 5279 5280 1440
f 5280 5281 1442
f 5281 5282 1445
f 5282 5283 1471
f 5283 5284 1472
f 5284 5285 1449
f 5285 5286 1494
f 5286 5287 1452
f 5287 5288 1454
f 5288 5289 1495
f 5289 5290 1496
f 5290 5291 1456
f 5291 5292 1497
f 5292 5293 1473
f 5293 5294 1475
f 5294 5295 1498
f 5295 5296 1478
f 5296 5297 1863
f 5297 5298 1484
f 5298 5299 1486
f 5299 5300 1488
f 5300 5301 1490
f 5301 5302 1492
f 5302 5303 1864
f 5303 5304 1499
f 5304 5305 1865
f 5305 5306 1501
f 5306 5307 1503
f 5307 5308 1505
f 5308 5309 1507
f 5309 5310 1512
f 5310 5311 1514
f 5311 5312 1516
f 5312 5313 1519
f 5313 5314 1521
f 5314 5315 1875
f 5315 5316 1523
f 5316 5317 1525
f 5317 5318 1527
f 5318 5319 1530
f 5319 5320 1866
f 5320 5321 1869
f 5321 5322 1871
f 5322 5323 1873
f 5323 5324 1876
f 5324 5325 1877
f 5325 5326 1878
f 5326 5327 1880
f 5327 5328 1881
f 5328 5329 1883
f 5329 5330 1885
f 5330 5331 1890
f 5331 5332 1930
f 5332 5333 1893
f 5333 5334 1895
f 5334 5335 1931
f 5335 5336 1932
f 5336 5337 1897
f 5337 5338 1899
f 5338 5339 1902
f 5218 5453 5222
f 5256 5267 5266
f 5259 5265 5264
f 5258 5266 5265
f 5267 5280 5268
f 5269 5279 5270
f 5268 5280 5269
f 5270 5279 5271
f 5271 5278 5272
f 5272 5277 5273
f 5273 5275 5274
f 5273 5276 5275
f 5273 5277 5276
f 5271 5279 5278
f 5272 5278 5277
f 5269 5280 5279
f 5267 5306 5280
f 5280 5293 5281
f 5281 5293 5282
f 5282 5292 5283
f 5283 5292 5284
f 5284 5291 5285
f 5286 5288 5287
f 5285 5290 5286
f 5286 5289 5288
f 5285 5291 5290
f 5286 5290 5289
f 5284 5292 5291
f 5282 5293 5292
f 5280 5306 5293
f 5293 5306 5294
f 5294 5306 5295
f 5295 5305 5296
f 5297 5304 5298
f 5296 5305 5297
f 5298 5303 5299
f 5299 5301 5300
f 5299 5302 5301
f 5299 5303 5302
f 5298 5304 5303
f 5295 5306 5305
f 5297 5305 5304
f 5309 5319 5310
f 5310 5319 5311
f 5313 5315 5314
f 5313 5316 5315
f 5312 5317 5313
f 5311 5318 5312
f 5313 5317 5316
f 5312 5318 5317
f 5311 5319 5318
f 5308 5341 5309
f 5309 5340 5319
f 5321 5328 5322
f 5320 5329 5321
f 5323 5325 5324
f 5323 5326 5325
f 5322 5327 5323
f 5319 5340 5320
f 5323 5327 5326
f 5322 5328 5327
f 5321 5329 5328
f 5320 5338 5329
f 5309 5341 5340
f 5329 5338 5330
f 5331 5336 5332
f 5330 5337 5331
f 5332 5334 5333
f 5320 5339 5338
f 5320 5340 5339
f 5332 5335 5334
f 5332 5336 5335
f 5331 5337 5336
f 5330 5338 5337
f 5339 5340 1904
f 5340 5341 1906
f 5341 5342 1910
f 5342 5343 1912
f 5343 5344 1915
f 5344 5345 1917
f 5345 5346 1919
f 5346 5347 1962
f 5347 5348 1921
f 5348 5349 1923
f 5349 5350 1925
f 5350 5351 1927
f 5351 5352 1933
f 5352 5353 1936
f 5353 5354 1939
f 5354 5355 1941
f 5355 5356 1963
f 5356 5357 1944
f 5357 5358 1964
f 5358 5359 1946
f 5359 5360 1948
f 5360 5361 1951
f 5361 5362 1954
f 5362 5363 1956
f 5363 5364 1958
f 5364 5365 1960
f 5365 5366 1965
f 5366 5367 1966
f 5367 5368 1968
f 5368 5369 2048
f 5369 5370 1971
f 5370 5371 1974
f 5371 5372 1977
f 5372 5373 1979
f 5373 5374 1981
f 5374 5375 1983
f 5375 5376 1985
f 5376 5377 1987
f 5377 5378 2049
f 5378 5379 1990
f 5379 5380 2050
f 5380 5381 1993
f 5381 5382 1995
f 5382 5383 1997
f 5383 5384 1999
f 5384 5385 2002
f 5385 5386 2004
f 5386 5387 2051
f 5387 5388 2009
f 5388 5389 2011
f 5389 5390 2052
f 5390 5391 2014
f 5391 5392 2019
f 5392 5393 2060
f 5393 5394 2023
f 5394 5395 2025
f 5395 5396 2053
f 5396 5397 2055
f 5397 5398 2058
f 5398 5399 2061
f 5399 5400 2062
f 5400 5401 2064
f 5401 5402 2066
f 5402 5403 2067
f 5403 5404 2069
f 5404 5405 2071
f 5405 5406 2073
f 5406 5407 2077
f 5407 5408 2080
f 5408 5409 2082
f 5409 5410 2086
f 5410 5411 2088
f 5411 5412 2090
f 5412 5413 2092
f 5413 5414 2094
f 5414 5415 2099
f 5415 5416 2102
f 5416 5417 2104
f 5417 5418 2106
f 5418 5419 2107
f 5419 5420 2110
f 5420 5421 2112
f 5421 5422 2114
f 5422 5423 2157
f 5423 5424 2158
f 5424 5425 2159
f 5425 5426 2160
f 5426 5427 2117
f 5427 5428 2119
f 5428 5429 2121
f 5429 5430 2161
f 5430 5431 2124
f 5431 5432 2127
f 5432 5433 2129
f 5433 5434 2131
f 5434 5435 2133
f 5435 5436 2135
f 5436 5437 2138
f 5437 5438 2162
f 5438 5439 2143
f 5439 5440 2146
f 5440 5441 2163
f 5441 5442 2148
f 5442 5443 2151
f 5443 5444 2164
f 5444 5445 2165
f 5445 5446 2166
f 5446 5447 2154
f 5447 5448 2167
f 5448 5449 2168
f 5449 5450 2171
f 5450 5451 2184
f 5451 5452 2176
f 5452 5454 2178
f 5342 5352 5343
f 5343 5352 5344
f 5344 5351 5345
f 5346 5348 5347
f 5345 5350 5346
f 5346 5349 5348
f 5346 5350 5349
f 5345 5351 5350
f 5344 5352 5351
f 5352 5362 5353
f 5353 5362 5354
f 5356 5358 5357
f 5354 5361 5355
f 5355 5360 5356
f 5356 5359 5358
f 5356 5360 5359
f 5355 5361 5360
f 5354 5362 5361
f 5352 5382 5362
f 5362 5372 5363
f 5363 5372 5364
f 5366 5368 5367
f 5365 5370 5366
f 5364 5371 5365
f 5366 5369 5368
f 5366 5370 5369
f 5365 5371 5370
f 5364 5372 5371
f 5362 5382 5372
f 5372 5382 5373
f 5373 5382 5374
f 5376 5378 5377
f 5374 5381 5375
f 5376 5379 5378
f 5375 5380 5376
f 5376 5380 5379
f 5375 5381 5380
f 5374 5382 5381
f 5390 5392 5391
f 5389 5397 5390
f 5390 5393 5392
f 5390 5394 5393
f 5390 5395 5394
f 5390 5396 5395
f 5384 5407 5385
f 5385 5407 5386
f 5386 5407 5387
f 5387 5407 5388
f 5388 5406 5389
f 5390 5397 5396
f 5389 5405 5397
f 5389 5406 5405
f 5397 5404 5398
f 5399 5401 5400
f 5399 5402 5401
f 5398 5403 5399
f 5388 5407 5406
f 5399 5403 5402
f 5398 5404 5403
f 5397 5405 5404
f 5384 5430 5407
f 5407 5430 5408
f 5413 5415 5414
f 5413 5416 5415
f 5412 5420 5413
f 5413 5417 5416
f 5413 5418 5417
f 5408 5430 5409
f 5409 5430 5410
f 5413 5419 5418
f 5413 5420 5419
f 5410 5430 5411
f 5411 5429 5412
f 5412 5428 5420
f 5422 5424 5423
f 5421 5426 5422
f 5420 5427 5421
f 5422 5425 5424
f 5412 5429 5428
f 5411 5430 5429
f 5422 5426 5425
f 5421 5427 5426
f 5420 5428 5427
f 5431 5444 5432
f 5432 5444 5433
f 5433 5444 5434
f 5436 5438 5437
f 5436 5439 5438
f 5435 5443 5436
f 5434 5444 5435
f 5436 5440 5439
f 5436 5441 5440
f 5436 5442 5441
f 5436 5443 5442
f 5435 5444 5443
f 5431 5455 5444
f 5444 5455 5445
f 5445 5455 5446
f 5446 5455 5447
f 5447 5455 5448
f 5449 5451 5450
f 5449 5452 5451
f 5448 5456 5449
f 5449 5454 5452
f 5449 5457 5454
f 5454 2180 2178
f 5457 2182 2180
f 5458 2185 2182
f 5456 2186 2185
f 5455 2188 2186
f 5459 2189 2188
f 5460 2190 2189
f 5461 2191 2190
f 5462 2943 2191
f 5463 2916 2943
f 5464 4797 4798
f 5465 4798 4799
f 5466 4799 4800
f 5467 4800 4801
f 5468 4801 4496
f 5469 4497 4802
f 5470 4498 4497
f 5471 4496 4499
f 5472 4499 4498
f 5473 4802 4809
f 5474 4809 4810
f 5475 4810 4803
f 5476 4803 4804
f 5477 4804 4805
f 5478 4805 4806
f 5479 4806 4807
f 5480 4812 4813
f 5481 4503 4826
f 5482 4834 4835
f 5483 4835 4836
f 5484 4502 4503
f 5485 4500 4502
f 5486 4836 4831
f 5487 4501 4500
f 5488 4831 4501
f 5489 4828 4829
f 5490 4829 4830
f 5491 4827 4828
f 5492 4826 4827
f 5493 4830 4811
f 5494 4811 4812
f 5495 4505 4504
f 5496 4514 4505
f 5497 4787 4791
f 5498 4794 4795
f 5499 4791 4794
f 5500 4795 4758
f 5501 4758 4772
f 5502 4772 4509
f 5503 4508 4507
f 5504 4509 4508
f 5505 4511 4510
f 5506 4762 4763
f 5507 4763 4765
f 5508 4765 4512
f 5509 4513 4511
f 5510 4512 4513
f 5511 4768 4766
f 5512 4766 4767
f 5513 4767 4769
f 5514 4769 4770
f 5515 4770 4771
f 5516 4506 4514
f 5517 4771 4506
f 5518 4510 4768
f 5519 4760 4761
f 5520 4761 4764
f 5521 4764 4762
f 5522 4759 4760
f 5523 4507 4759
f 5524 4515 4518
f 5525 4516 4515
f 5526 4839 4840
f 5527 4837 4839
f 5528 4838 4837
f 5529 4841 4842
f 5530 4840 4841
f 5531 4842 4517
f 5532 4517 4516
f 5533 4520 4519
f 5534 4522 4520
f 5535 4843 4844
f 5536 4717 4843
f 5537 4521 4522
f 5538 4844 4521
f 5539 4718 4719
f 5540 4719 4715
f 5541 4715 4717
f 5542 4504 4718
f 5543 4519 4838
f 5544 4833 4834
f 5545 4832 4833
f 5546 4518 4832
f 5547 4534 4533
f 5548 4852 4845
f 5549 4849 4852
f 5550 4846 4847
f 5551 4847 4848
f 5552 4848 4853
f 5553 4845 4846
f 5554 4525 4524
f 5555 4526 4527
f 5556 4523 4525
f 5557 4527 4523
f 5558 4820 4821
f 5559 4819 4820
f 5560 4533 4818
f 5561 4818 4819
f 5562 4821 4851
f 5563 4851 4526
f 5564 4524 4850
f 5565 4850 4849
f 5566 4813 4814
f 5567 4814 4815
f 5568 4815 4528
f 5569 4529 4816
f 5570 4530 4529
f 5571 4528 4530
f 5572 4822 4823
f 5573 4823 4825
f 5574 4531 4534
f 5575 4532 4531
f 5576 4825 4817
f 5577 4535 4532
f 5578 4817 4535
f 5579 4824 4822
f 5580 4816 4824
f 5581 4538 4855
f 5582 4536 4538
f 5583 4853 4854
f 5584 4854 4537
f 5585 4537 4539
f 5586 4539 4536
f 5587 4855 4856
f 5588 4856 4857
f 5589 4857 4796
f 5590 4796 4797
f 5227 5591 5238
f 5222 5453 5224
f 5224 5453 5225
f 5225 5453 5226
f 5226 5453 5227
f 5238 5591 5239
f 5239 5591 5252
f 5252 5591 5253
f 5253 5591 5254
f 5254 5591 5267
f 5267 5591 5306
f 5306 5591 5307
f 5307 5591 5308
f 5308 5591 5341
f 5341 5591 5342
f 5342 5591 5352
f 5352 5592 5382
f 5382 5592 5383
f 5383 5592 5384
f 5454 5457 2180
f 5457 5458 2182
f 5458 5456 2185
f 5456 5455 2186
f 5455 5459 2188
f 5459 5460 2189
f 5460 5461 2190
f 5461 5462 2191
f 5462 5463 2943
f 5463 5593 2916
f 5449 5458 5457
f 5449 5456 5458
f 5448 5455 5456
f 5460 5594 5461
f 5461 5594 5462
f 5462 5595 5463
f 5384 5596 5430
f 5431 5597 5455
f 5430 5596 5431
f 5455 5597 5459
f 5459 5597 5460
f 5460 5597 5594
f 5594 5598 5599
f 5599 5598 5600
f 5223 1405 5453
f 5227 5453 5591
f 5431 5601 5597
f 5384 5592 5602
f 5352 5591 5592
f 5384 5602 5596
f 5431 5596 5601
f 5464 4798 5465
f 5465 4799 5466
f 5466 4800 5467
f 5467 4801 5468
f 5469 4802 5473
f 5469 5470 4497
f 5472 4498 5470
f 5472 5471 4499
f 5468 4496 5471
f 5476 4804 5477
f 5475 5474 4810
f 5473 4809 5474
f 5476 5475 4803
f 5477 4805 5478
f 5479 5478 4806
f 5479 4807 5603
f 5480 4813 5566
f 5482 4835 5483
f 5481 5484 4503
f 5484 5485 4502
f 5486 4831 5488
f 5486 5483 4836
f 5485 5487 4500
f 5487 5488 4501
f 5490 5489 4829
f 5491 5492 4827
f 5481 4826 5492
f 5489 5491 4828
f 5490 4830 5493
f 5494 5493 4811
f 5494 4812 5480
f 5542 5495 4504
f 5495 5496 4505
f 5503 4507 5523
f 5499 4794 5498
f 5499 5497 4791
f 5501 5500 4758
f 5504 5502 4509
f 5503 5504 4508
f 5501 4772 5502
f 5498 4795 5500
f 5505 5509 4511
f 5507 5506 4763
f 5510 5508 4512
f 5510 4513 5509
f 5507 4765 5508
f 5514 5513 4769
f 5512 5511 4766
f 5512 4767 5513
f 5517 5515 4771
f 5514 4770 5515
f 5496 5516 4514
f 5517 4506 5516
f 5518 5505 4510
f 5511 5518 4768
f 5520 5519 4761
f 5521 5520 4764
f 5521 4762 5506
f 5519 5522 4760
f 5522 5523 4759
f 5546 5524 4518
f 5525 4515 5524
f 5526 4840 5530
f 5528 5543 4838
f 5528 4837 5527
f 5526 5527 4839
f 5529 4842 5531
f 5530 4841 5529
f 5525 5532 4516
f 5531 4517 5532
f 5541 4717 5536
f 5543 5533 4519
f 5533 5534 4520
f 5535 4844 5538
f 5536 4843 5535
f 5534 5537 4522
f 5537 5538 4521
f 5539 5542 4718
f 5540 5539 4719
f 5540 4715 5541
f 5545 4833 5544
f 5545 5546 4832
f 5482 5544 4834
f 5547 4533 5560
f 5565 4849 5549
f 5553 5548 4845
f 5549 4852 5548
f 5550 4847 5551
f 5552 5551 4848
f 5553 4846 5550
f 5564 5554 4524
f 5557 5555 4527
f 5554 5556 4525
f 5557 4523 5556
f 5559 5561 4819
f 5558 4821 5562
f 5559 4820 5558
f 5560 4818 5561
f 5563 5562 4851
f 5563 4526 5555
f 5565 5564 4850
f 5567 5566 4814
f 5567 4815 5568
f 5569 4816 5580
f 5568 4528 5571
f 5569 5570 4529
f 5571 4530 5570
f 5573 4825 5576
f 5572 4823 5573
f 5575 5577 4532
f 5574 4534 5547
f 5574 5575 4531
f 5576 4817 5578
f 5577 5578 4535
f 5579 5580 4824
f 5572 5579 4822
f 5582 4538 5581
f 5552 4853 5583
f 5583 4854 5584
f 5586 5585 4539
f 5584 4537 5585
f 5582 5586 4536
f 5587 4856 5588
f 5589 4796 5590
f 5589 5588 4857
f 5587 5581 4855
f 5590 4797 5464
f 5600 5604 5605
f 5540 5491 5600
f 5553 5600 5548
f 5549 5548 5600
f 5489 5600 5491
f 5489 5549 5600
f 5600 5497 5499
f 5540 5600 5499
f 5600 5605 5497
f 5465 5470 5469
f 5464 5469 5473
f 5464 5465 5469
f 5590 5464 5474
f 5465 5466 5470
f 5466 5467 5472
f 5467 5468 5472
f 5466 5472 5470
f 5590 5474 5475
f 5590 5475 5476
f 5464 5473 5474
f 5468 5471 5472
f 5553 5476 5606
f 5594 5607 5598
f 5600 5598 5604
f 5481 5544 5482
f 5481 5482 5484
f 5481 5492 5544
f 5544 5492 5491
f 5484 5482 5483
f 5486 5485 5483
f 5484 5483 5485
f 5486 5488 5485
f 5485 5488 5487
f 5594 5597 5607
f 5539 5512 5542
f 5540 5512 5539
f 5499 5522 5519
f 5499 5519 5520
f 5499 5498 5522
f 5498 5500 5523
f 5501 5503 5500
f 5498 5523 5522
f 5501 5502 5503
f 5503 5523 5500
f 5503 5502 5504
f 5520 5518 5511
f 5520 5511 5512
f 5540 5499 5512
f 5521 5506 5505
f 5521 5518 5520
f 5507 5509 5506
f 5510 5509 5508
f 5505 5506 5509
f 5521 5505 5518
f 5507 5508 5509
f 5542 5512 5513
f 5514 5495 5513
f 5514 5515 5496
f 5542 5513 5495
f 5517 5496 5515
f 5514 5496 5495
f 5517 5516 5496
f 5499 5520 5512
f 5546 5526 5524
f 5545 5544 5527
f 5545 5527 5546
f 5540 5527 5491
f 5526 5530 5524
f 5530 5529 5525
f 5529 5531 5525
f 5530 5525 5524
f 5546 5527 5526
f 5531 5532 5525
f 5528 5527 5540
f 5543 5541 5533
f 5528 5540 5543
f 5534 5536 5535
f 5534 5535 5538
f 5533 5541 5536
f 5543 5540 5541
f 5534 5538 5537
f 5533 5536 5534
f 5544 5491 5527
f 5489 5565 5549
f 5561 5565 5490
f 5561 5564 5565
f 5561 5554 5564
f 5557 5556 5558
f 5559 5556 5554
f 5563 5555 5557
f 5559 5554 5561
f 5559 5558 5556
f 5563 5557 5562
f 5557 5558 5562
f 5490 5565 5489
f 5560 5490 5493
f 5560 5493 5494
f 5494 5480 5580
f 5480 5566 5569
f 5567 5570 5566
f 5567 5568 5570
f 5560 5494 5579
f 5480 5569 5580
f 5494 5580 5579
f 5569 5566 5570
f 5568 5571 5570
f 5560 5561 5490
f 5572 5573 5574
f 5572 5547 5579
f 5573 5575 5574
f 5572 5574 5547
f 5547 5560 5579
f 5573 5576 5575
f 5575 5578 5577
f 5575 5576 5578
f 5589 5590 5553
f 5589 5553 5588
f 5587 5550 5581
f 5587 5588 5550
f 5588 5553 5550
f 5581 5550 5551
f 5582 5551 5552
f 5586 5552 5583
f 5586 5583 5584
f 5582 5552 5586
f 5582 5581 5551
f 5586 5584 5585
f 5590 5476 5553
f 5593 2944 2916
f 5608 2927 2944
f 5609 2930 2927
f 5610 2931 2930
f 5611 2945 2931
f 5612 2946 2945
f 5613 2933 2946
f 5614 2935 2933
f 5595 2937 2935
f 5594 2947 2937
f 5615 2940 2947
f 5616 2948 2940
f 5617 2949 2948
f 5618 2964 2949
f 5619 2965 2964
f 5620 2966 2965
f 5621 2967 2966
f 5622 2956 2967
f 5623 2957 2956
f 5624 2959 2957
f 5625 2961 2959
f 5626 2969 2961
f 5599 2971 2969
f 5600 2978 2971
f 5627 2980 2978
f 5628 2982 2980
f 5629 4567 4566
f 5606 4569 4570
f 5630 4566 4568
f 5631 4568 4569
f 5632 4570 4571
f 5633 4571 4572
f 5634 4572 4573
f 5635 4573 4574
f 5636 4562 4549
f 5637 4563 4562
f 5638 4552 4553
f 5639 4553 4554
f 5640 4554 4555
f 5641 4555 4556
f 5642 4549 4550
f 5643 4550 4551
f 5644 4551 4552
f 5603 4807 4808
f 5645 4808 4564
f 5646 4565 4563
f 5647 4564 4565
f 5648 4556 4557
f 5649 4557 4560
f 5650 4561 4559
f 5651 4558 4567
f 5652 4559 4558
f 5653 4560 4561
f 5654 4543 4545
f 5655 4545 4546
f 5656 4546 4547
f 5657 4547 4548
f 5658 4548 4579
f 5659 4540 4542
f 5660 4576 4577
f 5661 4577 4578
f 5662 4578 4540
f 5663 4574 4575
f 5664 4575 4576
f 5665 4542 4544
f 5666 4544 4543
f 5667 4579 4580
f 5668 4582 4583
f 5669 4581 4582
f 5670 4589 4590
f 5671 4591 4589
f 5672 4590 4581
f 5673 4580 4591
f 5674 4596 4597
f 5675 4598 4592
f 5676 4593 4601
f 5677 4592 4593
f 5678 4597 4598
f 5679 4602 4603
f 5680 4599 4600
f 5681 4603 4599
f 5682 4600 4604
f 5683 4604 4605
f 5684 4601 4602
f 5685 4605 4606
f 5686 4586 4587
f 5687 4587 4588
f 5688 4583 4586
f 5689 4588 4585
f 5690 4585 4584
f 5691 4584 4594
f 5692 4594 4595
f 5693 4595 4596
f 5694 4606 4607
f 5695 4607 4608
f 5696 4608 4609
f 5697 4609 4610
f 5698 4610 4611
f 5699 4611 4612
f 5700 4612 4613
f 5701 4613 4614
f 5702 4614 4615
f 5703 4615 4616
f 5704 4616 4617
f 5705 4617 4618
f 5706 4618 4619
f 5707 4619 4620
f 5708 4620 4621
f 5709 4621 4622
f 5710 4622 4623
f 5711 4623 4624
f 5712 4624 4625
f 5713 4625 4626
f 5714 4626 4627
f 5715 4627 4628
f 5716 4628 4629
f 5717 4629 4630
f 5718 4630 4631
f 5719 4631 4632
f 5720 4632 4633
f 5721 4633 4634
f 5722 4634 4635
f 5723 4635 4636
f 5724 4636 4637
f 5725 4637 4638
f 5726 4638 4639
f 5727 4639 4640
f 5728 4640 4641
f 5729 4641 4642
f 5730 4642 4643
f 5731 4643 4644
f 5732 4644 4645
f 5733 4645 4646
f 5734 4646 4647
f 5735 4647 4648
f 5736 4648 4649
f 5737 4649 4650
f 5738 4650 4651
f 5739 4651 4652
f 5740 4937 4933
f 5741 4938 4937
f 5742 4939 4938
f 5743 4940 4939
f 5744 4941 4940
f 5745 4652 4541
f 5593 5608 2944
f 5608 5609 2927
f 5609 5610 2930
f 5610 5611 2931
f 5611 5612 2945
f 5612 5613 2946
f 5613 5614 2933
f 5614 5595 2935
f 5595 5594 2937
f 5594 5615 2947
f 5615 5616 2940
f 5616 5617 2948
f 5617 5618 2949
f 5618 5619 2964
f 5619 5620 2965
f 5620 5621 2966
f 5621 5622 2967
f 5622 5623 2956
f 5623 5624 2957
f 5624 5625 2959
f 5625 5626 2961
f 5626 5599 2969
f 5599 5600 2971
f 5600 5627 2978
f 5627 5628 2980
f 5463 5608 5593
f 5463 5609 5608
f 5463 5610 5609
f 5463 5611 5610
f 5463 5612 5611
f 5463 5613 5612
f 5463 5614 5613
f 5463 5595 5614
f 5462 5594 5595
f 5617 5619 5618
f 5617 5620 5619
f 5617 5621 5620
f 5594 5599 5615
f 5615 5599 5616
f 5616 5599 5617
f 5617 5622 5621
f 5617 5623 5622
f 5617 5624 5623
f 5617 5625 5624
f 5617 5626 5625
f 5617 5599 5626
f 5553 5654 5600
f 5600 5654 5655
f 5600 5655 5656
f 5600 5656 5689
f 5600 5689 5680
f 5600 5682 5683
f 5600 5680 5682
f 5628 5746 2982
f 5606 4570 5632
f 5630 4568 5631
f 5629 4566 5630
f 5606 5631 4569
f 5632 4571 5633
f 5634 5633 4572
f 5634 4573 5635
f 5646 4563 5637
f 5637 4562 5636
f 5642 5636 4549
f 5638 4553 5639
f 5640 5639 4554
f 5640 4555 5641
f 5641 4556 5648
f 5643 4551 5644
f 5643 5642 4550
f 5644 4552 5638
f 5603 4808 5645
f 5645 4564 5647
f 5646 5647 4565
f 5648 4557 5649
f 5649 4560 5653
f 5652 5650 4559
f 5651 5652 4558
f 5629 5651 4567
f 5650 5653 4561
f 5654 4545 5655
f 5656 4547 5657
f 5655 4546 5656
f 5657 4548 5658
f 5659 5662 4540
f 5665 5659 4542
f 5662 5661 4578
f 5661 5660 4577
f 5635 4574 5663
f 5663 4575 5664
f 5664 4576 5660
f 5665 4544 5666
f 5654 5666 4543
f 5658 4579 5667
f 5672 4581 5669
f 5669 4582 5668
f 5667 4580 5673
f 5672 5670 4590
f 5671 4589 5670
f 5671 5673 4591
f 5677 5675 4592
f 5676 4601 5684
f 5676 5677 4593
f 5675 5678 4598
f 5674 4597 5678
f 5679 5684 4602
f 5679 4603 5681
f 5680 5681 4599
f 5680 4600 5682
f 5682 4604 5683
f 5683 4605 5685
f 5688 4586 5686
f 5686 4587 5687
f 5687 4588 5689
f 5688 5668 4583
f 5690 5689 4585
f 5690 4584 5691
f 5691 4594 5692
f 5692 4595 5693
f 5693 4596 5674
f 5632 5633 5662
f 5606 5632 5665
f 5478 5637 5636
f 5477 5636 5642
f 5643 5644 5476
f 5644 5638 5476
f 5643 5477 5642
f 5638 5639 5630
f 5640 5651 5639
f 5638 5606 5476
f 5553 5606 5654
f 5643 5476 5477
f 5479 5637 5478
f 5477 5478 5636
f 5479 5603 5646
f 5603 5645 5646
f 5479 5646 5637
f 5645 5647 5646
f 5639 5629 5630
f 5640 5652 5651
f 5639 5651 5629
f 5640 5641 5652
f 5641 5648 5650
f 5648 5649 5650
f 5649 5653 5650
f 5641 5650 5652
f 5638 5630 5631
f 5638 5631 5606
f 5632 5659 5665
f 5606 5665 5666
f 5633 5661 5662
f 5632 5662 5659
f 5606 5666 5654
f 5634 5661 5633
f 5634 5635 5660
f 5635 5663 5660
f 5634 5660 5661
f 5663 5664 5660
f 5656 5657 5669
f 5657 5658 5672
f 5658 5667 5671
f 5656 5688 5686
f 5656 5686 5687
f 5656 5687 5689
f 5656 5669 5668
f 5657 5672 5669
f 5656 5668 5688
f 5658 5670 5672
f 5658 5671 5670
f 5671 5667 5673
f 5690 5680 5689
f 5690 5691 5677
f 5690 5676 5684
f 5690 5684 5679
f 5691 5675 5677
f 5691 5678 5675
f 5692 5674 5678
f 5690 5677 5676
f 5690 5681 5680
f 5690 5679 5681
f 5691 5692 5678
f 5692 5693 5674
f 5685 4606 5694
f 5694 4607 5695
f 5695 4608 5696
f 5696 4609 5697
f 5697 4610 5698
f 5698 4611 5699
f 5699 4612 5700
f 5700 4613 5701
f 5701 4614 5702
f 5702 4615 5703
f 5703 4616 5704
f 5704 4617 5705
f 5705 4618 5706
f 5706 4619 5707
f 5708 5707 4620
f 5708 4621 5709
f 5709 4622 5710
f 5710 4623 5711
f 5711 4624 5712
f 5712 4625 5713
f 5713 4626 5714
f 5714 4627 5715
f 5715 4628 5716
f 5717 5716 4629
f 5717 4630 5718
f 5718 4631 5719
f 5719 4632 5720
f 5720 4633 5721
f 5721 4634 5722
f 5722 4635 5723
f 5723 4636 5724
f 5724 4637 5725
f 5725 4638 5726
f 5727 5726 4639
f 5727 4640 5728
f 5728 4641 5729
f 5729 4642 5730
f 5730 4643 5731
f 5731 4644 5732
f 5732 4645 5733
f 5733 4646 5734
f 5734 4647 5735
f 5735 4648 5736
f 5736 4649 5737
f 5737 4650 5738
f 5738 4651 5739
f 5739 4652 5745
f 5740 4933 5747
f 5740 5741 4937
f 5741 5742 4938
f 5742 5743 4939
f 5743 5744 4940
f 5744 5748 4941
f 5703 5704 5709
f 5702 5703 5710
f 5685 5694 5749
f 5704 5705 5708
f 5705 5706 5708
f 5704 5708 5709
f 5703 5709 5710
f 5702 5710 5711
f 5706 5707 5708
f 5702 5711 5712
f 5713 5714 5719
f 5712 5713 5720
f 5714 5715 5718
f 5715 5716 5718
f 5714 5718 5719
f 5713 5719 5720
f 5717 5718 5716
f 5712 5720 5721
f 5712 5721 5722
f 5723 5724 5729
f 5722 5723 5730
f 5724 5725 5728
f 5725 5726 5728
f 5724 5728 5729
f 5723 5729 5730
f 5727 5728 5726
f 5722 5730 5731
f 5722 5731 5732
f 5695 5696 5750
f 5696 5697 5750
f 5694 5695 5751
f 5695 5752 5753
f 5695 5753 5754
f 5695 5754 5751
f 5694 5755 5756
f 5694 5751 5755
f 5694 5756 5757
f 5694 5757 5758
f 5694 5758 5749
f 5697 5698 5741
f 5698 5699 5744
f 5699 5700 5744
f 5700 5701 5744
f 5701 5702 5744
f 5702 5712 5744
f 5712 5722 5744
f 5722 5732 5744
f 5732 5733 5744
f 5733 5734 5744
f 5734 5735 5744
f 5735 5736 5744
f 5736 5737 5744
f 5737 5738 5744
f 5695 5759 5760
f 5695 5750 5759
f 5695 5761 5752
f 5695 5760 5761
f 5697 5747 5750
f 5697 5740 5747
f 5697 5741 5740
f 5698 5743 5742
f 5698 5742 5741
f 5698 5744 5743
f 5738 5739 5748
f 5739 5745 5748
f 5738 5748 5744
f 5762 4653 4655
f 5763 4713 4714
f 5764 4654 4653
f 5765 4714 4654
f 5766 4657 4656
f 5767 4658 4657
f 5768 4659 4658
f 5769 4660 4659
f 5770 4664 4665
f 5771 4662 4664
f 5772 4666 4661
f 5773 4656 4666
f 5774 4661 4662
f 5775 4665 4713
f 5776 4663 4660
f 5777 4667 4663
f 5778 4754 4667
f 5779 4752 4755
f 5780 4691 4756
f 5781 4756 4751
f 5782 4751 4752
f 5783 4755 4753
f 5784 4753 4754
f 5785 4704 4703
f 5786 4701 4704
f 5787 4698 4701
f 5788 4695 4698
f 5789 4705 4695
f 5790 4678 4722
f 5791 4677 4678
f 5792 4722 4705
f 5793 4675 4668
f 5794 4668 4670
f 5795 4670 4677
f 5796 4673 4675
f 5797 4671 4673
f 5798 4680 4689
f 5799 4688 4682
f 5800 4723 4724
f 5801 4693 4692
f 5802 4724 4693
f 5803 4684 4723
f 5804 4682 4684
f 5604 4685 4686
f 5805 4686 4688
f 5806 4689 4679
f 5598 4679 4685
f 5807 4681 4680
f 5808 4687 4681
f 5809 4683 4687
f 5810 4699 4694
f 5811 4690 4683
f 5812 4696 4738
f 5813 4694 4696
f 5814 4738 4690
f 5815 4692 4691
f 5816 4700 4697
f 5817 4697 4699
f 5818 4702 4700
f 5819 4703 4702
f 5820 4774 4784
f 5821 4737 4729
f 5822 4732 4737
f 5823 4726 4732
f 5824 4674 4672
f 5825 4669 4674
f 5826 4676 4669
f 5827 4720 4676
f 5828 4735 4725
f 5829 4725 4727
f 5830 4727 4720
f 5831 4672 4671
f 5832 4734 4735
f 5833 4733 4734
f 5834 4730 4733
f 5607 4731 4730
f 5597 4728 4731
f 5601 4729 4728
f 5835 4721 4726
f 5836 4745 4742
f 5837 4741 4745
f 5838 4744 4750
f 5839 4750 4721
f 5840 4742 4744
f 5841 4746 4748
f 5842 4748 4739
f 5843 4739 4741
f 5844 4749 4746
f 5845 4747 4749
f 5846 4740 4747
f 5847 4743 4740
f 5848 4736 4743
f 5849 4775 4778
f 5850 4778 4736
f 5851 4776 4777
f 5852 4779 4783
f 5853 4783 4776
f 5854 4777 4773
f 5855 4773 4775
f 5856 4780 4779
f 5596 4781 4780
f 5602 4782 4781
f 5857 4784 4782
f 5858 4789 4788
f 5859 4785 4789
f 5860 4786 4785
f 5861 4792 4786
f 5862 4793 4792
f 5605 4790 4787
f 5863 4788 4790
f 5864 4708 4711
f 5865 4709 4710
f 5866 4711 4709
f 5867 4710 4712
f 5868 4712 4757
f 5869 4757 4793
f 5870 4706 4708
f 5871 4655 4706
f 5872 4707 4774
f 5873 4869 4707
f 5874 4860 4861
f 5875 4858 4860
f 5876 4861 4869
f 5877 4862 4864
f 5878 4865 4858
f 5879 4864 4865
f 5880 4867 4862
f 5881 4866 4867
f 5592 4863 4866
f 5591 4868 4863
f 5882 4859 4868
f 5883 4716 4859
f 5453 1405 4870
f 5884 4870 4871
f 5885 4882 4883
f 5886 4883 4716
f 5887 4871 4872
f 5888 4872 4873
f 5889 4873 4874
f 5890 4874 4875
f 5891 4875 4876
f 5892 4876 4877
f 5893 4877 4878
f 5894 4880 4879
f 5895 4884 4880
f 5896 4885 4884
f 5897 4879 4881
f 5898 4881 4882
f 5899 4878 4885
f 5775 4713 5763
f 5762 5764 4653
f 5763 4714 5765
f 5764 5765 4654
f 5767 4657 5766
f 5767 5768 4658
f 5768 5769 4659
f 5771 5774 4662
f 5771 4664 5770
f 5772 4661 5774
f 5772 5773 4666
f 5775 5770 4665
f 5773 5766 4656
f 5769 5776 4660
f 5776 5777 4663
f 5777 5778 4667
f 5783 5779 4755
f 5781 4751 5782
f 5781 5780 4756
f 5782 4752 5779
f 5784 5783 4753
f 5784 4754 5778
f 5785 5786 4704
f 5786 5787 4701
f 5787 5788 4698
f 5795 4677 5791
f 5788 5789 4695
f 5791 4678 5790
f 5790 4722 5792
f 5792 4705 5789
f 5795 5794 4670
f 5794 5793 4668
f 5796 4675 5793
f 5796 5797 4673
f 5806 5798 4689
f 5804 5799 4682
f 5800 4724 5802
f 5815 5801 4692
f 5801 5802 4693
f 5804 4684 5803
f 5803 4723 5800
f 5805 5604 4686
f 5604 5598 4685
f 5805 4688 5799
f 5598 5806 4679
f 5798 5807 4680
f 5807 5808 4681
f 5808 5809 4687
f 5813 5810 4694
f 5809 5811 4683
f 5814 5812 4738
f 5813 4696 5812
f 5814 4690 5811
f 5780 5815 4691
f 5816 5818 4700
f 5817 4699 5810
f 5817 5816 4697
f 5818 5819 4702
f 5819 5785 4703
f 5857 5820 4784
f 5820 5872 4774
f 5821 5822 4737
f 5822 5823 4732
f 5824 4672 5831
f 5824 5825 4674
f 5825 5826 4669
f 5826 5827 4676
f 5828 4725 5829
f 5830 5829 4727
f 5830 4720 5827
f 5797 5831 4671
f 5832 5833 4734
f 5834 4733 5833
f 5834 5607 4730
f 5607 5597 4731
f 5832 4735 5828
f 5601 4728 5597
f 5601 5821 4729
f 5823 5835 4726
f 5837 5843 4741
f 5836 5837 4745
f 5838 5840 4744
f 5839 4721 5835
f 5838 4750 5839
f 5836 4742 5840
f 5843 5842 4739
f 5841 4748 5842
f 5841 5844 4746
f 5844 5845 4749
f 5845 5846 4747
f 5846 5847 4740
f 5847 5848 4743
f 5849 4778 5850
f 5848 5850 4736
f 5851 4777 5854
f 5856 4779 5852
f 5853 5852 4783
f 5851 5853 4776
f 5855 5854 4773
f 5855 4775 5849
f 5856 5596 4780
f 5596 5602 4781
f 5602 5857 4782
f 5861 5774 5771
f 5860 5772 5774
f 5775 5871 5770
f 5870 5771 5770
f 5775 5762 5871
f 5871 5870 5770
f 5763 5765 5762
f 5775 5763 5762
f 5762 5765 5764
f 5605 5604 5772
f 5772 5604 5773
f 5767 5766 5604
f 5773 5604 5766
f 5767 5604 5768
f 5768 5805 5769
f 5769 5781 5776
f 5783 5776 5779
f 5784 5776 5783
f 5784 5778 5776
f 5776 5778 5777
f 5781 5782 5776
f 5782 5779 5776
f 5769 5799 5781
f 5796 5785 5819
f 5796 5819 5818
f 5598 5607 5796
f 5796 5793 5787
f 5794 5788 5793
f 5796 5787 5786
f 5796 5786 5785
f 5793 5788 5787
f 5792 5789 5788
f 5790 5792 5788
f 5795 5791 5788
f 5795 5788 5794
f 5791 5790 5788
f 5769 5805 5799
f 5768 5604 5805
f 5781 5804 5780
f 5803 5800 5815
f 5803 5815 5780
f 5815 5802 5801
f 5815 5800 5802
f 5804 5803 5780
f 5781 5799 5804
f 5598 5818 5806
f 5806 5818 5798
f 5809 5816 5817
f 5808 5818 5816
f 5807 5818 5808
f 5798 5818 5807
f 5808 5816 5809
f 5809 5813 5812
f 5814 5809 5812
f 5814 5811 5809
f 5809 5810 5813
f 5809 5817 5810
f 5598 5796 5818
f 5602 5592 5857
f 5857 5592 5820
f 5797 5607 5831
f 5796 5607 5797
f 5826 5834 5833
f 5825 5607 5834
f 5824 5831 5607
f 5824 5607 5825
f 5825 5834 5826
f 5826 5829 5830
f 5826 5830 5827
f 5826 5828 5829
f 5826 5832 5828
f 5826 5833 5832
f 5601 5844 5821
f 5822 5841 5823
f 5821 5844 5822
f 5823 5839 5835
f 5823 5840 5838
f 5823 5837 5836
f 5823 5836 5840
f 5823 5838 5839
f 5823 5842 5843
f 5822 5844 5841
f 5823 5841 5842
f 5823 5843 5837
f 5601 5596 5844
f 5844 5596 5845
f 5845 5596 5846
f 5846 5856 5847
f 5847 5852 5853
f 5846 5596 5856
f 5847 5856 5852
f 5847 5851 5854
f 5847 5854 5855
f 5847 5849 5850
f 5847 5855 5849
f 5847 5850 5848
f 5847 5853 5851
f 5863 5858 4788
f 5858 5859 4789
f 5859 5860 4785
f 5860 5861 4786
f 5861 5862 4792
f 5862 5869 4793
f 5497 5605 4787
f 5605 5863 4790
f 5866 4709 5865
f 5864 4711 5866
f 5868 5867 4712
f 5868 4757 5869
f 5865 4710 5867
f 5864 5870 4708
f 5871 4706 5870
f 5871 5762 4655
f 5863 5772 5858
f 5605 5772 5863
f 5858 5772 5859
f 5860 5774 5861
f 5859 5772 5860
f 5862 5870 5864
f 5862 5864 5866
f 5861 5870 5862
f 5862 5867 5868
f 5862 5866 5865
f 5862 5865 5867
f 5862 5868 5869
f 5861 5771 5870
f 5873 4707 5872
f 5874 4861 5876
f 5874 5875 4860
f 5873 5876 4869
f 5878 5879 4865
f 5878 4858 5875
f 5877 4864 5879
f 5877 5880 4862
f 5880 5881 4867
f 5881 5592 4866
f 5592 5591 4863
f 5591 5882 4868
f 5882 5883 4859
f 5884 5453 4870
f 5884 4871 5887
f 5885 4883 5886
f 5883 5886 4716
f 5887 4872 5888
f 5888 4873 5889
f 5889 4874 5890
f 5890 4875 5891
f 5891 4876 5892
f 5892 4877 5893
f 5893 4878 5899
f 5897 5894 4879
f 5899 4885 5896
f 5894 5895 4880
f 5896 4884 5895
f 5897 4881 5898
f 5885 5898 4882
f 5820 5875 5874
f 5820 5876 5873
f 5820 5873 5872
f 5820 5874 5876
f 5820 5877 5879
f 5820 5880 5877
f 5820 5881 5880
f 5820 5592 5881
f 5820 5878 5875
f 5820 5879 5878
f 5591 5896 5882
f 5591 5453 5896
f 5882 5886 5883
f 5882 5897 5898
f 5882 5895 5894
f 5882 5894 5897
f 5882 5898 5885
f 5882 5885 5886
f 5882 5896 5895
f 5884 5896 5453
f 5884 5887 5899
f 5887 5888 5899
f 5888 5889 5899
f 5890 5891 5899
f 5889 5890 5899
f 5884 5899 5896
f 5891 5892 5899
f 5892 5893 5899
f 5748 4886 4941
f 5900 4541 4886
f 5745 4541 5900
f 5900 4886 5748
f 5745 5900 5748
f 5746 559 2982
f 5746 4150 559
f 5901 4904 4906
f 5751 4907 4908
f 5756 4910 4911
f 5755 4908 4910
f 5902 4905 4901
f 5903 4903 4909
f 5904 4901 4903
f 5905 4906 4905
f 5906 4909 4907
f 5757 4911 4912
f 5758 4912 4913
f 5907 4916 4915
f 5908 4917 4916
f 5752 4922 4925
f 5761 4923 4922
f 5754 4924 4926
f 5909 4926 4928
f 5753 4925 4924
f 5759 4914 4927
f 5760 4927 4923
f 5750 4915 4914
f 5910 4918 4917
f 5911 4919 4918
f 5912 4920 4919
f 5913 4930 4934
f 5914 4934 4935
f 5915 4936 4921
f 5916 4921 4920
f 5917 4935 4936
f 5918 4928 4929
f 5919 4929 4897
f 5920 4897 4899
f 5921 4899 4900
f 5922 4900 4904
f 5923 4931 4930
f 5924 4932 4931
f 5747 4933 4932
f 5749 4913 4985
f 5925 4991 4992
f 5926 4987 4986
f 5927 4986 4991
f 5928 4984 4993
f 5929 4993 4988
f 5930 4990 4987
f 5931 4989 4990
f 5932 4988 4989
f 5600 5933 5627
f 5627 5933 5628
f 5600 5683 5933
f 5628 5934 5746
f 5628 5935 5934
f 5628 5936 5935
f 5628 5937 5936
f 5628 5938 5937
f 5628 5939 5938
f 5628 5940 5939
f 5628 5941 5940
f 5628 5942 5941
f 5628 5943 5942
f 5628 5944 5943
f 5628 5945 5944
f 5628 5946 5945
f 5628 5947 5946
f 5628 5948 5947
f 5628 5933 5948
f 5751 5906 4907
f 5751 4908 5755
f 5756 5755 4910
f 5904 5902 4901
f 5903 4909 5906
f 5904 4903 5903
f 5902 5905 4905
f 5901 4906 5905
f 5756 4911 5757
f 5757 4912 5758
f 5758 4913 5749
f 5750 5907 4915
f 5907 5908 4916
f 5760 4923 5761
f 5753 5752 4925
f 5761 4922 5752
f 5753 4924 5754
f 5909 5754 4926
f 5909 4928 5918
f 5760 5759 4927
f 5759 5750 4914
f 5908 5910 4917
f 5910 5911 4918
f 5911 5912 4919
f 5912 5916 4920
f 5914 4935 5917
f 5914 5913 4934
f 5916 5915 4921
f 5917 4936 5915
f 5918 4929 5919
f 5920 5919 4897
f 5920 4899 5921
f 5921 4900 5922
f 5922 4904 5901
f 5923 5924 4931
f 5924 5747 4932
f 5923 4930 5913
f 5754 5906 5751
f 5902 5918 5905
f 5909 5902 5904
f 5919 5901 5905
f 5909 5904 5903
f 5754 5903 5906
f 5683 5685 5933
f 5750 5747 5907
f 5907 5747 5908
f 5908 5747 5910
f 5912 5923 5913
f 5912 5913 5914
f 5911 5747 5924
f 5912 5924 5923
f 5911 5924 5912
f 5910 5747 5911
f 5912 5914 5917
f 5912 5917 5915
f 5912 5915 5916
f 5909 5918 5902
f 5909 5903 5754
f 5918 5919 5905
f 5920 5901 5919
f 5920 5921 5901
f 5921 5922 5901
f 5685 5749 5933
f 5749 4985 5949
f 5925 4992 5950
f 5925 5927 4991
f 5927 5926 4986
f 5926 5930 4987
f 5928 4993 5929
f 5929 4988 5932
f 5932 4989 5931
f 5931 4990 5930
f 5934 4374 4150
f 5935 4375 4374
f 5936 4376 4375
f 5937 4377 4376
f 5938 4378 4377
f 5939 4379 4378
f 5940 4380 4379
f 5941 4381 4380
f 5942 4382 4381
f 5943 4383 4382
f 5944 4384 4383
f 5951 4385 4384
f 5952 4386 4385
f 5953 4387 4386
f 5954 4388 4387
f 5955 4389 4388
f 5956 4390 4389
f 5957 4391 4390
f 5958 4392 4391
f 5959 4393 4392
f 5960 4394 4393
f 5961 4395 4394
f 5962 4396 4395
f 5963 4397 4396
f 5964 4398 4397
f 5965 4399 4398
f 5966 4400 4399
f 5967 4401 4400
f 5968 4402 4401
f 5969 4403 4402
f 5970 4404 4403
f 5971 4405 4404
f 5972 4406 4405
f 5973 4407 4406
f 5974 4408 4407
f 5975 4409 4408
f 5976 4410 4409
f 5977 4411 4410
f 5978 4412 4411
f 5979 4413 4412
f 5980 4414 4413
f 5981 4415 4414
f 5982 4416 4415
f 5983 4417 4416
f 5984 4420 4417
f 5985 4418 4420
f 5986 4419 4418
f 5987 4421 4419
f 5988 4422 4421
f 5989 4423 4422
f 5990 4424 4423
f 5991 4425 4424
f 5992 4426 4425
f 5993 4427 4426
f 5994 4430 4427
f 5995 4428 4430
f 5996 4429 4428
f 5997 4431 4429
f 5998 4432 4431
f 5999 4433 4432
f 6000 4434 4433
f 6001 4435 4434
f 6002 4436 4435
f 6003 4439 4436
f 6004 4437 4439
f 6005 4438 4437
f 6006 4440 4438
f 6007 4441 4440
f 6008 4442 4441
f 6009 4443 4442
f 6010 4444 4443
f 6011 4445 4444
f 6012 4446 4445
f 6013 4449 4446
f 6014 4447 4449
f 6015 4448 4447
f 6016 4450 4448
f 6017 4451 4450
f 6018 4452 4451
f 5945 4453 4452
f 6019 4454 4453
f 6020 4455 4454
f 6021 4456 4455
f 6022 4457 4456
f 6023 4458 4457
f 6024 4459 4458
f 6025 4460 4459
f 6026 4461 4460
f 6027 4462 4461
f 6028 4463 4462
f 6029 4464 4463
f 6030 4465 4464
f 6031 4466 4465
f 6032 4467 4466
f 6033 4468 4467
f 6034 4469 4468
f 6035 4470 4469
f 6036 4471 4470
f 6037 4472 4471
f 6038 4473 4472
f 6039 4474 4473
f 6040 4475 4474
f 6041 4476 4475
f 6042 4477 4476
f 6043 4478 4477
f 6044 4479 4478
f 6045 4480 4479
f 6046 4481 4480
f 6047 4482 4481
f 6048 4483 4482
f 6049 4484 4483
f 6050 4485 4484
f 5946 4486 4485
f 5947 4487 4486
f 5948 4488 4487
f 5933 4489 4488
f 6051 4490 4489
f 6052 4491 4490
f 6053 4492 4491
f 6054 4493 4492
f 5949 4985 4995
f 6055 4995 4996
f 6056 4996 4997
f 6057 4997 4998
f 6058 4998 4999
f 6059 4999 5000
f 6060 5000 5001
f 6061 5001 5002
f 6062 5002 5003
f 6063 5003 5004
f 6064 5004 5005
f 6065 5005 5006
f 6066 5006 5007
f 6067 5007 5008
f 6068 5008 5010
f 6069 5010 5012
f 6070 5012 5014
f 6071 5014 5016
f 6072 5016 5018
f 6073 5018 5020
f 6074 5020 5022
f 6075 5022 5024
f 6076 5024 5025
f 6077 5025 5027
f 6078 5027 5029
f 6079 5029 5030
f 6080 5030 5032
f 6081 5032 5034
f 6082 5034 5035
f 6083 5035 5037
f 6084 5037 5052
f 6085 5052 5053
f 6086 4994 4984
f 6087 5023 5021
f 6088 5017 5015
f 6089 5021 5019
f 6090 5019 5017
f 6091 5038 4994
f 6092 5039 5038
f 6093 5047 5039
f 6094 5040 5050
f 6095 5045 5047
f 6096 5048 5046
f 6097 5046 5045
f 6098 5044 5043
f 6099 5050 5049
f 6100 5049 5044
f 6101 5043 5048
f 6102 5042 5041
f 6103 5009 5042
f 6104 5013 5011
f 6105 5011 5009
f 6106 5041 5040
f 6107 5015 5013
f 6108 5054 5055
f 6109 5053 5054
f 6110 5055 5056
f 6111 5056 5058
f 6112 5058 5060
f 6113 5060 5062
f 6114 5062 5064
f 6115 5064 5066
f 6116 5066 5068
f 6117 5068 5070
f 6118 5070 5072
f 6119 5072 5074
f 6120 5074 5076
f 6121 5076 5078
f 6122 5078 5077
f 6123 5077 5075
f 6124 5075 5073
f 6125 5073 5071
f 6126 5071 5069
f 6127 5067 5065
f 6128 5065 5063
f 6129 5063 5061
f 6130 5061 5059
f 6131 5079 5051
f 6132 5057 5079
f 6133 5051 5036
f 6134 5059 5057
f 6135 5069 5067
f 6136 5036 5033
f 6137 5033 5031
f 6138 5031 5026
f 6139 5026 5028
f 6140 5028 5023
f 6141 4494 4493
f 5746 5934 4150
f 5934 5935 4374
f 5935 5936 4375
f 5936 5937 4376
f 5937 5938 4377
f 5938 5939 4378
f 5939 5940 4379
f 5940 5941 4380
f 5941 5942 4381
f 5942 5943 4382
f 5943 5944 4383
f 5944 5951 4384
f 5951 5952 4385
f 5952 5953 4386
f 5951 5953 5952
f 5951 5954 5953
f 5951 5955 5954
f 5944 5960 5951
f 5951 5956 5955
f 5951 5957 5956
f 5951 5958 5957
f 5951 5959 5958
f 5953 5954 4387
f 5954 5955 4388
f 5955 5956 4389
f 5956 5957 4390
f 5957 5958 4391
f 5958 5959 4392
f 5959 5960 4393
f 5960 5961 4394
f 5961 5962 4395
f 5962 5963 4396
f 5963 5964 4397
f 5964 5965 4398
f 5965 5966 4399
f 5966 5967 4400
f 5967 5968 4401
f 5968 5969 4402
f 5969 5970 4403
f 5970 5971 4404
f 5971 5972 4405
f 5972 5973 4406
f 5973 5974 4407
f 5974 5975 4408
f 5975 5976 4409
f 5976 5977 4410
f 5977 5978 4411
f 5978 5979 4412
f 5979 5980 4413
f 5980 5981 4414
f 5981 5982 4415
f 5982 5983 4416
f 5983 5984 4417
f 5984 5985 4420
f 5985 5986 4418
f 5986 5987 4419
f 5987 5988 4421
f 5988 5989 4422
f 5989 5990 4423
f 5990 5991 4424
f 5991 5992 4425
f 5992 5993 4426
f 5993 5994 4427
f 5994 5995 4430
f 5995 5996 4428
f 5996 5997 4429
f 5997 5998 4431
f 5998 5999 4432
f 5999 6000 4433
f 6000 6001 4434
f 6001 6002 4435
f 6002 6003 4436
f 6003 6004 4439
f 6004 6005 4437
f 6005 6006 4438
f 6006 6007 4440
f 6007 6008 4441
f 6008 6009 4442
f 6009 6010 4443
f 6010 6011 4444
f 6011 6012 4445
f 6012 6013 4446
f 6013 6014 4449
f 6014 6015 4447
f 6015 6016 4448
f 6016 6017 4450
f 6017 6018 4451
f 6018 5945 4452
f 5945 6019 4453
f 6019 6020 4454
f 6020 6021 4455
f 6021 6022 4456
f 6022 6023 4457
f 6023 6024 4458
f 6024 6025 4459
f 6025 6026 4460
f 6026 6027 4461
f 6027 6028 4462
f 6028 6029 4463
f 6029 6030 4464
f 6030 6031 4465
f 6031 6032 4466
f 6032 6033 4467
f 6033 6034 4468
f 6034 6035 4469
f 6035 6036 4470
f 6036 6037 4471
f 6037 6038 4472
f 6038 6039 4473
f 6039 6040 4474
f 6040 6041 4475
f 6041 6042 4476
f 6042 6043 4477
f 6043 6044 4478
f 6044 6045 4479
f 6045 6046 4480
f 6046 6047 4481
f 6047 6048 4482
f 6048 6049 4483
f 6049 6050 4484
f 6050 5946 4485
f 5946 5947 4486
f 5947 5948 4487
f 5948 5933 4488
f 5933 6051 4489
f 6051 6052 4490
f 6052 6053 4491
f 6053 6054 4492
f 5951 5960 5959
f 5944 5961 5960
f 5944 5979 5961
f 5964 5966 5965
f 5964 5967 5966
f 5963 5971 5964
f 5961 5979 5962
f 5962 5979 5963
f 5964 5968 5967
f 5964 5969 5968
f 5964 5970 5969
f 5964 5971 5970
f 5963 5979 5971
f 5971 5978 5972
f 5973 5975 5974
f 5973 5976 5975
f 5972 5977 5973
f 5973 5977 5976
f 5972 5978 5977
f 5944 6009 5979
f 5971 5979 5978
f 5979 5989 5980
f 5980 5989 5981
f 5981 5988 5982
f 5983 5985 5984
f 5982 5987 5983
f 5983 5986 5985
f 5983 5987 5986
f 5982 5988 5987
f 5981 5989 5988
f 5944 5945 6009
f 5979 5999 5989
f 5989 5999 5990
f 5991 5998 5992
f 5990 5999 5991
f 5992 5997 5993
f 5993 5995 5994
f 5993 5996 5995
f 5993 5997 5996
f 5992 5998 5997
f 5979 6009 5999
f 5991 5999 5998
f 5999 6009 6000
f 6000 6009 6001
f 6003 6005 6004
f 6001 6008 6002
f 6002 6007 6003
f 6003 6006 6005
f 6003 6007 6006
f 6002 6008 6007
f 6001 6009 6008
f 6009 5945 6010
f 6010 5945 6011
f 6013 6015 6014
f 6011 6018 6012
f 6012 6017 6013
f 6013 6016 6015
f 6013 6017 6016
f 6012 6018 6017
f 6011 5945 6018
f 6019 6028 6020
f 6022 6024 6023
f 6020 6027 6021
f 6022 6025 6024
f 6021 6026 6022
f 6022 6026 6025
f 6021 6027 6026
f 6020 6028 6027
f 6019 6037 6028
f 6028 6037 6029
f 6029 6036 6030
f 6030 6035 6031
f 6031 6033 6032
f 6019 6038 6037
f 5945 6050 6019
f 6031 6034 6033
f 6030 6036 6035
f 6031 6035 6034
f 6029 6037 6036
f 6019 6049 6038
f 6019 6050 6049
f 5945 5946 6050
f 6038 6049 6039
f 6039 6049 6040
f 6040 6049 6041
f 6042 6047 6043
f 6041 6048 6042
f 6043 6047 6044
f 6044 6046 6045
f 6042 6048 6047
f 6041 6049 6048
f 6044 6047 6046
f 5949 4995 6055
f 6055 4996 6056
f 6056 4997 6057
f 6057 4998 6058
f 6058 4999 6059
f 6059 5000 6060
f 6060 5001 6061
f 6061 5002 6062
f 6062 5003 6063
f 6063 5004 6064
f 6064 5005 6065
f 6065 5006 6066
f 6067 6066 5007
f 6068 6067 5008
f 6068 5010 6069
f 6069 5012 6070
f 6070 5014 6071
f 6071 5016 6072
f 6072 5018 6073
f 6073 5020 6074
f 6074 5022 6075
f 6075 5024 6076
f 6077 6076 5025
f 6077 5027 6078
f 6078 5029 6079
f 6079 5030 6080
f 6080 5032 6081
f 6081 5034 6082
f 6082 5035 6083
f 6083 5037 6084
f 6084 5052 6085
f 5928 6086 4984
f 6089 6087 5021
f 6107 6088 5015
f 6090 5017 6088
f 6089 5019 6090
f 6086 6091 4994
f 6091 6092 5038
f 6092 6093 5039
f 6099 6094 5050
f 6095 6097 5045
f 6096 6101 5048
f 6096 5046 6097
f 6098 5043 6101
f 6098 6100 5044
f 6099 5049 6100
f 6102 6103 5042
f 6103 6105 5009
f 6104 5011 6105
f 6104 6107 5013
f 6102 5041 6106
f 6106 5040 6094
f 6093 6095 5047
f 5749 5949 5933
f 6063 6064 6069
f 6062 6063 6070
f 6064 6065 6068
f 6065 6066 6068
f 6064 6068 6069
f 6063 6069 6070
f 6068 6066 6067
f 6062 6070 6071
f 6062 6071 6072
f 6072 6073 6080
f 6073 6074 6079
f 6074 6075 6078
f 6075 6076 6078
f 6074 6078 6079
f 6073 6079 6080
f 6077 6078 6076
f 6072 6080 6081
f 6072 6081 6082
f 6083 6084 6111
f 6082 6083 6112
f 6084 6085 6110
f 5929 5932 6086
f 5932 5931 6086
f 5928 5929 6086
f 5931 5930 6086
f 6102 6106 6103
f 6103 6106 6105
f 6104 6106 6094
f 6104 6105 6106
f 6104 6094 6107
f 6107 6099 6088
f 6107 6094 6099
f 6088 6099 6100
f 6088 6100 6098
f 6085 5053 6109
f 6110 6108 5055
f 6108 6109 5054
f 6110 5056 6111
f 6111 5058 6112
f 6112 5060 6113
f 6113 5062 6114
f 6114 5064 6115
f 6115 5066 6116
f 6116 5068 6117
f 6117 5070 6118
f 6118 5072 6119
f 6119 5074 6120
f 6120 5076 6121
f 6121 5078 6122
f 6054 6141 4493
f 6122 5077 6123
f 6123 5075 6124
f 6124 5073 6125
f 6125 5071 6126
f 6126 5069 6135
f 6135 5067 6127
f 6127 5065 6128
f 6129 5061 6130
f 6134 6130 5059
f 6129 6128 5063
f 6133 6131 5051
f 6131 6132 5079
f 6134 5057 6132
f 6133 5036 6136
f 6136 5033 6137
f 6138 6137 5031
f 6138 5026 6139
f 6139 5028 6140
f 6140 5023 6087
f 5933 5949 6055
f 5933 6055 6056
f 5933 6056 6057
f 5933 6057 6058
f 5933 6058 6059
f 5933 6059 6060
f 5933 6060 6061
f 5933 6061 6062
f 5933 6062 6072
f 5933 6072 6082
f 5933 6082 6114
f 5933 6114 6115
f 5933 6115 6116
f 5933 6116 6117
f 5933 6117 6118
f 5933 6118 6119
f 6085 6109 6110
f 6084 6110 6111
f 6110 6109 6108
f 6083 6111 6112
f 6082 6112 6113
f 6082 6113 6114
f 6053 6142 6054
f 5933 6143 6051
f 6051 6143 6052
f 6052 6143 6053
f 5933 6119 6143
f 6136 6128 6129
f 6137 6127 6128
f 6136 6130 6134
f 6131 6136 6132
f 6136 6134 6132
f 6133 6136 6131
f 6136 6137 6128
f 6138 6127 6137
f 6139 6140 6127
f 6138 6139 6127
f 6136 6129 6130
f 6140 6087 6127
f 6119 6120 6143
f 6120 6121 6143
f 6121 6122 6143
f 6122 6123 6143
f 6054 6144 6145
f 6054 6142 6144
f 6054 6146 6147
f 6054 6147 6148
f 6054 6148 6141
f 6054 6149 6150
f 6054 6151 6152
f 6054 6152 6149
f 6054 6150 6146
f 6054 6145 6151
f 6053 6153 6142
f 5950 4992 5080
f 5950 5080 6154
f 5925 5950 6154
f 5925 6154 5927
f 5926 6154 5930
f 5927 6154 5926
f 6154 5080 5123
f 6155 5123 5129
f 6150 5113 5115
f 6146 5115 5116
f 6147 5116 5117
f 6148 5117 4494
f 6149 5114 5113
f 6152 5118 5114
f 6145 5110 5112
f 6151 5112 5118
f 6144 5111 5110
f 6142 5119 5111
f 6156 5120 5119
f 6157 5121 5120
f 6158 5122 5121
f 6159 5164 5163
f 6160 5163 5162
f 6143 5165 5164
f 6161 5200 5165
f 6162 5201 5200
f 6163 5202 5201
f 6164 5203 5202
f 6165 5207 5208
f 6166 5204 5203
f 6167 5208 5204
f 6168 5125 5124
f 6169 5131 5132
f 6170 5132 5133
f 6171 5133 5134
f 6172 5134 5135
f 6173 5135 5136
f 6174 5136 5137
f 6175 5137 5138
f 6176 5126 5128
f 6177 5130 5131
f 6178 5128 5130
f 6179 5127 5126
f 6180 5129 5127
f 6181 5142 5140
f 6182 5138 5142
f 6183 5139 5141
f 6184 5143 5144
f 6185 5141 5143
f 6186 5144 5145
f 6187 5145 5146
f 6188 5148 5125
f 6189 5147 5148
f 6190 5146 5147
f 6191 5140 5139
f 6192 5184 5183
f 6193 5183 5182
f 6194 5182 5186
f 6195 5186 5187
f 6196 5181 5180
f 6197 5185 5181
f 6198 5180 5184
f 6199 5124 5185
f 6200 5187 5188
f 6201 5188 5189
f 6202 5195 5194
f 6203 5193 5192
f 6204 5192 5195
f 6205 5189 5193
f 6206 5177 5176
f 6207 5178 5177
f 6208 5198 5197
f 6209 5191 5190
f 6210 5194 5191
f 6211 5190 5198
f 6212 5196 5199
f 6213 5197 5196
f 6214 5179 5178
f 6215 5199 5179
f 6216 5206 5205
f 6217 5176 5206
f 6218 5205 5207
f 6219 5149 5151
f 6220 5152 5150
f 6221 5150 5149
f 6153 5155 5152
f 6222 5153 5155
f 6223 5171 5167
f 6224 5154 5153
f 6225 5156 5154
f 6226 5157 5156
f 6227 5168 5173
f 6228 5173 5172
f 6229 5166 5168
f 6230 5167 5166
f 6231 5172 5157
f 6232 5210 5209
f 6233 5209 5212
f 6234 5211 5210
f 6235 5151 5211
f 6236 5212 5122
f 6237 5160 5159
f 6238 5159 5158
f 6239 5169 5171
f 6240 5170 5169
f 6241 5158 5174
f 6242 5175 5170
f 6243 5174 5175
f 6244 5161 5160
f 6245 5162 5161
f 6154 5123 6155
f 6180 6155 5129
f 5930 6154 6086
f 6154 6091 6086
f 6090 6088 6154
f 6154 6097 6095
f 6154 6096 6097
f 6088 6098 6154
f 6154 6098 6101
f 6154 6101 6096
f 6154 6092 6091
f 6154 6093 6092
f 6154 6095 6093
f 6090 6154 6143
f 6154 6177 6169
f 6154 6169 6170
f 6154 6176 6178
f 6154 6179 6176
f 6154 6180 6179
f 6154 6178 6177
f 6154 6155 6180
f 6154 6172 6196
f 6154 6171 6172
f 6154 6170 6171
f 6154 6192 6162
f 6154 6161 6143
f 6154 6162 6161
f 6154 6198 6192
f 6154 6196 6198
f 6150 5115 6146
f 6148 6147 5117
f 6146 5116 6147
f 6141 6148 4494
f 6152 5114 6149
f 6151 6145 5112
f 6145 6144 5110
f 6152 6151 5118
f 6142 5111 6144
f 6142 6156 5119
f 6156 6157 5120
f 6150 6149 5113
f 6157 6158 5121
f 6160 5162 6245
f 6160 6159 5163
f 6143 5164 6159
f 6143 6161 5165
f 6161 6162 5200
f 6162 6163 5201
f 6163 6164 5202
f 6165 6218 5207
f 6165 5208 6167
f 6164 6166 5203
f 6167 5204 6166
f 6199 6168 5124
f 6188 5125 6168
f 6169 5132 6170
f 6171 5134 6172
f 6171 6170 5133
f 6173 6172 5135
f 6173 5136 6174
f 6174 5137 6175
f 6178 5130 6177
f 6178 6176 5128
f 6176 6179 5126
f 6179 6180 5127
f 6169 6177 5131
f 6175 5138 6182
f 6181 6182 5142
f 6181 5140 6191
f 6183 5141 6185
f 6184 6185 5143
f 6184 5144 6186
f 6187 6186 5145
f 6187 5146 6190
f 6188 6189 5148
f 6189 6190 5147
f 6183 6191 5139
f 6192 5183 6193
f 6194 6193 5182
f 6194 5186 6195
f 6197 5181 6196
f 6198 6196 5180
f 6198 5184 6192
f 6197 6199 5185
f 6195 5187 6200
f 6201 6200 5188
f 6201 5189 6205
f 6202 6204 5195
f 6203 5192 6204
f 6205 5193 6203
f 6217 6206 5176
f 6207 5177 6206
f 6207 6214 5178
f 6211 5198 6208
f 6209 5190 6211
f 6209 6210 5191
f 6213 5196 6212
f 6215 6212 5199
f 6208 5197 6213
f 6214 6215 5179
f 6218 6216 5205
f 6217 5206 6216
f 6202 5194 6210
f 6235 6219 5151
f 6219 6221 5149
f 6221 6220 5150
f 6153 5152 6220
f 6153 6222 5155
f 6223 5167 6230
f 6222 6224 5153
f 6224 6225 5154
f 6225 6226 5156
f 6231 6228 5172
f 6228 6227 5173
f 6229 6230 5166
f 6229 5168 6227
f 6231 5157 6226
f 6234 5210 6232
f 6233 5212 6236
f 6233 6232 5209
f 6234 6235 5211
f 6158 6236 5122
f 6237 5159 6238
f 6238 5158 6241
f 6223 6239 5171
f 6240 5169 6239
f 6243 6241 5174
f 6240 6242 5170
f 6242 6243 5175
f 6237 6244 5160
f 6245 5161 6244
f 6123 6124 6143
f 6125 6126 6143
f 6124 6125 6143
f 6126 6135 6143
f 6087 6143 6127
f 6135 6127 6143
f 6089 6090 6143
f 6089 6143 6087
f 6053 6160 6153
f 6053 6159 6160
f 6053 6143 6159
f 6142 6153 6156
f 6156 6220 6157
f 6157 6233 6236
f 6157 6219 6235
f 6157 6235 6234
f 6157 6232 6233
f 6157 6234 6232
f 6157 6236 6158
f 6163 6206 6164
f 6164 6218 6165
f 6164 6216 6218
f 6164 6217 6216
f 6164 6165 6167
f 6164 6167 6166
f 6197 6184 6199
f 6197 6196 6184
f 6173 6184 6172
f 6173 6174 6183
f 6174 6175 6181
f 6172 6184 6196
f 6173 6183 6185
f 6174 6181 6191
f 6174 6191 6183
f 6175 6182 6181
f 6173 6185 6184
f 6186 6188 6168
f 6184 6186 6168
f 6187 6190 6188
f 6187 6188 6186
f 6199 6184 6168
f 6188 6190 6189
f 6163 6193 6194
f 6163 6192 6193
f 6194 6195 6210
f 6195 6200 6202
f 6201 6205 6204
f 6201 6204 6200
f 6194 6210 6209
f 6195 6202 6210
f 6205 6203 6204
f 6200 6204 6202
f 6162 6192 6163
f 6163 6209 6206
f 6163 6194 6209
f 6206 6209 6211
f 6207 6208 6214
f 6207 6206 6211
f 6214 6212 6215
f 6213 6212 6214
f 6207 6211 6208
f 6208 6213 6214
f 6164 6206 6217
f 6156 6153 6220
f 6224 6244 6223
f 6224 6223 6225
f 6225 6228 6231
f 6225 6231 6226
f 6222 6245 6224
f 6153 6160 6222
f 6225 6223 6230
f 6225 6230 6229
f 6225 6229 6227
f 6225 6227 6228
f 6157 6221 6219
f 6157 6220 6221
f 6237 6238 6239
f 6237 6223 6244
f 6222 6160 6245
f 6224 6245 6244
f 6237 6239 6223
f 6240 6238 6241
f 6240 6241 6243
f 6240 6243 6242
f 6240 6239 6238
f 6246 4898 4959
f 6247 4959 4958
f 6248 4902 4898
f 6249 4942 4902
f 6250 4964 4942
f 6247 6246 4959
f 6247 4958 6251
f 6246 6248 4898
f 6248 6249 4902
f 6249 6250 4942
f 6246 6249 6248
f 6246 6250 6249
f 6246 6252 6250
f 6253 4949 4948
f 6254 4948 4950
f 6255 4957 4944
f 6256 4950 4957
f 6257 4951 4949
f 6258 4952 4951
f 6259 4953 4952
f 6260 4954 4953
f 6261 4955 4954
f 6262 4947 4946
f 6263 4943 4945
f 6264 4945 4947
f 6265 4944 4943
f 6266 4956 4955
f 6267 4961 4960
f 6268 4960 4956
f 6251 4958 4963
f 6269 4963 4962
f 6270 4962 4961
f 6271 4946 5081
f 6252 4965 4964
f 6272 4966 4965
f 6273 4967 4966
f 6274 4968 4967
f 6275 4969 4968
f 6276 4970 4969
f 6277 4971 4970
f 6278 4972 4971
f 6279 4973 4972
f 6280 4974 4973
f 6281 4975 4974
f 6282 4976 4975
f 6283 4977 4976
f 6284 4978 4977
f 6285 4979 4978
f 6286 4980 4979
f 6287 4981 4980
f 6288 4982 4981
f 6289 4983 4982
f 6290 5081 5082
f 6291 5082 5083
f 6292 5083 5084
f 6293 5084 5085
f 6294 5085 5086
f 6295 5086 5087
f 6296 5087 5088
f 6297 5088 5089
f 6298 5089 5090
f 6299 5090 5091
f 6300 5091 4888
f 6301 4888 4889
f 6302 4889 4891
f 6303 4891 4890
f 6304 4890 4893
f 6305 4893 4892
f 6306 4892 4894
f 6307 4894 4895
f 6308 4895 4896
f 6309 5092 4983
f 6310 5100 5104
f 6311 5098 5100
f 6312 5099 5098
f 6313 5096 5095
f 6314 5093 5096
f 6315 5094 5093
f 6316 4896 5094
f 6317 5107 5106
f 6318 5097 5107
f 6319 5095 5097
f 6320 5105 5108
f 6321 5109 5099
f 6322 5108 5109
f 6323 5106 5105
f 6324 5101 5103
f 6325 5103 5092
f 6326 5104 5102
f 6327 5102 5101
f 6256 6254 4950
f 6253 4948 6254
f 6256 4957 6255
f 6265 6255 4944
f 6253 6257 4949
f 6257 6258 4951
f 6258 6259 4952
f 6259 6260 4953
f 6261 4954 6260
f 6271 6262 4946
f 6263 4945 6264
f 6262 6264 4947
f 6265 4943 6263
f 6261 6266 4955
f 6268 4956 6266
f 6268 6267 4960
f 6267 6270 4961
f 6269 6251 4963
f 6269 4962 6270
f 6250 6252 4964
f 6252 6272 4965
f 6272 6273 4966
f 6273 6274 4967
f 6274 6275 4968
f 6275 6276 4969
f 6276 6277 4970
f 6277 6278 4971
f 6278 6279 4972
f 6279 6280 4973
f 6280 6281 4974
f 6281 6282 4975
f 6282 6283 4976
f 6283 6284 4977
f 6284 6285 4978
f 6285 6286 4979
f 6286 6287 4980
f 6287 6288 4981
f 6288 6289 4982
f 6289 6309 4983
f 6271 5081 6290
f 6290 5082 6291
f 6291 5083 6292
f 6292 5084 6293
f 6293 5085 6294
f 6294 5086 6295
f 6295 5087 6296
f 6296 5088 6297
f 6297 5089 6298
f 6298 5090 6299
f 6299 5091 6300
f 6300 4888 6301
f 6301 4889 6302
f 6302 4891 6303
f 6303 4890 6304
f 6304 4893 6305
f 6305 4892 6306
f 6306 4894 6307
f 6307 4895 6308
f 6312 6321 5099
f 6311 5100 6310
f 6311 6312 5098
f 6308 4896 6316
f 6313 6314 5096
f 6314 6315 5093
f 6316 5094 6315
f 6317 5106 6323
f 6319 5097 6318
f 6319 6313 5095
f 6318 5107 6317
f 6321 6322 5109
f 6320 5108 6322
f 6323 5105 6320
f 6324 5103 6325
f 6309 6325 5092
f 6326 5102 6327
f 6310 5104 6326
f 6324 6327 5101
f 6253 6254 6257
f 6256 6255 6260
f 6256 6259 6254
f 6257 6254 6258
f 6258 6254 6259
f 6256 6260 6259
f 6255 6261 6260
f 6247 6251 6292
f 6255 6292 6261
f 6268 6292 6267
f 6269 6270 6292
f 6269 6292 6251
f 6267 6292 6270
f 6261 6292 6266
f 6268 6266 6292
f 6262 6290 6264
f 6265 6290 6255
f 6263 6264 6290
f 6265 6263 6290
f 6271 6290 6262
f 6247 6292 6246
f 6246 6272 6252
f 6246 6273 6272
f 6246 6274 6273
f 6246 6275 6274
f 6246 6276 6275
f 6246 6277 6276
f 6246 6278 6277
f 6246 6288 6278
f 6280 6282 6281
f 6280 6283 6282
f 6278 6288 6279
f 6279 6287 6280
f 6280 6284 6283
f 6280 6285 6284
f 6280 6286 6285
f 6280 6287 6286
f 6279 6288 6287
f 6246 6314 6288
f 6288 6311 6289
f 6255 6290 6291
f 6255 6291 6292
f 6246 6292 6314
f 6294 6295 6302
f 6295 6296 6301
f 6296 6297 6300
f 6292 6293 6315
f 6293 6294 6315
f 6297 6298 6300
f 6298 6299 6300
f 6296 6300 6301
f 6295 6301 6302
f 6294 6302 6315
f 6302 6303 6316
f 6303 6304 6316
f 6304 6305 6316
f 6305 6306 6316
f 6306 6307 6316
f 6307 6308 6316
f 6288 6319 6311
f 6288 6313 6319
f 6288 6314 6313
f 6289 6326 6327
f 6289 6327 6324
f 6289 6324 6325
f 6289 6325 6309
f 6289 6311 6310
f 6289 6310 6326
f 6292 6315 6314
f 6302 6316 6315
f 6319 6318 6311
f 6317 6323 6321
f 6318 6317 6312
f 6311 6318 6312
f 6317 6321 6312
f 6320 6322 6321
f 6323 6320 6321
f 22 6328 23
f 255 254 6329
f 250 6330 254
f 25 26 6331
f 25 6332 24
f 22 24 6333
f 255 6334 26
f 250 251 6335
f 251 252 6336
f 252 253 6337
f 246 6338 247
f 248 247 6339
f 259 260 6340
f 262 261 6341
f 259 6342 261
f 248 6343 260
f 253 256 6344
f 256 257 6345
f 257 258 6346
f 262 6347 258
f 246 249 6348
f 249 266 6349
f 266 268 6350
f 268 270 6351
f 270 272 6352
f 272 274 6353
f 274 275 6354
f 275 277 6355
f 277 279 6356
f 279 280 6357
f 280 282 6358
f 282 283 6359
f 283 285 6360
f 285 287 6361
f 287 289 6362
f 289 291 6363
f 291 293 6364
f 293 294 6365
f 12 6366 312
f 12 13 6367
f 13 14 6368
f 312 6369 313
f 313 6370 315
f 19 20 6371
f 20 21 6372
f 28 6373 30
f 27 6374 28
f 15 6375 16
f 16 6376 21
f 30 6377 15
f 14 17 6378
f 17 18 6379
f 315 6380 314
f 19 6381 18
f 314 6382 316
f 316 6383 318
f 318 6384 35
f 35 6385 319
f 319 6386 320
f 27 29 6387
f 29 31 6388
f 31 32 6389
f 32 34 6390
f 33 6391 34
f 33 23 6392
f 320 6393 321
f 321 6394 322
f 322 6395 323
f 323 6396 324
f 324 6397 325
f 325 6398 326
f 326 6399 327
f 327 6400 36
f 36 6401 328
f 328 6402 329
f 329 6403 331
f 331 6404 332
f 332 6405 333
f 333 6406 334
f 334 6407 335
f 335 6408 330
f 330 6409 37
f 37 6410 336
f 336 6411 338
f 338 6412 339
f 339 6413 340
f 340 6414 341
f 341 6415 342
f 342 6416 343
f 343 6417 344
f 344 6418 345
f 345 6419 347
f 347 6420 348
f 348 6421 349
f 349 6422 350
f 350 6423 337
f 337 6424 352
f 352 6425 353
f 353 6426 354
f 354 6427 355
f 355 6428 356
f 356 6429 357
f 357 6430 359
f 359 6431 360
f 360 6432 358
f 358 6433 346
f 294 303 6434
f 303 305 6435
f 305 306 6436
f 306 307 6437
f 307 309 6438
f 309 311 6439
f 311 460 6440
f 460 462 6441
f 462 464 6442
f 464 466 6443
f 466 467 6444
f 467 469 6445
f 469 470 6446
f 470 471 6447
f 471 473 6448
f 473 475 6449
f 475 477 6450
f 346 6451 435
f 435 6452 436
f 436 6453 437
f 437 6454 438
f 438 6455 439
f 439 6456 440
f 440 6457 441
f 441 6458 442
f 442 6459 351
f 351 6460 444
f 444 6461 446
f 446 6462 447
f 447 6463 448
f 448 6464 449
f 449 6465 450
f 450 6466 451
f 451 6467 452
f 452 6468 453
f 453 6469 454
f 454 6470 455
f 455 6471 456
f 456 6472 458
f 458 6473 445
f 445 6474 491
f 491 6475 492
f 492 6476 493
f 477 479 6477
f 479 481 6478
f 481 483 6479
f 483 484 6480
f 484 486 6481
f 486 488 6482
f 488 489 6483
f 489 490 6484
f 490 1534 6485
f 1534 1535 6486
f 1535 1537 6487
f 1537 1538 6488
f 1538 1540 6489
f 1540 1542 6490
f 1542 1544 6491
f 1544 1546 6492
f 1546 1548 6493
f 1548 1549 6494
f 1549 1550 6495
f 1550 1552 6496
f 1552 1554 6497
f 1554 1556 6498
f 1556 1558 6499
f 1558 1560 6500
f 1560 1562 6501
f 1562 1564 6502
f 1564 1566 6503
f 1566 1568 6504
f 1568 1569 6505
f 1569 1571 6506
f 1571 1577 6507
f 1577 1579 6508
f 1579 1581 6509
f 1581 1583 6510
f 1583 1585 6511
f 1585 1586 6512
f 1586 1588 6513
f 1588 1590 6514
f 1590 1591 6515
f 1591 1593 6516
f 1593 1595 6517
f 1595 1597 6518
f 1597 1599 6519
f 1599 1601 6520
f 1601 1603 6521
f 493 6522 494
f 494 6523 495
f 495 6524 496
f 496 6525 498
f 498 6526 499
f 499 6527 500
f 500 6528 457
f 457 6529 501
f 501 6530 502
f 502 6531 503
f 503 6532 504
f 504 6533 505
f 505 6534 506
f 506 6535 507
f 507 6536 508
f 508 6537 509
f 509 6538 497
f 497 6539 511
f 511 6540 512
f 512 6541 513
f 513 6542 514
f 514 6543 515
f 515 6544 516
f 516 6545 517
f 517 6546 518
f 518 6547 443
f 443 6548 519
f 519 6549 521
f 521 6550 522
f 522 6551 523
f 523 6552 524
f 524 6553 525
f 525 6554 526
f 526 6555 527
f 527 6556 528
f 528 6557 529
f 529 6558 530
f 530 6559 532
f 532 6560 533
f 533 6561 520
f 520 6562 539
f 539 6563 534
f 534 6564 535
f 535 6565 536
f 536 6566 537
f 537 6567 540
f 540 6568 542
f 542 6569 543
f 543 6570 544
f 544 6571 531
f 531 6572 545
f 545 6573 546
f 546 6574 547
f 547 6575 548
f 548 6576 549
f 549 6577 550
f 550 6578 551
f 551 6579 552
f 552 6580 553
f 553 6581 541
f 541 6582 558
f 558 6583 554
f 554 6584 555
f 555 6585 556
f 22 6333 6328
f 254 6330 6329
f 250 6335 6330
f 26 6334 6331
f 24 6332 6333
f 25 6331 6332
f 255 6329 6334
f 251 6336 6335
f 252 6337 6336
f 253 6344 6337
f 262 6341 6347
f 246 6348 6338
f 247 6338 6339
f 261 6342 6341
f 259 6340 6342
f 248 6339 6343
f 260 6343 6340
f 256 6345 6344
f 257 6346 6345
f 258 6347 6346
f 249 6349 6348
f 266 6350 6349
f 268 6351 6350
f 270 6352 6351
f 272 6353 6352
f 274 6354 6353
f 275 6355 6354
f 277 6356 6355
f 279 6357 6356
f 280 6358 6357
f 282 6359 6358
f 283 6360 6359
f 285 6361 6360
f 287 6362 6361
f 289 6363 6362
f 291 6364 6363
f 293 6365 6364
f 294 6434 6365
f 6329 6336 6334
f 6333 6337 6328
f 6331 6336 6332
f 6333 6332 6336
f 6331 6334 6336
f 6335 6336 6330
f 6329 6330 6336
f 6333 6336 6337
f 6337 6344 6328
f 6344 6345 6328
f 6351 6371 6328
f 6345 6346 6349
f 6345 6350 6328
f 6351 6352 6371
f 6352 6353 6371
f 6339 6349 6343
f 6348 6349 6338
f 6339 6338 6349
f 6341 6349 6347
f 6340 6349 6342
f 6341 6342 6349
f 6346 6347 6349
f 6340 6343 6349
f 6350 6351 6328
f 6345 6349 6350
f 6353 6354 6361
f 6354 6355 6360
f 6355 6356 6359
f 6356 6357 6359
f 6355 6359 6360
f 6354 6360 6361
f 6357 6358 6359
f 6353 6361 6362
f 6353 6362 6363
f 6353 6363 6441
f 6363 6364 6439
f 12 6367 6366
f 13 6368 6367
f 312 6366 6369
f 14 6378 6368
f 313 6369 6370
f 315 6370 6380
f 20 6372 6371
f 27 6387 6374
f 28 6374 6373
f 30 6373 6377
f 16 6375 6376
f 15 6377 6375
f 21 6376 6372
f 17 6379 6378
f 18 6381 6379
f 19 6371 6381
f 314 6380 6382
f 316 6382 6383
f 318 6383 6384
f 35 6384 6385
f 319 6385 6386
f 29 6388 6387
f 31 6389 6388
f 32 6390 6389
f 34 6391 6390
f 33 6392 6391
f 23 6328 6392
f 320 6386 6393
f 321 6393 6394
f 322 6394 6395
f 323 6395 6396
f 324 6396 6397
f 325 6397 6398
f 326 6398 6399
f 327 6399 6400
f 36 6400 6401
f 328 6401 6402
f 329 6402 6403
f 331 6403 6404
f 332 6404 6405
f 333 6405 6406
f 334 6406 6407
f 335 6407 6408
f 330 6408 6409
f 37 6409 6410
f 336 6410 6411
f 338 6411 6412
f 339 6412 6413
f 340 6413 6414
f 341 6414 6415
f 342 6415 6416
f 343 6416 6417
f 344 6417 6418
f 345 6418 6419
f 347 6419 6420
f 348 6420 6421
f 349 6421 6422
f 350 6422 6423
f 337 6423 6424
f 352 6424 6425
f 353 6425 6426
f 354 6426 6427
f 355 6427 6428
f 356 6428 6429
f 357 6429 6430
f 359 6430 6431
f 360 6431 6432
f 358 6432 6433
f 303 6435 6434
f 305 6436 6435
f 306 6437 6436
f 307 6438 6437
f 309 6439 6438
f 311 6440 6439
f 460 6441 6440
f 462 6442 6441
f 464 6443 6442
f 466 6444 6443
f 467 6445 6444
f 469 6446 6445
f 470 6447 6446
f 471 6448 6447
f 473 6449 6448
f 475 6450 6449
f 477 6477 6450
f 346 6433 6451
f 435 6451 6452
f 436 6452 6453
f 437 6453 6454
f 438 6454 6455
f 439 6455 6456
f 440 6456 6457
f 441 6457 6458
f 442 6458 6459
f 351 6459 6460
f 444 6460 6461
f 446 6461 6462
f 447 6462 6463
f 448 6463 6464
f 449 6464 6465
f 450 6465 6466
f 451 6466 6467
f 452 6467 6468
f 453 6468 6469
f 454 6469 6470
f 455 6470 6471
f 456 6471 6472
f 458 6472 6473
f 445 6473 6474
f 491 6474 6475
f 492 6475 6476
f 493 6476 6522
f 479 6478 6477
f 481 6479 6478
f 483 6480 6479
f 484 6481 6480
f 486 6482 6481
f 488 6483 6482
f 489 6484 6483
f 490 6485 6484
f 1534 6486 6485
f 1535 6487 6486
f 1537 6488 6487
f 1538 6489 6488
f 1540 6490 6489
f 1542 6491 6490
f 1544 6492 6491
f 1546 6493 6492
f 1548 6494 6493
f 1549 6495 6494
f 1550 6496 6495
f 1552 6497 6496
f 1554 6498 6497
f 1556 6499 6498
f 1558 6500 6499
f 1560 6501 6500
f 1562 6502 6501
f 1564 6503 6502
f 1566 6504 6503
f 1568 6505 6504
f 1569 6506 6505
f 1571 6507 6506
f 1577 6508 6507
f 1579 6509 6508
f 1581 6510 6509
f 1583 6511 6510
f 1585 6512 6511
f 1586 6513 6512
f 1588 6514 6513
f 1590 6515 6514
f 1591 6516 6515
f 1593 6517 6516
f 1595 6518 6517
f 1597 6519 6518
f 1599 6520 6519
f 1601 6521 6520
f 1603 6586 6521
f 494 6522 6523
f 495 6523 6524
f 496 6524 6525
f 498 6525 6526
f 499 6526 6527
f 500 6527 6528
f 457 6528 6529
f 501 6529 6530
f 502 6530 6531
f 503 6531 6532
f 504 6532 6533
f 505 6533 6534
f 506 6534 6535
f 507 6535 6536
f 508 6536 6537
f 509 6537 6538
f 497 6538 6539
f 511 6539 6540
f 512 6540 6541
f 513 6541 6542
f 514 6542 6543
f 515 6543 6544
f 516 6544 6545
f 517 6545 6546
f 518 6546 6547
f 443 6547 6548
f 519 6548 6549
f 521 6549 6550
f 522 6550 6551
f 523 6551 6552
f 524 6552 6553
f 525 6553 6554
f 526 6554 6555
f 527 6555 6556
f 528 6556 6557
f 529 6557 6558
f 530 6558 6559
f 532 6559 6560
f 533 6560 6561
f 520 6561 6562
f 539 6562 6563
f 534 6563 6564
f 535 6564 6565
f 536 6565 6566
f 537 6566 6567
f 540 6567 6568
f 542 6568 6569
f 543 6569 6570
f 544 6570 6571
f 531 6571 6572
f 545 6572 6573
f 546 6573 6574
f 547 6574 6575
f 548 6575 6576
f 549 6576 6577
f 550 6577 6578
f 551 6578 6579
f 552 6579 6580
f 553 6580 6581
f 541 6581 6582
f 558 6582 6583
f 554 6583 6584
f 555 6584 6585
f 6366 6367 6368
f 6366 6368 6369
f 6368 6370 6369
f 6368 6378 6380
f 6368 6380 6370
f 6377 6388 6375
f 6374 6388 6373
f 6373 6388 6377
f 6372 6376 6388
f 6371 6372 6389
f 6375 6388 6376
f 6378 6382 6380
f 6371 6396 6381
f 6378 6394 6382
f 6382 6393 6383
f 6383 6385 6384
f 6383 6386 6385
f 6379 6381 6396
f 6378 6379 6396
f 6383 6393 6386
f 6382 6394 6393
f 6378 6395 6394
f 6378 6396 6395
f 6387 6388 6374
f 6372 6388 6389
f 6371 6389 6390
f 6371 6390 6391
f 6371 6391 6392
f 6371 6392 6328
f 6396 6405 6397
f 6399 6401 6400
f 6397 6404 6398
f 6371 6416 6396
f 6398 6403 6399
f 6399 6402 6401
f 6399 6403 6402
f 6398 6404 6403
f 6397 6405 6404
f 6396 6414 6405
f 6371 6417 6416
f 6405 6414 6406
f 6396 6415 6414
f 6406 6413 6407
f 6408 6410 6409
f 6407 6412 6408
f 6408 6411 6410
f 6371 6418 6417
f 6396 6416 6415
f 6408 6412 6411
f 6407 6413 6412
f 6406 6414 6413
f 6371 6467 6418
f 6418 6428 6419
f 6422 6424 6423
f 6419 6428 6420
f 6420 6427 6421
f 6421 6426 6422
f 6422 6425 6424
f 6422 6426 6425
f 6421 6427 6426
f 6420 6428 6427
f 6353 6477 6371
f 6371 6477 6478
f 6364 6365 6438
f 6365 6434 6437
f 6434 6435 6437
f 6365 6437 6438
f 6364 6438 6439
f 6363 6439 6440
f 6435 6436 6437
f 6363 6440 6441
f 6353 6441 6477
f 6441 6442 6449
f 6442 6443 6448
f 6443 6444 6447
f 6444 6445 6447
f 6443 6447 6448
f 6442 6448 6449
f 6445 6446 6447
f 6441 6449 6450
f 6441 6450 6477
f 6371 6478 6587
f 6418 6466 6428
f 6429 6455 6430
f 6430 6454 6431
f 6432 6451 6433
f 6431 6453 6432
f 6432 6452 6451
f 6432 6453 6452
f 6431 6454 6453
f 6430 6455 6454
f 6428 6466 6429
f 6429 6464 6455
f 6418 6467 6466
f 6455 6464 6456
f 6456 6463 6457
f 6458 6460 6459
f 6457 6462 6458
f 6458 6461 6460
f 6429 6465 6464
f 6429 6466 6465
f 6371 6555 6467
f 6458 6462 6461
f 6456 6464 6463
f 6457 6463 6462
f 6468 6523 6469
f 6469 6523 6470
f 6470 6522 6471
f 6471 6476 6472
f 6472 6474 6473
f 6472 6475 6474
f 6472 6476 6475
f 6471 6522 6476
f 6470 6523 6522
f 6481 6482 6489
f 6482 6483 6488
f 6483 6484 6487
f 6484 6485 6487
f 6479 6480 6499
f 6480 6481 6499
f 6485 6486 6487
f 6483 6487 6488
f 6482 6488 6489
f 6481 6489 6490
f 6478 6479 6510
f 6481 6490 6499
f 6490 6491 6498
f 6491 6492 6497
f 6492 6493 6496
f 6479 6499 6500
f 6493 6494 6496
f 6492 6496 6497
f 6494 6495 6496
f 6491 6497 6498
f 6490 6498 6499
f 6479 6500 6510
f 6478 6510 6520
f 6500 6501 6508
f 6501 6502 6507
f 6502 6503 6506
f 6503 6504 6506
f 6371 6587 6588
f 6502 6506 6507
f 6501 6507 6508
f 6504 6505 6506
f 6500 6508 6509
f 6500 6509 6510
f 6478 6520 6589
f 6510 6511 6518
f 6511 6512 6517
f 6512 6513 6516
f 6513 6514 6516
f 6478 6589 6587
f 6512 6516 6517
f 6511 6517 6518
f 6514 6515 6516
f 6510 6518 6519
f 6510 6519 6520
f 6468 6533 6523
f 6467 6555 6468
f 6523 6533 6524
f 6524 6533 6525
f 6527 6529 6528
f 6525 6532 6526
f 6526 6531 6527
f 6527 6530 6529
f 6527 6531 6530
f 6526 6532 6531
f 6525 6533 6532
f 6371 6588 6555
f 6468 6554 6533
f 6534 6543 6535
f 6535 6542 6536
f 6537 6539 6538
f 6536 6541 6537
f 6537 6540 6539
f 6537 6541 6540
f 6533 6554 6534
f 6536 6542 6541
f 6535 6543 6542
f 6468 6555 6554
f 6534 6552 6543
f 6543 6552 6544
f 6544 6551 6545
f 6545 6550 6546
f 6534 6553 6552
f 6534 6554 6553
f 6546 6548 6547
f 6546 6549 6548
f 6546 6550 6549
f 6545 6551 6550
f 6544 6552 6551
f 6556 6566 6557
f 6560 6562 6561
f 6557 6566 6558
f 6558 6565 6559
f 6559 6564 6560
f 6560 6563 6562
f 6560 6564 6563
f 6559 6565 6564
f 6558 6566 6565
f 6556 6576 6566
f 6566 6576 6567
f 6570 6572 6571
f 6567 6576 6568
f 6568 6575 6569
f 6569 6574 6570
f 6570 6573 6572
f 6555 6588 6556
f 6570 6574 6573
f 6569 6575 6574
f 6568 6576 6575
f 6556 6590 6576
f 6577 6591 6578
f 6578 6585 6579
f 6579 6584 6580
f 6580 6582 6581
f 6580 6583 6582
f 6580 6584 6583
f 6579 6585 6584
f 6578 6591 6585
f 1603 1604 6586
f 1604 1606 6592
f 1606 1608 6593
f 1608 1609 6594
f 1609 1611 6595
f 1611 1613 6596
f 1613 1615 6597
f 1615 1617 6598
f 1617 1619 6589
f 1619 1621 6587
f 1621 1623 6599
f 1623 1627 6600
f 1627 1629 6601
f 1629 1630 6602
f 1630 1632 6603
f 1632 1634 6604
f 1634 1636 6605
f 1636 1638 6606
f 1638 1639 6607
f 1639 1641 6608
f 1641 1643 6609
f 1643 1645 6610
f 1645 1646 6611
f 1646 1648 6612
f 1648 1650 6613
f 1650 1651 6614
f 1651 1652 6615
f 1652 1654 6616
f 1654 1656 6617
f 1656 1658 6618
f 1658 1660 6619
f 1660 1662 6620
f 1662 1664 6621
f 1664 1665 6622
f 1665 1689 6623
f 1689 1691 6624
f 1691 1692 6625
f 1692 1694 6626
f 1694 1696 6627
f 1696 1698 6628
f 1698 1700 6629
f 1700 1702 6630
f 1702 1704 6631
f 1704 1706 6632
f 1706 1708 6633
f 556 6591 557
f 557 6634 1668
f 1668 6635 1669
f 1669 6636 1670
f 1670 6637 510
f 510 6638 1671
f 1671 6639 1673
f 1673 6640 1674
f 1674 6641 1675
f 1675 6642 1676
f 1676 6643 1677
f 1677 6590 1678
f 1678 6588 1679
f 1679 6644 1680
f 1680 6645 1681
f 1681 6646 1682
f 1682 6647 1683
f 1683 6648 1685
f 1685 6649 1672
f 1672 6650 1686
f 1686 6651 1687
f 1687 6652 2194
f 2194 6653 2195
f 2195 6654 2196
f 1708 1709 6655
f 1709 1711 6656
f 1711 1712 6657
f 1712 1714 6658
f 1714 1716 6659
f 1716 1718 6660
f 1718 1720 6661
f 1720 1722 6662
f 1722 1724 6663
f 1724 1726 6664
f 1726 1728 6665
f 1728 1729 6666
f 1729 1734 6667
f 1734 1736 6668
f 1736 1737 6669
f 1737 1739 6670
f 1739 1741 6671
f 1741 1742 6672
f 1742 1744 6673
f 1744 1746 6674
f 1746 1748 6675
f 1748 1750 6676
f 1750 1751 6677
f 1753 1755 6678
f 1751 1753 6679
f 1755 1756 6680
f 1756 1758 6681
f 1758 1760 6682
f 1760 1762 6683
f 1762 1764 6684
f 1764 1766 6685
f 1766 1768 6686
f 1768 1770 6687
f 1770 1772 6688
f 1772 1773 6689
f 1773 1777 6690
f 1777 1779 6691
f 1779 1781 6692
f 1781 1783 6693
f 1783 1785 6694
f 1785 1787 6695
f 1787 1789 6696
f 1789 1791 6697
f 1791 1793 6698
f 1793 1794 6699
f 1794 1795 6700
f 1795 1797 6701
f 1797 1799 6702
f 1799 1801 6703
f 1801 1803 6704
f 1803 1805 6705
f 1805 1807 6706
f 1807 1809 6707
f 1809 1811 6708
f 1811 1813 6709
f 1813 1814 6710
f 1814 1816 6711
f 1816 1819 6712
f 1819 1821 6713
f 1821 1823 6714
f 1823 1825 6715
f 1825 1827 6716
f 1827 1829 6717
f 1829 1831 6718
f 1831 1833 6719
f 1833 1835 6720
f 1835 1836 6721
f 1836 1838 6722
f 1838 1840 6723
f 1604 6592 6586
f 1606 6593 6592
f 1608 6594 6593
f 1609 6595 6594
f 1611 6596 6595
f 1613 6597 6596
f 1615 6598 6597
f 1617 6589 6598
f 1619 6587 6589
f 1621 6599 6587
f 1623 6600 6599
f 1627 6601 6600
f 1629 6602 6601
f 1630 6603 6602
f 1632 6604 6603
f 1634 6605 6604
f 1636 6606 6605
f 1638 6607 6606
f 1639 6608 6607
f 1641 6609 6608
f 1643 6610 6609
f 1645 6611 6610
f 1646 6612 6611
f 1648 6613 6612
f 1650 6614 6613
f 1651 6615 6614
f 1652 6616 6615
f 1654 6617 6616
f 1656 6618 6617
f 1658 6619 6618
f 1660 6620 6619
f 1662 6621 6620
f 1664 6622 6621
f 1665 6623 6622
f 1689 6624 6623
f 1691 6625 6624
f 1692 6626 6625
f 1694 6627 6626
f 1696 6628 6627
f 1698 6629 6628
f 1700 6630 6629
f 1702 6631 6630
f 1704 6632 6631
f 1706 6633 6632
f 1708 6655 6633
f 556 6585 6591
f 557 6591 6634
f 1668 6634 6635
f 1669 6635 6636
f 1670 6636 6637
f 510 6637 6638
f 1671 6638 6639
f 1673 6639 6640
f 1674 6640 6641
f 1675 6641 6642
f 1676 6642 6643
f 1677 6643 6590
f 1678 6590 6588
f 1679 6588 6644
f 1680 6644 6645
f 1681 6645 6646
f 1682 6646 6647
f 1683 6647 6648
f 1685 6648 6649
f 1672 6649 6650
f 1686 6650 6651
f 1687 6651 6652
f 2194 6652 6653
f 2195 6653 6654
f 1709 6656 6655
f 1711 6657 6656
f 1712 6658 6657
f 1714 6659 6658
f 1716 6660 6659
f 1718 6661 6660
f 1720 6662 6661
f 1722 6663 6662
f 1724 6664 6663
f 1726 6665 6664
f 1728 6666 6665
f 1729 6667 6666
f 1734 6668 6667
f 1736 6669 6668
f 1737 6670 6669
f 1739 6671 6670
f 1741 6672 6671
f 1742 6673 6672
f 1744 6674 6673
f 1746 6675 6674
f 1748 6676 6675
f 1750 6677 6676
f 1751 6679 6677
f 1753 6678 6679
f 1755 6680 6678
f 1756 6681 6680
f 1758 6682 6681
f 1760 6683 6682
f 1762 6684 6683
f 1764 6685 6684
f 1766 6686 6685
f 1768 6687 6686
f 1770 6688 6687
f 1772 6689 6688
f 1773 6690 6689
f 1777 6691 6690
f 1779 6692 6691
f 1781 6693 6692
f 1783 6694 6693
f 1785 6695 6694
f 1787 6696 6695
f 1789 6697 6696
f 1791 6698 6697
f 1793 6699 6698
f 1794 6700 6699
f 1795 6701 6700
f 1797 6702 6701
f 1799 6703 6702
f 1801 6704 6703
f 1803 6705 6704
f 1805 6706 6705
f 1807 6707 6706
f 1809 6708 6707
f 1811 6709 6708
f 1813 6710 6709
f 1814 6711 6710
f 1816 6712 6711
f 1819 6713 6712
f 1821 6714 6713
f 1823 6715 6714
f 1825 6716 6715
f 1827 6717 6716
f 1829 6718 6717
f 1831 6719 6718
f 1833 6720 6719
f 1835 6721 6720
f 1836 6722 6721
f 1838 6723 6722
f 1840 6724 6723
f 6520 6521 6597
f 6521 6586 6596
f 6586 6592 6595
f 6592 6593 6595
f 6593 6594 6595
f 6586 6595 6596
f 6521 6596 6597
f 6520 6597 6598
f 6520 6598 6589
f 6601 6602 6609
f 6602 6603 6608
f 6603 6604 6607
f 6599 6600 6619
f 6604 6605 6607
f 6605 6606 6607
f 6603 6607 6608
f 6602 6608 6609
f 6600 6601 6619
f 6601 6609 6610
f 6587 6599 6630
f 6601 6610 6619
f 6599 6619 6620
f 6610 6611 6618
f 6611 6612 6617
f 6612 6613 6616
f 6613 6614 6616
f 6612 6616 6617
f 6614 6615 6616
f 6611 6617 6618
f 6610 6618 6619
f 6599 6620 6630
f 6587 6630 6661
f 6620 6621 6628
f 6621 6622 6627
f 6622 6623 6626
f 6623 6624 6626
f 6622 6626 6627
f 6624 6625 6626
f 6621 6627 6628
f 6587 6661 6662
f 6620 6628 6629
f 6620 6629 6630
f 6630 6631 6659
f 6631 6632 6658
f 6632 6633 6657
f 6576 6590 6577
f 6577 6642 6591
f 6556 6588 6590
f 6591 6642 6634
f 6636 6638 6637
f 6577 6643 6642
f 6577 6590 6643
f 6634 6641 6635
f 6635 6640 6636
f 6636 6639 6638
f 6636 6640 6639
f 6635 6641 6640
f 6634 6642 6641
f 6644 6654 6645
f 6645 6654 6646
f 6646 6653 6647
f 6648 6650 6649
f 6647 6652 6648
f 6648 6651 6650
f 6648 6652 6651
f 6647 6653 6652
f 6646 6654 6653
f 6633 6655 6657
f 6632 6657 6658
f 6631 6658 6659
f 6655 6656 6657
f 6630 6659 6660
f 6630 6660 6661
f 6667 6668 6671
f 6665 6666 6673
f 6666 6667 6672
f 6668 6669 6671
f 6667 6671 6672
f 6666 6672 6673
f 6665 6673 6674
f 6663 6664 6683
f 6664 6665 6683
f 6669 6670 6671
f 6665 6674 6683
f 6662 6663 6704
f 6587 6662 6725
f 6663 6683 6684
f 6674 6675 6682
f 6675 6676 6681
f 6676 6677 6680
f 6677 6679 6680
f 6676 6680 6681
f 6679 6678 6680
f 6675 6681 6682
f 6674 6682 6683
f 6663 6684 6704
f 6684 6685 6692
f 6685 6686 6691
f 6686 6687 6690
f 6662 6704 6705
f 6687 6688 6690
f 6686 6690 6691
f 6688 6689 6690
f 6685 6691 6692
f 6684 6692 6693
f 6684 6693 6694
f 6684 6694 6704
f 6694 6695 6702
f 6695 6696 6701
f 6696 6697 6700
f 6697 6698 6700
f 6696 6700 6701
f 6698 6699 6700
f 6695 6701 6702
f 6694 6702 6703
f 6694 6703 6704
f 6662 6705 6725
f 6708 6709 6716
f 6709 6710 6715
f 6710 6711 6714
f 6711 6712 6714
f 6710 6714 6715
f 6712 6713 6714
f 6706 6707 6726
f 6707 6708 6726
f 6709 6715 6716
f 6708 6716 6717
f 6708 6717 6726
f 6706 6726 6727
f 6705 6706 6728
f 6717 6718 6729
f 6718 6719 6724
f 6719 6720 6723
f 6720 6721 6723
f 6719 6723 6724
f 6718 6724 6729
f 6721 6722 6723
f 6717 6729 6726
f 2196 6730 2197
f 2197 6731 2198
f 2198 6732 2199
f 2199 6733 2200
f 2200 6734 1684
f 1684 6735 2204
f 2204 6736 2201
f 2201 6737 2202
f 2202 6738 2203
f 2203 6739 2206
f 2206 6740 2205
f 2205 6741 2207
f 2207 6742 2208
f 2208 6743 2209
f 2209 6744 2193
f 2193 6745 2210
f 2210 6746 2211
f 2211 6747 2212
f 2212 6748 2213
f 2213 6749 2214
f 2214 6750 2215
f 2215 6751 2216
f 2216 6752 2217
f 2217 6753 538
f 538 6754 2218
f 2218 6755 2220
f 2220 6756 2222
f 2222 6757 2223
f 2223 6758 2224
f 2224 6759 2225
f 2225 6760 2226
f 2226 6761 2227
f 2227 6762 2228
f 2228 6763 2230
f 2230 6764 2231
f 2231 6765 2232
f 2232 6766 2221
f 2221 6767 2219
f 2219 6768 2233
f 2233 6769 2234
f 2234 6770 2235
f 2235 6771 2236
f 2236 6772 2238
f 2238 6773 2239
f 2239 6774 2240
f 2240 6775 2241
f 2241 6776 2242
f 2242 6777 2229
f 2229 6778 2243
f 2243 6779 2244
f 2244 6780 2245
f 2245 6781 2246
f 2246 6782 2247
f 2247 6783 2248
f 2248 6784 2249
f 2249 6785 2250
f 2250 6786 2237
f 2237 6787 2252
f 2252 6788 2328
f 2328 6789 2329
f 2329 6790 2331
f 1840 1842 6724
f 1842 1844 6729
f 1844 1846 6726
f 1846 1847 6727
f 1847 1849 6791
f 1849 1851 6792
f 1851 1853 6793
f 1853 1854 6794
f 1854 1856 6795
f 1856 1858 6796
f 1858 1860 6797
f 1860 2029 6798
f 2029 2031 6799
f 2031 2033 6800
f 2033 2356 6801
f 2356 2035 6802
f 2035 2037 6803
f 2037 2357 6804
f 2357 2039 6805
f 2039 2042 6806
f 2042 2044 6807
f 2044 2046 6808
f 2046 2358 6809
f 2331 6810 2332
f 2332 6811 2333
f 2333 6812 2334
f 2334 6813 2335
f 2335 6814 2336
f 2336 6815 2337
f 2337 6816 2338
f 2338 6817 2339
f 2339 6818 2330
f 2330 6819 2253
f 2253 6820 2341
f 2341 6821 2342
f 2342 6822 2343
f 2343 6823 2344
f 2344 6824 2345
f 2345 6825 2347
f 2347 6826 2349
f 2349 6827 2348
f 2348 6828 2350
f 2350 6829 2340
f 2340 6830 2351
f 2351 6831 2352
f 2352 6832 2353
f 2353 6833 2354
f 2354 6834 2355
f 2355 6835 2384
f 2358 2360 6728
f 2360 2362 6725
f 2362 2364 6836
f 2364 2365 6837
f 2365 2367 6838
f 2367 2368 6839
f 2368 2370 6840
f 2370 2372 6841
f 2372 2373 6842
f 2373 2375 6843
f 2375 2377 6844
f 2377 2379 6845
f 2379 2381 6846
f 2381 2383 6847
f 2383 2721 6848
f 2721 2723 6849
f 2723 2724 6850
f 2724 2728 6851
f 2728 2725 6852
f 2725 2727 6853
f 2727 2731 6854
f 2731 2733 6855
f 2733 2735 6856
f 2735 2737 6857
f 2737 2739 6858
f 2739 2741 6859
f 2741 2743 6860
f 2743 2744 6861
f 2744 2746 6862
f 2746 2747 6863
f 2747 2749 6864
f 2749 2751 6865
f 2751 2753 6866
f 2753 2758 6867
f 2758 2760 6868
f 2760 2762 6869
f 2762 2764 6870
f 2764 2765 6871
f 2765 2767 6872
f 2767 2768 6873
f 2768 2770 6874
f 2770 2772 6875
f 2772 2774 6876
f 2774 2776 6877
f 2776 2778 6878
f 2384 6879 2385
f 2385 6880 2386
f 2386 6881 2387
f 2387 6882 2346
f 2346 6883 2388
f 2388 6884 2389
f 2389 6885 2390
f 2390 6886 2391
f 2391 6887 2392
f 2392 6888 2393
f 2393 6889 2394
f 2394 6890 2395
f 2395 6891 2251
f 2251 6892 2396
f 2396 6893 2398
f 2398 6894 2399
f 2399 6895 2400
f 2400 6896 2401
f 2401 6897 2402
f 2402 6898 2403
f 2403 6899 2404
f 2404 6900 2405
f 2405 6901 2406
f 2406 6902 2407
f 2407 6903 2408
f 2408 6904 2409
f 2409 6905 2397
f 2397 6906 2411
f 2411 6907 2412
f 2412 6908 2413
f 2413 6909 2414
f 2414 6910 2415
f 2415 6911 2416
f 2416 6912 2418
f 2418 6913 2419
f 2419 6914 2420
f 2420 6915 2410
f 2410 6916 2421
f 2421 6917 2422
f 2422 6918 2423
f 2423 6919 2424
f 2424 6920 2425
f 2425 6921 2426
f 2426 6922 2427
f 2427 6923 2428
f 2428 6924 2417
f 2417 6925 2430
f 2430 6926 2431
f 2431 6927 2433
f 2433 6928 2432
f 2432 6929 2434
f 2434 6930 2435
f 2435 6931 2436
f 2436 6932 2437
f 2437 6933 2439
f 2439 6934 2440
f 2440 6935 2441
f 2441 6936 2442
f 2442 6937 2443
f 2443 6938 2438
f 2438 6939 2445
f 2445 6940 2446
f 2446 6941 2447
f 2447 6942 2448
f 2778 2780 6943
f 2780 2782 6944
f 2782 2784 6945
f 2784 2785 6946
f 2785 2786 6947
f 2786 2788 6948
f 2788 2790 6949
f 2790 2792 6950
f 2792 2794 6951
f 2794 2796 6952
f 2796 2798 6953
f 2798 2800 6954
f 2800 2802 6955
f 2802 2804 6956
f 2804 2805 6957
f 2805 2807 6958
f 2807 2808 6959
f 2808 2812 6960
f 2812 2814 6961
f 2814 2815 6962
f 2815 2817 6963
f 2817 2819 6964
f 2819 2821 6965
f 2821 2823 6966
f 2823 2825 6967
f 2825 2826 6968
f 2826 2828 6969
f 2828 2829 6970
f 2829 2831 6971
f 2831 2833 6972
f 2833 2835 6973
f 2835 2837 6974
f 2837 2842 6975
f 2842 2844 6976
f 2844 2866 6977
f 2866 2868 6978
f 2868 2869 6979
f 2869 2871 6980
f 2871 2873 6981
f 2873 2875 6982
f 2875 2877 6983
f 2877 2878 6984
f 2878 2880 6985
f 2880 2881 6986
f 2881 2883 6987
f 2448 6988 2449
f 2449 6989 2450
f 2450 6990 2846
f 2846 6991 2847
f 2847 6992 2848
f 2848 6993 2444
f 2444 6994 2849
f 2849 6995 2850
f 2850 6996 2851
f 2851 6997 2852
f 2852 6998 2853
f 2853 6999 2854
f 2854 7000 2855
f 2855 7001 2856
f 2856 7002 2857
f 2857 7003 2451
f 2451 7004 2859
f 2859 7005 2860
f 2860 7006 2861
f 2861 7007 2862
f 2862 7008 2863
f 2863 7009 2864
f 2864 7010 2865
f 2865 7011 3065
f 2883 2886 7012
f 2886 2887 7013
f 2887 2889 7014
f 2889 2891 7015
f 2891 2893 7016
f 2893 2895 7017
f 2895 2897 7018
f 2897 2899 7019
f 2899 2900 7020
f 2900 2902 7021
f 2902 2904 7022
f 2904 2906 7023
f 2906 2908 7024
f 2908 2909 7025
f 2909 2911 7026
f 2911 2913 7027
f 2913 2914 7028
f 2914 2973 7029
f 2973 2955 7030
f 2955 2958 7031
f 2958 2974 7032
f 2974 2960 7033
f 2960 2968 7034
f 2968 2976 7035
f 2976 2970 7036
f 2970 2977 7037
f 2977 2979 7038
f 2979 2981 7039
f 2981 2983 7040
f 2983 2984 7041
f 2984 2985 7042
f 2985 2986 7043
f 2986 2987 7044
f 2987 2988 7045
f 2988 2989 7046
f 2989 2990 7047
f 2990 2991 7048
f 2991 2992 7049
f 2992 2993 7050
f 2993 2994 7051
f 2994 2995 7052
f 2995 2996 7053
f 2996 2997 7054
f 2997 2998 7055
f 2998 2999 7056
f 2999 3000 7057
f 3000 3001 7058
f 3001 3002 7059
f 3002 3003 7060
f 3003 3004 7061
f 3004 3005 7062
f 3005 3006 7063
f 3006 3007 7064
f 3007 3008 7065
f 3008 3009 7066
f 3009 3010 7067
f 3010 3011 7068
f 3011 3012 7069
f 3012 3013 7070
f 3013 3014 7071
f 3014 3015 7072
f 3015 3016 7073
f 3065 7074 2429
f 2429 7075 3066
f 3066 7076 3068
f 3068 7077 3069
f 3069 7078 3070
f 3070 7079 3071
f 3071 7080 3072
f 3072 7081 3073
f 3073 7082 3074
f 3074 7083 3075
f 3075 7084 3076
f 3076 7085 3077
f 3077 7086 3079
f 3079 7087 3080
f 3080 7088 3067
f 3067 7089 3081
f 3081 7090 3083
f 3083 7091 3087
f 3087 7092 3084
f 3084 7093 3085
f 3085 7094 3086
f 3086 7095 3088
f 3088 7096 3089
f 3089 7097 3090
f 3090 7098 3078
f 3078 7099 3091
f 3091 7100 3092
f 3092 7101 3094
f 3094 7102 3095
f 3095 7103 3096
f 3096 7104 3093
f 3093 7105 3097
f 3097 7106 3098
f 3098 7107 3099
f 3099 7108 3082
f 3082 7109 3103
f 3103 7110 3100
f 3100 7111 3101
f 3101 7112 3104
f 3104 7113 3105
f 3105 7114 3107
f 3107 7115 3102
f 3102 7116 3106
f 3106 7117 2858
f 2858 7118 3108
f 3108 7119 3114
f 3114 7120 3113
f 3113 7121 3110
f 3110 7122 3111
f 3111 7123 3115
f 3115 7124 3112
f 3112 7125 3116
f 3116 7126 3117
f 3117 7127 3118
f 3118 7128 3119
f 3119 7129 3120
f 3120 7130 3121
f 3121 7131 3109
f 3109 7132 3126
f 3126 7133 3123
f 3123 7134 3124
f 3124 7135 3128
f 3128 7136 3125
f 3125 7137 3129
f 3129 7138 3127
f 3127 7139 3131
f 3016 3017 7140
f 3017 3018 7141
f 3018 3019 7142
f 3019 3020 7143
f 3020 3021 7144
f 3021 3022 7145
f 3022 3023 7146
f 3023 3024 7147
f 3024 3025 7148
f 3025 3026 7149
f 3026 3027 7150
f 3027 3028 7151
f 3028 3029 7152
f 3029 3030 7153
f 3030 3031 7154
f 3031 3032 7155
f 3032 3033 7156
f 3033 3034 7157
f 3034 3035 7158
f 3035 3036 7159
f 3036 3037 7160
f 3037 3038 7161
f 3038 3039 7162
f 3039 3040 7163
f 3040 3041 7164
f 3041 3042 7165
f 3042 3043 7166
f 3043 3044 7167
f 3044 3045 7168
f 3045 3046 7169
f 3131 7170 3132
f 3132 7171 3122
f 3122 7172 3191
f 3191 7173 3192
f 3192 7174 3193
f 3193 7175 3194
f 3194 7176 3195
f 3195 7177 3196
f 3196 7178 3197
f 3197 7179 3198
f 3198 7180 3130
f 3130 7181 3199
f 3199 7182 3200
f 3200 7183 3201
f 3201 7184 3202
f 3202 7185 3203
f 3203 7186 3204
f 3204 7187 3206
f 3206 7188 3207
f 3207 7189 3208
f 3208 7190 3209
f 3209 7191 3210
f 3210 7192 3211
f 3211 7193 3212
f 3046 3047 7194
f 3047 3048 7195
f 3048 3049 7196
f 3049 3050 7197
f 3050 3051 7198
f 3051 3052 7199
f 3052 3053 7200
f 3053 3054 7201
f 3054 3055 7202
f 3055 3056 7203
f 3056 3057 7204
f 3057 3058 7205
f 3058 3059 7206
f 3059 3060 7207
f 3060 3061 7208
f 3061 3062 7209
f 3062 3063 7210
f 3063 3064 7211
f 3064 3213 7212
f 3212 7213 3205
f 3205 7214 3215
f 3215 7215 3216
f 3216 7216 3217
f 3217 7217 3219
f 3219 7218 3220
f 3220 7219 3221
f 3221 7220 3222
f 3222 7221 3223
f 3223 7222 3224
f 3224 7223 3214
f 3214 7224 3225
f 3225 7225 3226
f 3226 7226 3227
f 3227 7227 3228
f 3228 7228 3229
f 3229 7229 3230
f 3230 7230 3231
f 3231 7231 3232
f 3232 7232 3233
f 3233 7233 3218
f 3218 7234 3251
f 3251 7235 3252
f 3262 7236 3263
f 3264 3263 7237
f 3257 3258 7238
f 3258 3259 7239
f 3259 3260 7240
f 3262 3257 7241
f 3265 7242 3260
f 3265 3266 7243
f 3266 3267 7244
f 3267 3268 7245
f 3268 3254 7246
f 3264 7247 3261
f 3261 7248 3213
f 3252 7249 3255
f 3255 7250 3253
f 3253 7251 3256
f 3256 7252 3254
f 2196 6654 6730
f 2197 6730 6731
f 2198 6731 6732
f 2199 6732 6733
f 2200 6733 6734
f 1684 6734 6735
f 2204 6735 6736
f 2201 6736 6737
f 2202 6737 6738
f 2203 6738 6739
f 2206 6739 6740
f 2205 6740 6741
f 2207 6741 6742
f 2208 6742 6743
f 2209 6743 6744
f 2193 6744 6745
f 2210 6745 6746
f 2211 6746 6747
f 2212 6747 6748
f 2213 6748 6749
f 2214 6749 6750
f 2215 6750 6751
f 2216 6751 6752
f 2217 6752 6753
f 538 6753 6754
f 2218 6754 6755
f 2220 6755 6756
f 2222 6756 6757
f 2223 6757 6758
f 2224 6758 6759
f 2225 6759 6760
f 2226 6760 6761
f 2227 6761 6762
f 2228 6762 6763
f 2230 6763 6764
f 2231 6764 6765
f 2232 6765 6766
f 2221 6766 6767
f 2219 6767 6768
f 2233 6768 6769
f 2234 6769 6770
f 2235 6770 6771
f 2236 6771 6772
f 2238 6772 6773
f 2239 6773 6774
f 2240 6774 6775
f 2241 6775 6776
f 2242 6776 6777
f 2229 6777 6778
f 2243 6778 6779
f 2244 6779 6780
f 2245 6780 6781
f 2246 6781 6782
f 2247 6782 6783
f 2248 6783 6784
f 2249 6784 6785
f 2250 6785 6786
f 2237 6786 6787
f 2252 6787 6788
f 2328 6788 6789
f 2329 6789 6790
f 2331 6790 6810
f 1842 6729 6724
f 1844 6726 6729
f 1846 6727 6726
f 1847 6791 6727
f 1849 6792 6791
f 1851 6793 6792
f 1853 6794 6793
f 1854 6795 6794
f 1856 6796 6795
f 1858 6797 6796
f 1860 6798 6797
f 2029 6799 6798
f 2031 6800 6799
f 2033 6801 6800
f 2356 6802 6801
f 2035 6803 6802
f 2037 6804 6803
f 2357 6805 6804
f 2039 6806 6805
f 2042 6807 6806
f 2044 6808 6807
f 2046 6809 6808
f 2358 6728 6809
f 2332 6810 6811
f 2333 6811 6812
f 2334 6812 6813
f 2335 6813 6814
f 2336 6814 6815
f 2337 6815 6816
f 2338 6816 6817
f 2339 6817 6818
f 2330 6818 6819
f 2253 6819 6820
f 2341 6820 6821
f 2342 6821 6822
f 2343 6822 6823
f 2344 6823 6824
f 2345 6824 6825
f 2347 6825 6826
f 2349 6826 6827
f 2348 6827 6828
f 2350 6828 6829
f 2340 6829 6830
f 2351 6830 6831
f 2352 6831 6832
f 2353 6832 6833
f 2354 6833 6834
f 2355 6834 6835
f 2384 6835 6879
f 2360 6725 6728
f 2362 6836 6725
f 2364 6837 6836
f 2365 6838 6837
f 2367 6839 6838
f 2368 6840 6839
f 2370 6841 6840
f 2372 6842 6841
f 2373 6843 6842
f 2375 6844 6843
f 2377 6845 6844
f 2379 6846 6845
f 2381 6847 6846
f 2383 6848 6847
f 2721 6849 6848
f 2723 6850 6849
f 2724 6851 6850
f 2728 6852 6851
f 2725 6853 6852
f 2727 6854 6853
f 2731 6855 6854
f 2733 6856 6855
f 2735 6857 6856
f 2737 6858 6857
f 2739 6859 6858
f 2741 6860 6859
f 2743 6861 6860
f 2744 6862 6861
f 2746 6863 6862
f 2747 6864 6863
f 2749 6865 6864
f 2751 6866 6865
f 2753 6867 6866
f 2758 6868 6867
f 2760 6869 6868
f 2762 6870 6869
f 2764 6871 6870
f 2765 6872 6871
f 2767 6873 6872
f 2768 6874 6873
f 2770 6875 6874
f 2772 6876 6875
f 2774 6877 6876
f 2776 6878 6877
f 2778 6943 6878
f 2385 6879 6880
f 2386 6880 6881
f 2387 6881 6882
f 2346 6882 6883
f 2388 6883 6884
f 2389 6884 6885
f 2390 6885 6886
f 2391 6886 6887
f 2392 6887 6888
f 2393 6888 6889
f 2394 6889 6890
f 2395 6890 6891
f 2251 6891 6892
f 2396 6892 6893
f 2398 6893 6894
f 2399 6894 6895
f 2400 6895 6896
f 2401 6896 6897
f 2402 6897 6898
f 2403 6898 6899
f 2404 6899 6900
f 2405 6900 6901
f 2406 6901 6902
f 2407 6902 6903
f 2408 6903 6904
f 2409 6904 6905
f 2397 6905 6906
f 2411 6906 6907
f 2412 6907 6908
f 2413 6908 6909
f 2414 6909 6910
f 2415 6910 6911
f 2416 6911 6912
f 2418 6912 6913
f 2419 6913 6914
f 2420 6914 6915
f 2410 6915 6916
f 2421 6916 6917
f 2422 6917 6918
f 2423 6918 6919
f 2424 6919 6920
f 2425 6920 6921
f 2426 6921 6922
f 2427 6922 6923
f 2428 6923 6924
f 2417 6924 6925
f 2430 6925 6926
f 2431 6926 6927
f 2433 6927 6928
f 2432 6928 6929
f 2434 6929 6930
f 2435 6930 6931
f 2436 6931 6932
f 2437 6932 6933
f 2439 6933 6934
f 2440 6934 6935
f 2441 6935 6936
f 2442 6936 6937
f 2443 6937 6938
f 2438 6938 6939
f 2445 6939 6940
f 2446 6940 6941
f 2447 6941 6942
f 6654 6739 6730
f 6730 6739 6731
f 6731 6738 6732
f 6733 6735 6734
f 6732 6737 6733
f 6733 6736 6735
f 6733 6737 6736
f 6732 6738 6737
f 6731 6739 6738
f 6644 6761 6654
f 6740 6749 6741
f 6743 6745 6744
f 6654 6760 6739
f 6741 6748 6742
f 6588 6813 6644
f 6742 6747 6743
f 6743 6746 6745
f 6743 6747 6746
f 6742 6748 6747
f 6741 6749 6748
f 6739 6760 6740
f 6740 6758 6749
f 6654 6761 6760
f 6587 6932 6588
f 6749 6758 6750
f 6740 6759 6758
f 6750 6757 6751
f 6751 6756 6752
f 6752 6754 6753
f 6752 6755 6754
f 6740 6760 6759
f 6752 6756 6755
f 6751 6757 6756
f 6750 6758 6757
f 6644 6813 6761
f 6762 6772 6763
f 6763 6772 6764
f 6764 6771 6765
f 6765 6770 6766
f 6766 6768 6767
f 6766 6769 6768
f 6766 6770 6769
f 6765 6771 6770
f 6764 6772 6771
f 6761 6813 6762
f 6762 6812 6772
f 6773 6782 6774
f 6774 6781 6775
f 6775 6780 6776
f 6776 6778 6777
f 6776 6779 6778
f 6776 6780 6779
f 6775 6781 6780
f 6774 6782 6781
f 6772 6812 6773
f 6773 6810 6782
f 6762 6813 6812
f 6782 6810 6783
f 6783 6790 6784
f 6785 6787 6786
f 6784 6789 6785
f 6785 6788 6787
f 6773 6811 6810
f 6773 6812 6811
f 6785 6789 6788
f 6784 6790 6789
f 6783 6810 6790
f 6587 6725 6952
f 6706 6727 6728
f 6727 6791 6798
f 6791 6792 6797
f 6792 6793 6796
f 6793 6794 6796
f 6792 6796 6797
f 6791 6797 6798
f 6794 6795 6796
f 6727 6798 6799
f 6727 6799 6800
f 6705 6728 6725
f 6727 6800 6728
f 6800 6801 6808
f 6801 6802 6807
f 6802 6803 6806
f 6803 6804 6806
f 6804 6805 6806
f 6802 6806 6807
f 6801 6807 6808
f 6800 6808 6809
f 6800 6809 6728
f 6588 6932 6813
f 6814 6824 6815
f 6815 6824 6816
f 6816 6823 6817
f 6818 6820 6819
f 6817 6822 6818
f 6818 6821 6820
f 6818 6822 6821
f 6817 6823 6822
f 6816 6824 6823
f 6824 6834 6825
f 6825 6834 6826
f 6826 6833 6827
f 6827 6832 6828
f 6828 6830 6829
f 6828 6831 6830
f 6814 6899 6824
f 6828 6832 6831
f 6827 6833 6832
f 6826 6834 6833
f 6838 6839 6846
f 6839 6840 6845
f 6840 6841 6844
f 6836 6837 6856
f 6837 6838 6856
f 6841 6842 6844
f 6840 6844 6845
f 6839 6845 6846
f 6842 6843 6844
f 6838 6846 6847
f 6725 6836 6867
f 6838 6847 6856
f 6836 6856 6857
f 6847 6848 6855
f 6848 6849 6854
f 6849 6850 6853
f 6850 6851 6853
f 6851 6852 6853
f 6849 6853 6854
f 6848 6854 6855
f 6847 6855 6856
f 6836 6857 6867
f 6725 6867 6877
f 6857 6858 6865
f 6858 6859 6864
f 6859 6860 6863
f 6860 6861 6863
f 6859 6863 6864
f 6861 6862 6863
f 6858 6864 6865
f 6857 6865 6866
f 6857 6866 6867
f 6725 6877 6951
f 6725 6951 6952
f 6867 6868 6875
f 6868 6869 6874
f 6869 6870 6873
f 6870 6871 6873
f 6869 6873 6874
f 6868 6874 6875
f 6867 6875 6876
f 6871 6872 6873
f 6867 6876 6877
f 6587 6952 7188
f 6824 6898 6834
f 6835 6887 6879
f 6879 6886 6880
f 6881 6883 6882
f 6880 6885 6881
f 6881 6884 6883
f 6881 6885 6884
f 6813 6932 6814
f 6880 6886 6885
f 6834 6898 6835
f 6879 6887 6886
f 6835 6896 6887
f 6824 6899 6898
f 6835 6897 6896
f 6835 6898 6897
f 6887 6896 6888
f 6888 6895 6889
f 6889 6894 6890
f 6890 6892 6891
f 6889 6895 6894
f 6890 6893 6892
f 6890 6894 6893
f 6888 6896 6895
f 6814 6932 6899
f 6587 7188 6932
f 6900 6910 6901
f 6901 6910 6902
f 6904 6906 6905
f 6902 6909 6903
f 6903 6908 6904
f 6904 6907 6906
f 6904 6908 6907
f 6903 6909 6908
f 6902 6910 6909
f 6899 6932 6900
f 6911 6920 6912
f 6912 6919 6913
f 6914 6916 6915
f 6913 6918 6914
f 6914 6917 6916
f 6900 6931 6910
f 6914 6918 6917
f 6913 6919 6918
f 6912 6920 6919
f 6910 6931 6911
f 6911 6929 6920
f 6900 6932 6931
f 6920 6929 6921
f 6911 6930 6929
f 6911 6931 6930
f 6921 6928 6922
f 6923 6925 6924
f 6922 6927 6923
f 6923 6926 6925
f 6923 6927 6926
f 6922 6928 6927
f 6921 6929 6928
f 6933 6988 6934
f 6934 6988 6935
f 6935 6942 6936
f 6937 6939 6938
f 6936 6941 6937
f 6937 6940 6939
f 6937 6941 6940
f 6936 6942 6941
f 6935 6988 6942
f 2780 6944 6943
f 2782 6945 6944
f 2784 6946 6945
f 2785 6947 6946
f 2786 6948 6947
f 2788 6949 6948
f 2790 6950 6949
f 2792 6951 6950
f 2794 6952 6951
f 2796 6953 6952
f 2798 6954 6953
f 2800 6955 6954
f 2802 6956 6955
f 2804 6957 6956
f 2805 6958 6957
f 2807 6959 6958
f 2808 6960 6959
f 2812 6961 6960
f 2814 6962 6961
f 2815 6963 6962
f 2817 6964 6963
f 2819 6965 6964
f 2821 6966 6965
f 2823 6967 6966
f 2825 6968 6967
f 2826 6969 6968
f 2828 6970 6969
f 2829 6971 6970
f 2831 6972 6971
f 2833 6973 6972
f 2835 6974 6973
f 2837 6975 6974
f 2842 6976 6975
f 2844 6977 6976
f 2866 6978 6977
f 2868 6979 6978
f 2869 6980 6979
f 2871 6981 6980
f 2873 6982 6981
f 2875 6983 6982
f 2877 6984 6983
f 2878 6985 6984
f 2880 6986 6985
f 2881 6987 6986
f 2448 6942 6988
f 2449 6988 6989
f 2450 6989 6990
f 2846 6990 6991
f 2847 6991 6992
f 2848 6992 6993
f 2444 6993 6994
f 2849 6994 6995
f 2850 6995 6996
f 2851 6996 6997
f 2852 6997 6998
f 2853 6998 6999
f 2854 6999 7000
f 2855 7000 7001
f 2856 7001 7002
f 2857 7002 7003
f 2451 7003 7004
f 2859 7004 7005
f 2860 7005 7006
f 2861 7006 7007
f 2862 7007 7008
f 2863 7008 7009
f 2864 7009 7010
f 2865 7010 7011
f 2883 7012 6987
f 2886 7013 7012
f 2887 7014 7013
f 2889 7015 7014
f 2891 7016 7015
f 2893 7017 7016
f 2895 7018 7017
f 2897 7019 7018
f 2899 7020 7019
f 2900 7021 7020
f 2902 7022 7021
f 2904 7023 7022
f 2906 7024 7023
f 2908 7025 7024
f 2909 7026 7025
f 2911 7027 7026
f 2913 7028 7027
f 2914 7029 7028
f 2973 7030 7029
f 2955 7031 7030
f 2958 7032 7031
f 2974 7033 7032
f 2960 7034 7033
f 2968 7035 7034
f 2976 7036 7035
f 2970 7037 7036
f 2977 7038 7037
f 2979 7039 7038
f 2981 7040 7039
f 2983 7041 7040
f 2984 7042 7041
f 2985 7043 7042
f 2986 7044 7043
f 2987 7045 7044
f 2988 7046 7045
f 2989 7047 7046
f 2990 7048 7047
f 2991 7049 7048
f 2992 7050 7049
f 2993 7051 7050
f 2994 7052 7051
f 2995 7053 7052
f 2996 7054 7053
f 2997 7055 7054
f 2998 7056 7055
f 2999 7057 7056
f 3000 7058 7057
f 3001 7059 7058
f 3002 7060 7059
f 3003 7061 7060
f 3004 7062 7061
f 3005 7063 7062
f 3006 7064 7063
f 3007 7065 7064
f 3008 7066 7065
f 3009 7067 7066
f 3010 7068 7067
f 3011 7069 7068
f 3012 7070 7069
f 3013 7071 7070
f 3014 7072 7071
f 3015 7073 7072
f 3016 7140 7073
f 6877 6878 6949
f 6878 6943 6948
f 6943 6944 6947
f 6944 6945 6947
f 6943 6947 6948
f 6878 6948 6949
f 6877 6949 6950
f 6945 6946 6947
f 6877 6950 6951
f 6957 6958 6961
f 6955 6956 6963
f 6956 6957 6962
f 6953 6954 6973
f 6958 6959 6961
f 6959 6960 6961
f 6957 6961 6962
f 6956 6962 6963
f 6955 6963 6964
f 6954 6955 6973
f 6952 6953 6984
f 6955 6964 6973
f 6964 6965 6972
f 6965 6966 6971
f 6953 6973 6974
f 6966 6967 6970
f 6953 6974 6984
f 6967 6968 6970
f 6966 6970 6971
f 6968 6969 6970
f 6965 6971 6972
f 6964 6972 6973
f 6952 6984 7018
f 6974 6975 6982
f 6975 6976 6981
f 6976 6977 6980
f 6952 7018 7019
f 6977 6978 6980
f 6978 6979 6980
f 6976 6980 6981
f 6975 6981 6982
f 6974 6982 6983
f 6974 6983 6984
f 6984 6985 7016
f 6985 6986 7015
f 6986 6987 7014
f 6932 7082 6933
f 6988 6998 6989
f 6989 6998 6990
f 6990 6997 6991
f 6992 6994 6993
f 6991 6996 6992
f 6992 6995 6994
f 6992 6996 6995
f 6991 6997 6996
f 6990 6998 6997
f 6933 7082 6988
f 6988 7081 6998
f 6999 7008 7000
f 7000 7007 7001
f 7001 7006 7002
f 7002 7004 7003
f 7002 7005 7004
f 7002 7006 7005
f 7001 7007 7006
f 7000 7008 7007
f 6998 7081 6999
f 6999 7079 7008
f 6988 7082 7081
f 7008 7079 7009
f 7009 7078 7010
f 6999 7080 7079
f 6999 7081 7080
f 6987 7012 7014
f 6986 7014 7015
f 7012 7013 7014
f 6985 7015 7016
f 6984 7016 7017
f 6984 7017 7018
f 7022 7023 7030
f 7024 7025 7028
f 7023 7024 7029
f 7025 7026 7028
f 7020 7021 7040
f 7021 7022 7040
f 7024 7028 7029
f 7026 7027 7028
f 7023 7029 7030
f 7022 7030 7031
f 7022 7031 7040
f 7020 7040 7041
f 7019 7020 7061
f 6952 7019 7189
f 7031 7032 7039
f 7032 7033 7038
f 7033 7034 7037
f 7034 7035 7037
f 7033 7037 7038
f 7032 7038 7039
f 7031 7039 7040
f 7035 7036 7037
f 7020 7041 7061
f 7041 7042 7049
f 7042 7043 7048
f 7043 7044 7047
f 7044 7045 7047
f 7043 7047 7048
f 7045 7046 7047
f 7042 7048 7049
f 7041 7049 7050
f 7041 7050 7051
f 7019 7061 7062
f 7041 7051 7061
f 7051 7052 7059
f 7052 7053 7058
f 7053 7054 7057
f 7054 7055 7057
f 7053 7057 7058
f 7055 7056 7057
f 7052 7058 7059
f 7051 7059 7060
f 7051 7060 7061
f 7065 7066 7073
f 7066 7067 7072
f 7067 7068 7071
f 7068 7069 7071
f 7063 7064 7149
f 7064 7065 7149
f 7069 7070 7071
f 7067 7071 7072
f 7066 7072 7073
f 7065 7073 7140
f 3065 7011 7074
f 2429 7074 7075
f 3066 7075 7076
f 3068 7076 7077
f 3069 7077 7078
f 3070 7078 7079
f 3071 7079 7080
f 3072 7080 7081
f 3073 7081 7082
f 3074 7082 7083
f 3075 7083 7084
f 3076 7084 7085
f 3077 7085 7086
f 3079 7086 7087
f 3080 7087 7088
f 3067 7088 7089
f 3081 7089 7090
f 3083 7090 7091
f 3087 7091 7092
f 3084 7092 7093
f 3085 7093 7094
f 3086 7094 7095
f 3088 7095 7096
f 3089 7096 7097
f 3090 7097 7098
f 3078 7098 7099
f 3091 7099 7100
f 3092 7100 7101
f 3094 7101 7102
f 3095 7102 7103
f 3096 7103 7104
f 3093 7104 7105
f 3097 7105 7106
f 3098 7106 7107
f 3099 7107 7108
f 3082 7108 7109
f 3103 7109 7110
f 3100 7110 7111
f 3101 7111 7112
f 3104 7112 7113
f 3105 7113 7114
f 3107 7114 7115
f 3102 7115 7116
f 3106 7116 7117
f 2858 7117 7118
f 3108 7118 7119
f 3114 7119 7120
f 3113 7120 7121
f 3110 7121 7122
f 3111 7122 7123
f 3115 7123 7124
f 3112 7124 7125
f 3116 7125 7126
f 3117 7126 7127
f 3118 7127 7128
f 3119 7128 7129
f 3120 7129 7130
f 3121 7130 7131
f 3109 7131 7132
f 3126 7132 7133
f 3123 7133 7134
f 3124 7134 7135
f 3128 7135 7136
f 3125 7136 7137
f 3129 7137 7138
f 3127 7138 7139
f 3017 7141 7140
f 3018 7142 7141
f 3019 7143 7142
f 3020 7144 7143
f 3021 7145 7144
f 3022 7146 7145
f 3023 7147 7146
f 3024 7148 7147
f 3025 7149 7148
f 3026 7150 7149
f 3027 7151 7150
f 3028 7152 7151
f 3029 7153 7152
f 3030 7154 7153
f 3031 7155 7154
f 3032 7156 7155
f 3033 7157 7156
f 3034 7158 7157
f 3035 7159 7158
f 3036 7160 7159
f 3037 7161 7160
f 3038 7162 7161
f 3039 7163 7162
f 3040 7164 7163
f 3041 7165 7164
f 3042 7166 7165
f 3043 7167 7166
f 3044 7168 7167
f 3045 7169 7168
f 3131 7139 7170
f 3132 7170 7171
f 3122 7171 7172
f 3191 7172 7173
f 3192 7173 7174
f 3193 7174 7175
f 3194 7175 7176
f 3195 7176 7177
f 3196 7177 7178
f 3197 7178 7179
f 3198 7179 7180
f 3130 7180 7181
f 3199 7181 7182
f 3200 7182 7183
f 3201 7183 7184
f 3202 7184 7185
f 3203 7185 7186
f 3204 7186 7187
f 3206 7187 7188
f 3207 7188 7189
f 3208 7189 7190
f 3209 7190 7191
f 3210 7191 7192
f 3211 7192 7193
f 3046 7194 7169
f 3047 7195 7194
f 3048 7196 7195
f 3049 7197 7196
f 3050 7198 7197
f 3051 7199 7198
f 3052 7200 7199
f 3053 7201 7200
f 3054 7202 7201
f 3055 7203 7202
f 3056 7204 7203
f 3057 7205 7204
f 3058 7206 7205
f 3059 7207 7206
f 3060 7208 7207
f 3061 7209 7208
f 3062 7210 7209
f 3063 7211 7210
f 3064 7212 7211
f 3213 7248 7212
f 3212 7193 7213
f 3205 7213 7214
f 3215 7214 7215
f 3216 7215 7216
f 3217 7216 7217
f 3219 7217 7218
f 3220 7218 7219
f 3221 7219 7220
f 3222 7220 7221
f 3223 7221 7222
f 3224 7222 7223
f 3214 7223 7224
f 3225 7224 7225
f 3226 7225 7226
f 3227 7226 7227
f 3228 7227 7228
f 3229 7228 7229
f 3230 7229 7230
f 3231 7230 7231
f 3232 7231 7232
f 3233 7232 7233
f 3218 7233 7234
f 3251 7234 7235
f 3262 7241 7236
f 3263 7236 7237
f 3257 7238 7241
f 3258 7239 7238
f 3259 7240 7239
f 3260 7242 7240
f 3265 7243 7242
f 3266 7244 7243
f 3267 7245 7244
f 3268 7246 7245
f 3264 7237 7247
f 3261 7247 7248
f 3252 7235 7249
f 3255 7249 7250
f 3254 7252 7246
f 3253 7250 7251
f 3256 7251 7252
f 7011 7075 7074
f 7010 7077 7011
f 7011 7076 7075
f 7011 7077 7076
f 7010 7078 7077
f 7009 7079 7078
f 7083 7093 7084
f 7087 7089 7088
f 7084 7093 7085
f 7085 7092 7086
f 7086 7091 7087
f 7087 7090 7089
f 7087 7091 7090
f 7086 7092 7091
f 7085 7093 7092
f 7083 7103 7093
f 6932 7188 7082
f 7093 7103 7094
f 7082 7125 7083
f 7094 7103 7095
f 7095 7102 7096
f 7097 7099 7098
f 7096 7101 7097
f 7097 7100 7099
f 7097 7101 7100
f 7096 7102 7101
f 7095 7103 7102
f 7083 7124 7103
f 7104 7113 7105
f 7105 7112 7106
f 7107 7109 7108
f 7106 7111 7107
f 7107 7110 7109
f 7107 7111 7110
f 7106 7112 7111
f 7105 7113 7112
f 7103 7124 7104
f 7083 7125 7124
f 7104 7122 7113
f 7113 7122 7114
f 7114 7121 7115
f 7115 7120 7116
f 7019 7062 7189
f 6952 7189 7188
f 7104 7123 7122
f 7104 7124 7123
f 7116 7118 7117
f 7116 7119 7118
f 7116 7120 7119
f 7115 7121 7120
f 7114 7122 7121
f 7082 7188 7125
f 7126 7136 7127
f 7127 7136 7128
f 7128 7135 7129
f 7129 7134 7130
f 7130 7132 7131
f 7130 7133 7132
f 7130 7134 7133
f 7129 7135 7134
f 7128 7136 7135
f 7125 7188 7126
f 7065 7140 7149
f 7063 7149 7150
f 7140 7141 7148
f 7062 7063 7228
f 7141 7142 7147
f 7142 7143 7146
f 7143 7144 7146
f 7142 7146 7147
f 7144 7145 7146
f 7141 7147 7148
f 7140 7148 7149
f 7150 7151 7158
f 7151 7152 7157
f 7152 7153 7156
f 7153 7154 7156
f 7152 7156 7157
f 7154 7155 7156
f 7151 7157 7158
f 7150 7158 7159
f 7150 7159 7160
f 7150 7160 7194
f 7063 7150 7228
f 7160 7161 7168
f 7161 7162 7167
f 7162 7163 7166
f 7163 7164 7166
f 7164 7165 7166
f 7162 7166 7167
f 7161 7167 7168
f 7160 7168 7169
f 7160 7169 7194
f 7137 7176 7138
f 7126 7187 7136
f 7062 7228 7189
f 7138 7175 7139
f 7139 7174 7170
f 7170 7172 7171
f 7170 7173 7172
f 7170 7174 7173
f 7139 7175 7174
f 7138 7176 7175
f 7136 7187 7137
f 7137 7185 7176
f 7126 7188 7187
f 7176 7185 7177
f 7177 7184 7178
f 7179 7181 7180
f 7178 7183 7179
f 7137 7186 7185
f 7137 7187 7186
f 7179 7182 7181
f 7179 7183 7182
f 7178 7184 7183
f 7177 7185 7184
f 7150 7194 7228
f 7189 7218 7190
f 7190 7218 7191
f 7191 7217 7192
f 7194 7195 7210
f 7198 7199 7204
f 7195 7196 7210
f 7196 7197 7210
f 7197 7198 7210
f 7199 7200 7204
f 7200 7201 7204
f 7201 7202 7204
f 7198 7204 7210
f 7202 7203 7204
f 7194 7210 7228
f 7204 7205 7210
f 7205 7206 7210
f 7206 7207 7209
f 7208 7209 7207
f 7206 7209 7210
f 7210 7211 7238
f 7211 7212 7237
f 7210 7240 7228
f 7211 7241 7238
f 7211 7236 7241
f 7210 7239 7240
f 7210 7238 7239
f 7211 7237 7236
f 7212 7247 7237
f 7212 7248 7247
f 7193 7214 7213
f 7192 7216 7193
f 7193 7215 7214
f 7193 7216 7215
f 7192 7217 7216
f 7191 7218 7217
f 7189 7228 7218
f 7218 7228 7219
f 7219 7228 7220
f 7220 7227 7221
f 7222 7224 7223
f 7221 7226 7222
f 7222 7225 7224
f 7222 7226 7225
f 7221 7227 7226
f 7220 7228 7227
f 7228 7249 7229
f 7229 7249 7230
f 7230 7249 7231
f 7232 7234 7233
f 7231 7249 7232
f 7232 7235 7234
f 7228 7240 7242
f 7243 7249 7242
f 7228 7242 7249
f 7243 7244 7249
f 7244 7245 7250
f 7244 7250 7249
f 7245 7246 7251
f 7232 7249 7235
f 7245 7251 7250
f 7246 7252 7251
f 7253 295 263
f 7254 296 295
f 7255 297 296
f 7256 263 1389
f 7257 298 297
f 7258 299 298
f 7259 300 299
f 7260 301 300
f 7261 265 301
f 7262 267 265
f 7263 1383 267
f 7264 269 1383
f 7265 1384 269
f 7266 271 1384
f 7267 273 271
f 7268 276 273
f 7269 278 276
f 7270 1389 1390
f 7271 1390 1392
f 7272 1392 1393
f 7273 1393 1418
f 7274 1418 1435
f 7275 1435 1437
f 7276 281 278
f 7277 284 281
f 7278 286 284
f 7279 1385 286
f 7280 288 1385
f 7281 1437 1439
f 7282 1439 1441
f 7283 1441 1443
f 7284 1443 1444
f 7285 1444 1446
f 7286 1446 1447
f 7287 1386 288
f 7288 290 1386
f 7289 292 290
f 7290 302 292
f 7291 304 302
f 7292 308 304
f 7293 310 308
f 7294 1387 310
f 7295 459 1387
f 7296 1388 459
f 7297 461 1388
f 7298 463 461
f 7299 465 463
f 7300 468 465
f 7301 472 468
f 7302 474 472
f 7303 476 474
f 7304 1572 476
f 7305 478 1572
f 7306 1573 478
f 7307 1447 1448
f 7308 1448 1450
f 7309 1450 1451
f 7310 1451 1453
f 7311 1453 1455
f 7312 1455 1457
f 7313 1457 1474
f 7314 1474 1476
f 7315 1476 1477
f 7316 1477 1479
f 7317 1479 1480
f 7318 1480 1481
f 7319 1481 1482
f 7320 1482 1483
f 7321 1483 1485
f 7322 1485 1487
f 7323 1487 1489
f 7324 1489 1491
f 7325 1491 1493
f 7326 1493 1500
f 7327 1500 1502
f 7328 1502 1504
f 7329 1504 1506
f 7330 1506 1508
f 7331 1508 1509
f 7332 1509 1510
f 7333 1510 1511
f 7334 1511 1513
f 7335 1513 1515
f 7336 1515 1517
f 7337 1517 1518
f 7338 1518 1520
f 7339 1520 1522
f 7340 1522 1524
f 7341 480 1573
f 7342 482 480
f 7343 485 482
f 7344 487 485
f 7345 1533 487
f 7346 1536 1533
f 7347 1539 1536
f 7348 1574 1539
f 7349 1575 1574
f 7350 1541 1575
f 7351 1543 1541
f 7352 1545 1543
f 7353 1547 1545
f 7354 1551 1547
f 7355 1553 1551
f 7356 1555 1553
f 7357 1557 1555
f 7358 1559 1557
f 7359 1624 1559
f 7360 1625 1624
f 7361 1561 1625
f 7362 1563 1561
f 7363 1565 1563
f 7364 1567 1565
f 7365 1570 1567
f 7366 1576 1570
f 7367 1578 1576
f 7368 1580 1578
f 7369 1582 1580
f 7370 1584 1582
f 7371 1587 1584
f 7372 1626 1587
f 7373 1589 1626
f 7374 1592 1589
f 7375 1594 1592
f 7376 1596 1594
f 7377 1598 1596
f 7378 1600 1598
f 7379 1602 1600
f 7380 1605 1602
f 7381 1607 1605
f 7382 1666 1607
f 7383 1610 1666
f 7384 1612 1610
f 7385 1614 1612
f 7386 1616 1614
f 7387 1618 1616
f 7388 1620 1618
f 7389 1622 1620
f 7390 1628 1622
f 7391 1631 1628
f 7392 1633 1631
f 7393 1635 1633
f 7394 1637 1635
f 7395 1667 1637
f 7396 1640 1667
f 7397 1642 1640
f 7398 1644 1642
f 7399 1647 1644
f 7400 1649 1647
f 7401 1653 1649
f 7402 1730 1653
f 7403 1655 1730
f 7404 1731 1655
f 7405 1657 1731
f 7406 1659 1657
f 7407 1661 1659
f 7408 1663 1661
f 7409 1688 1663
f 7410 1690 1688
f 7411 1693 1690
f 7412 1524 1526
f 7413 1526 1528
f 7414 1528 1529
f 7415 1529 1531
f 7416 1531 1532
f 7417 1532 1867
f 7418 1867 1868
f 7419 1868 1870
f 7420 1870 1872
f 7421 1872 1874
f 7422 1874 1879
f 7423 1879 1887
f 7424 1887 1882
f 7425 1882 1884
f 7426 1884 1888
f 7427 1888 1889
f 7428 1889 1886
f 7429 1886 1891
f 7430 1891 1892
f 7431 1892 1894
f 7432 1894 1896
f 7433 1896 1898
f 7434 1898 1900
f 7435 1900 1901
f 7436 1901 1903
f 7437 1903 1905
f 7438 1905 1907
f 7439 1907 1908
f 7440 1732 1693
f 7441 1695 1732
f 7442 1733 1695
f 7443 1697 1733
f 7444 1699 1697
f 7445 1701 1699
f 7446 1703 1701
f 7447 1705 1703
f 7448 1707 1705
f 7449 1710 1707
f 7450 1713 1710
f 7451 1715 1713
f 7452 1717 1715
f 7453 1774 1717
f 7454 1719 1774
f 7455 1721 1719
f 7456 1723 1721
f 7457 1725 1723
f 7458 1727 1725
f 7459 1735 1727
f 7460 1738 1735
f 7461 1740 1738
f 7462 1776 1740
f 7463 1775 1776
f 7464 1743 1775
f 7465 1745 1743
f 7466 1747 1745
f 7467 1749 1747
f 7468 1752 1749
f 7469 1754 1752
f 7470 1757 1754
f 7471 1759 1757
f 7472 1761 1759
f 7473 1817 1761
f 7474 1763 1817
f 7475 1765 1763
f 7476 1767 1765
f 7477 1769 1767
f 7478 1771 1769
f 7479 1778 1771
f 7480 1780 1778
f 7481 1782 1780
f 7482 1784 1782
f 7483 1818 1784
f 7484 1786 1818
f 7485 1788 1786
f 7486 1790 1788
f 7487 1792 1790
f 7488 1908 1909
f 7489 1909 1911
f 7490 1911 1913
f 7491 1913 1914
f 7492 1914 1916
f 7493 1916 1918
f 7494 1918 1920
f 7495 1920 1922
f 7496 1922 1924
f 7497 1924 1926
f 7498 1926 1928
f 7499 1928 1929
f 7500 1929 1934
f 7501 1934 1935
f 7502 1935 1937
f 7503 1937 1938
f 7504 1938 1940
f 7505 1940 1942
f 7506 1942 1943
f 7507 1943 1945
f 7508 1945 1947
f 7509 1947 1949
f 7510 1949 1950
f 7511 1950 1952
f 7512 1952 1953
f 7513 1953 1955
f 7514 1955 1957
f 7515 1957 1959
f 7516 1959 1961
f 7517 1961 1969
f 7518 1969 1967
f 7519 1967 1970
f 7520 1970 1972
f 7521 1972 1973
f 7522 1973 1975
f 7523 1975 1976
f 7524 1976 1978
f 7525 1978 1980
f 7526 1980 1982
f 7527 1982 1984
f 7528 1984 1986
f 7529 1986 1988
f 7530 1988 1989
f 7531 1989 1991
f 7532 1991 1992
f 7533 1992 1994
f 7534 1994 1996
f 7535 1996 1998
f 7536 1998 2000
f 7537 2000 2001
f 7538 2001 2003
f 7539 2003 2005
f 7540 2005 2006
f 7541 2006 2007
f 7542 2007 2008
f 7543 2008 2010
f 7544 2010 2012
f 7545 2012 2013
f 7546 2013 2015
f 7547 2015 2016
f 7548 2016 2017
f 7549 2017 2018
f 7550 2018 2020
f 7551 2020 2021
f 7552 1796 1792
f 7553 1798 1796
f 7554 1800 1798
f 7555 1802 1800
f 7556 1804 1802
f 7557 1822 1804
f 7558 1806 1822
f 7559 1861 1806
f 7560 1808 1861
f 7561 1810 1808
f 7562 1812 1810
f 7563 1815 1812
f 7564 1820 1815
f 7565 1824 1820
f 7566 1826 1824
f 7567 1828 1826
f 7568 1830 1828
f 7569 1832 1830
f 7570 1862 1832
f 7571 1834 1862
f 7572 1837 1834
f 7573 1839 1837
f 7574 1841 1839
f 7575 1843 1841
f 7576 1845 1843
f 7577 1848 1845
f 7578 1850 1848
f 7579 1852 1850
f 7580 2027 1852
f 7581 1855 2027
f 7582 1857 1855
f 7583 1859 1857
f 7584 2028 1859
f 7585 2030 2028
f 7586 2032 2030
f 7587 2034 2032
f 7588 2036 2034
f 7589 2038 2036
f 7590 2040 2038
f 7591 2041 2040
f 7592 2043 2041
f 7593 2045 2043
f 7594 2047 2045
f 7595 2359 2047
f 7596 2021 2022
f 7597 2022 2024
f 7598 2024 2026
f 7599 2026 2054
f 7600 2054 2056
f 7601 2056 2057
f 7602 2057 2059
f 7603 2059 2063
f 7604 2063 2075
f 7605 2075 2065
f 7606 2065 2068
f 7607 2068 2070
f 7608 2070 2072
f 7609 2072 2076
f 7610 2076 2074
f 7611 2074 2078
f 7612 2078 2079
f 7613 2079 2081
f 7614 2081 2083
f 7615 2083 2084
f 7616 2084 2085
f 7617 2085 2087
f 7618 2087 2089
f 7619 2089 2091
f 7620 2091 2093
f 7621 2093 2095
f 7622 2095 2096
f 7623 2096 2097
f 7624 2097 2098
f 7625 2098 2100
f 7626 2100 2101
f 7627 2361 2359
f 7628 2363 2361
f 7629 2366 2363
f 7630 2719 2366
f 7631 2369 2719
f 7632 2371 2369
f 7633 2374 2371
f 7634 2376 2374
f 7635 2378 2376
f 7636 2380 2378
f 7637 2101 2103
f 7638 2103 2105
f 7639 2105 2108
f 7640 2108 2109
f 7641 2109 2111
f 7642 2111 2113
f 7643 2113 2115
f 7644 2115 2116
f 7645 2116 2118
f 7646 2118 2120
f 7647 2120 2122
f 7648 2122 2123
f 7649 2123 2125
f 7650 2125 2126
f 7651 2126 2128
f 7652 2128 2130
f 7653 2130 2132
f 7654 2132 2134
f 7655 2134 2136
f 7656 2136 2137
f 7657 2137 2139
f 7658 2139 2140
f 7659 2140 2141
f 7660 2141 2142
f 7661 2142 2144
f 7662 2144 2145
f 7663 2145 2147
f 7664 2147 2149
f 7665 2149 2150
f 7666 2150 2152
f 7667 2152 2153
f 7668 2153 2155
f 7669 2155 2156
f 7670 2156 2169
f 7671 2169 2170
f 7672 2170 2172
f 7256 7253 263
f 7253 7254 295
f 7254 7255 296
f 7255 7257 297
f 7257 7258 298
f 7258 7259 299
f 7259 7260 300
f 7260 7261 301
f 7261 7262 265
f 7262 7263 267
f 7263 7264 1383
f 7256 1389 7270
f 7264 7265 269
f 7265 7266 1384
f 7266 7267 271
f 7267 7268 273
f 7268 7269 276
f 7270 1390 7271
f 7271 1392 7272
f 7272 1393 7273
f 7273 1418 7274
f 7274 1435 7275
f 7275 1437 7281
f 7269 7276 278
f 7276 7277 281
f 7277 7278 284
f 7278 7279 286
f 7279 7280 1385
f 7281 1439 7282
f 7282 1441 7283
f 7283 1443 7284
f 7284 1444 7285
f 7285 1446 7286
f 7286 1447 7307
f 7280 7287 288
f 7287 7288 1386
f 7288 7289 290
f 7289 7290 292
f 7290 7291 302
f 7291 7292 304
f 7292 7293 308
f 7293 7294 310
f 7294 7295 1387
f 7295 7296 459
f 7296 7297 1388
f 7297 7298 461
f 7298 7299 463
f 7299 7300 465
f 7300 7301 468
f 7301 7302 472
f 7302 7303 474
f 7303 7304 476
f 7304 7305 1572
f 7305 7306 478
f 7306 7341 1573
f 7307 1448 7308
f 7308 1450 7309
f 7309 1451 7310
f 7310 1453 7311
f 7311 1455 7312
f 7312 1457 7313
f 7313 1474 7314
f 7314 1476 7315
f 7315 1477 7316
f 7316 1479 7317
f 7317 1480 7318
f 7318 1481 7319
f 7319 1482 7320
f 7320 1483 7321
f 7321 1485 7322
f 7322 1487 7323
f 7323 1489 7324
f 7324 1491 7325
f 7325 1493 7326
f 7326 1500 7327
f 7327 1502 7328
f 7328 1504 7329
f 7329 1506 7330
f 7330 1508 7331
f 7331 1509 7332
f 7332 1510 7333
f 7333 1511 7334
f 7334 1513 7335
f 7335 1515 7336
f 7336 1517 7337
f 7337 1518 7338
f 7338 1520 7339
f 7339 1522 7340
f 7340 1524 7412
f 7256 7270 7253
f 7253 7270 7254
f 7254 7270 7255
f 7257 7262 7258
f 7258 7260 7259
f 7258 7261 7260
f 7258 7262 7261
f 7255 7270 7257
f 7257 7263 7262
f 7257 7271 7263
f 7257 7270 7271
f 7263 7271 7264
f 7264 7271 7265
f 7265 7271 7266
f 7271 7267 7266
f 7271 7268 7267
f 7271 7272 7268
f 7268 7290 7269
f 7269 7290 7276
f 7278 7280 7279
f 7276 7289 7277
f 7277 7288 7278
f 7278 7287 7280
f 7272 7273 7344
f 7273 7274 7344
f 7278 7288 7287
f 7277 7289 7288
f 7276 7290 7289
f 7268 7300 7290
f 7272 7344 7268
f 7290 7300 7291
f 7294 7296 7295
f 7291 7300 7292
f 7292 7299 7293
f 7293 7298 7294
f 7294 7297 7296
f 7274 7275 7366
f 7294 7298 7297
f 7293 7299 7298
f 7268 7344 7300
f 7292 7300 7299
f 7300 7344 7301
f 7304 7306 7305
f 7301 7344 7302
f 7302 7343 7303
f 7303 7342 7304
f 7304 7341 7306
f 7286 7307 7310
f 7285 7286 7313
f 7307 7308 7309
f 7307 7309 7310
f 7286 7310 7311
f 7286 7311 7312
f 7286 7312 7313
f 7285 7313 7314
f 7285 7314 7315
f 7285 7315 7316
f 7285 7316 7317
f 7274 7365 7344
f 7284 7285 7339
f 7285 7317 7339
f 7317 7318 7325
f 7318 7319 7324
f 7319 7320 7322
f 7320 7321 7322
f 7319 7322 7323
f 7319 7323 7324
f 7284 7339 7340
f 7318 7324 7325
f 7317 7325 7326
f 7317 7326 7327
f 7284 7340 7412
f 7317 7327 7328
f 7317 7328 7339
f 7331 7332 7335
f 7329 7330 7337
f 7328 7329 7339
f 7330 7331 7336
f 7332 7333 7335
f 7331 7335 7336
f 7330 7336 7337
f 7329 7337 7338
f 7333 7334 7335
f 7329 7338 7339
f 7341 7342 480
f 7342 7343 482
f 7343 7344 485
f 7344 7345 487
f 7345 7346 1533
f 7346 7347 1536
f 7347 7348 1539
f 7348 7349 1574
f 7349 7350 1575
f 7350 7351 1541
f 7351 7352 1543
f 7352 7353 1545
f 7353 7354 1547
f 7354 7355 1551
f 7355 7356 1553
f 7356 7357 1555
f 7357 7358 1557
f 7358 7359 1559
f 7359 7360 1624
f 7360 7361 1625
f 7361 7362 1561
f 7362 7363 1563
f 7363 7364 1565
f 7364 7365 1567
f 7365 7366 1570
f 7366 7367 1576
f 7367 7368 1578
f 7368 7369 1580
f 7369 7370 1582
f 7370 7371 1584
f 7371 7372 1587
f 7372 7373 1626
f 7373 7374 1589
f 7374 7375 1592
f 7375 7376 1594
f 7376 7377 1596
f 7377 7378 1598
f 7378 7379 1600
f 7379 7380 1602
f 7380 7381 1605
f 7381 7382 1607
f 7382 7383 1666
f 7383 7384 1610
f 7384 7385 1612
f 7385 7386 1614
f 7386 7387 1616
f 7387 7388 1618
f 7388 7389 1620
f 7389 7390 1622
f 7390 7391 1628
f 7391 7392 1631
f 7392 7393 1633
f 7393 7394 1635
f 7394 7395 1637
f 7395 7396 1667
f 7396 7397 1640
f 7397 7398 1642
f 7398 7399 1644
f 7399 7400 1647
f 7400 7401 1649
f 7401 7402 1653
f 7402 7403 1730
f 7403 7404 1655
f 7404 7405 1731
f 7405 7406 1657
f 7406 7407 1659
f 7407 7408 1661
f 7408 7409 1663
f 7409 7410 1688
f 7410 7411 1690
f 7411 7440 1693
f 7412 1526 7413
f 7413 1528 7414
f 7414 1529 7415
f 7415 1531 7416
f 7416 1532 7417
f 7417 1867 7418
f 7418 1868 7419
f 7419 1870 7420
f 7420 1872 7421
f 7421 1874 7422
f 7422 1879 7423
f 7423 1887 7424
f 7424 1882 7425
f 7425 1884 7426
f 7426 1888 7427
f 7427 1889 7428
f 7428 1886 7429
f 7429 1891 7430
f 7430 1892 7431
f 7431 1894 7432
f 7432 1896 7433
f 7433 1898 7434
f 7434 1900 7435
f 7435 1901 7436
f 7436 1903 7437
f 7437 1905 7438
f 7438 1907 7439
f 7439 1908 7488
f 7440 7441 1732
f 7441 7442 1695
f 7442 7443 1733
f 7443 7444 1697
f 7444 7445 1699
f 7445 7446 1701
f 7446 7447 1703
f 7447 7448 1705
f 7448 7449 1707
f 7449 7450 1710
f 7450 7451 1713
f 7451 7452 1715
f 7452 7453 1717
f 7453 7454 1774
f 7454 7455 1719
f 7455 7456 1721
f 7456 7457 1723
f 7457 7458 1725
f 7458 7459 1727
f 7459 7460 1735
f 7460 7461 1738
f 7461 7462 1740
f 7462 7463 1776
f 7463 7464 1775
f 7464 7465 1743
f 7465 7466 1745
f 7466 7467 1747
f 7467 7468 1749
f 7468 7469 1752
f 7469 7470 1754
f 7470 7471 1757
f 7471 7472 1759
f 7472 7473 1761
f 7473 7474 1817
f 7474 7475 1763
f 7475 7476 1765
f 7476 7477 1767
f 7477 7478 1769
f 7478 7479 1771
f 7479 7480 1778
f 7480 7481 1780
f 7481 7482 1782
f 7482 7483 1784
f 7483 7484 1818
f 7484 7485 1786
f 7485 7486 1788
f 7486 7487 1790
f 7304 7342 7341
f 7303 7343 7342
f 7302 7344 7343
f 7345 7354 7346
f 7346 7353 7347
f 7347 7352 7348
f 7348 7350 7349
f 7348 7351 7350
f 7348 7352 7351
f 7347 7353 7352
f 7344 7365 7345
f 7346 7354 7353
f 7274 7366 7365
f 7275 7281 7447
f 7345 7363 7354
f 7354 7363 7355
f 7355 7362 7356
f 7356 7361 7357
f 7357 7359 7358
f 7357 7360 7359
f 7345 7364 7363
f 7345 7365 7364
f 7356 7362 7361
f 7355 7363 7362
f 7357 7361 7360
f 7275 7447 7366
f 7367 7377 7368
f 7368 7377 7369
f 7371 7373 7372
f 7369 7376 7370
f 7370 7375 7371
f 7371 7374 7373
f 7371 7375 7374
f 7370 7376 7375
f 7369 7377 7376
f 7377 7387 7378
f 7378 7387 7379
f 7379 7386 7380
f 7381 7383 7382
f 7380 7385 7381
f 7381 7384 7383
f 7381 7385 7384
f 7380 7386 7385
f 7379 7387 7386
f 7366 7447 7367
f 7281 7282 7648
f 7282 7283 7648
f 7283 7284 7648
f 7367 7447 7377
f 7387 7397 7388
f 7388 7397 7389
f 7389 7396 7390
f 7391 7393 7392
f 7390 7395 7391
f 7391 7394 7393
f 7391 7395 7394
f 7390 7396 7395
f 7389 7397 7396
f 7377 7447 7387
f 7387 7446 7397
f 7398 7407 7399
f 7399 7406 7400
f 7401 7403 7402
f 7400 7405 7401
f 7401 7404 7403
f 7401 7405 7404
f 7400 7406 7405
f 7399 7407 7406
f 7397 7446 7398
f 7398 7444 7407
f 7387 7447 7446
f 7407 7444 7408
f 7408 7443 7409
f 7409 7442 7410
f 7410 7440 7411
f 7415 7416 7421
f 7414 7415 7423
f 7416 7417 7419
f 7412 7413 7432
f 7413 7414 7432
f 7417 7418 7419
f 7416 7419 7420
f 7416 7420 7421
f 7415 7421 7422
f 7415 7422 7423
f 7414 7423 7432
f 7284 7412 7648
f 7423 7424 7429
f 7412 7432 7433
f 7412 7433 7434
f 7412 7434 7435
f 7424 7425 7428
f 7425 7426 7428
f 7424 7428 7429
f 7426 7427 7428
f 7423 7429 7430
f 7423 7430 7431
f 7423 7431 7432
f 7436 7437 7492
f 7437 7438 7491
f 7438 7439 7490
f 7435 7436 7494
f 7398 7445 7444
f 7398 7446 7445
f 7410 7441 7440
f 7410 7442 7441
f 7409 7443 7442
f 7408 7444 7443
f 7448 7458 7449
f 7449 7458 7450
f 7450 7457 7451
f 7451 7456 7452
f 7452 7454 7453
f 7452 7455 7454
f 7452 7456 7455
f 7451 7457 7456
f 7450 7458 7457
f 7458 7468 7459
f 7459 7468 7460
f 7460 7467 7461
f 7462 7464 7463
f 7461 7466 7462
f 7462 7465 7464
f 7462 7466 7465
f 7461 7467 7466
f 7460 7468 7467
f 7447 7564 7448
f 7281 7673 7447
f 7448 7564 7458
f 7468 7478 7469
f 7469 7478 7470
f 7470 7477 7471
f 7471 7476 7472
f 7472 7474 7473
f 7472 7475 7474
f 7472 7476 7475
f 7471 7477 7476
f 7470 7478 7477
f 7458 7564 7468
f 7468 7563 7478
f 7479 7552 7480
f 7480 7487 7481
f 7482 7484 7483
f 7481 7486 7482
f 7482 7485 7484
f 7482 7486 7485
f 7481 7487 7486
f 7480 7552 7487
f 7488 1909 7489
f 7489 1911 7490
f 7490 1913 7491
f 7491 1914 7492
f 7492 1916 7493
f 7493 1918 7494
f 7494 1920 7495
f 7495 1922 7496
f 7496 1924 7497
f 7497 1926 7498
f 7498 1928 7499
f 7499 1929 7500
f 7500 1934 7501
f 7501 1935 7502
f 7502 1937 7503
f 7503 1938 7504
f 7504 1940 7505
f 7505 1942 7506
f 7506 1943 7507
f 7507 1945 7508
f 7508 1947 7509
f 7509 1949 7510
f 7510 1950 7511
f 7511 1952 7512
f 7512 1953 7513
f 7513 1955 7514
f 7514 1957 7515
f 7515 1959 7516
f 7516 1961 7517
f 7517 1969 7518
f 7518 1967 7519
f 7519 1970 7520
f 7520 1972 7521
f 7521 1973 7522
f 7522 1975 7523
f 7523 1976 7524
f 7524 1978 7525
f 7525 1980 7526
f 7526 1982 7527
f 7527 1984 7528
f 7528 1986 7529
f 7529 1988 7530
f 7530 1989 7531
f 7531 1991 7532
f 7532 1992 7533
f 7533 1994 7534
f 7534 1996 7535
f 7535 1998 7536
f 7536 2000 7537
f 7537 2001 7538
f 7538 2003 7539
f 7539 2005 7540
f 7540 2006 7541
f 7541 2007 7542
f 7542 2008 7543
f 7543 2010 7544
f 7544 2012 7545
f 7545 2013 7546
f 7546 2015 7547
f 7547 2016 7548
f 7548 2017 7549
f 7549 2018 7550
f 7550 2020 7551
f 7551 2021 7596
f 7487 7552 1792
f 7552 7553 1796
f 7553 7554 1798
f 7554 7555 1800
f 7555 7556 1802
f 7556 7557 1804
f 7557 7558 1822
f 7558 7559 1806
f 7559 7560 1861
f 7560 7561 1808
f 7561 7562 1810
f 7562 7563 1812
f 7563 7564 1815
f 7564 7565 1820
f 7565 7566 1824
f 7566 7567 1826
f 7567 7568 1828
f 7568 7569 1830
f 7569 7570 1832
f 7570 7571 1862
f 7571 7572 1834
f 7572 7573 1837
f 7573 7574 1839
f 7574 7575 1841
f 7575 7576 1843
f 7576 7577 1845
f 7577 7578 1848
f 7578 7579 1850
f 7579 7580 1852
f 7580 7581 2027
f 7581 7582 1855
f 7582 7583 1857
f 7583 7584 1859
f 7584 7585 2028
f 7585 7586 2030
f 7586 7587 2032
f 7587 7588 2034
f 7588 7589 2036
f 7589 7590 2038
f 7590 7591 2040
f 7591 7592 2041
f 7592 7593 2043
f 7593 7594 2045
f 7594 7595 2047
f 7595 7627 2359
f 7596 2022 7597
f 7597 2024 7598
f 7598 2026 7599
f 7599 2054 7600
f 7600 2056 7601
f 7601 2057 7602
f 7602 2059 7603
f 7603 2063 7604
f 7604 2075 7605
f 7605 2065 7606
f 7606 2068 7607
f 7607 2070 7608
f 7608 2072 7609
f 7609 2076 7610
f 7610 2074 7611
f 7611 2078 7612
f 7612 2079 7613
f 7613 2081 7614
f 7614 2083 7615
f 7615 2084 7616
f 7616 2085 7617
f 7617 2087 7618
f 7618 2089 7619
f 7619 2091 7620
f 7620 2093 7621
f 7621 2095 7622
f 7622 2096 7623
f 7623 2097 7624
f 7624 2098 7625
f 7625 2100 7626
f 7626 2101 7637
f 7627 7628 2361
f 7628 7629 2363
f 7629 7630 2366
f 7630 7631 2719
f 7631 7632 2369
f 7632 7633 2371
f 7633 7634 2374
f 7634 7635 2376
f 7635 7636 2378
f 7637 2103 7638
f 7638 2105 7639
f 7639 2108 7640
f 7640 2109 7641
f 7641 2111 7642
f 7642 2113 7643
f 7643 2115 7644
f 7644 2116 7645
f 7645 2118 7646
f 7646 2120 7647
f 7647 2122 7648
f 7648 2123 7649
f 7649 2125 7650
f 7650 2126 7651
f 7651 2128 7652
f 7652 2130 7653
f 7653 2132 7654
f 7654 2134 7655
f 7655 2136 7656
f 7656 2137 7657
f 7657 2139 7658
f 7658 2140 7659
f 7659 2141 7660
f 7660 2142 7661
f 7661 2144 7662
f 7662 2145 7663
f 7663 2147 7664
f 7664 2149 7665
f 7665 2150 7666
f 7666 2152 7667
f 7667 2153 7668
f 7668 2155 7669
f 7669 2156 7670
f 7670 2169 7671
f 7671 2170 7672
f 7672 2172 7674
f 7439 7488 7490
f 7488 7489 7490
f 7438 7490 7491
f 7437 7491 7492
f 7436 7492 7493
f 7436 7493 7494
f 7435 7494 7495
f 7435 7495 7515
f 7497 7498 7505
f 7498 7499 7504
f 7495 7496 7515
f 7499 7500 7503
f 7500 7501 7503
f 7499 7503 7504
f 7501 7502 7503
f 7496 7497 7515
f 7498 7504 7505
f 7497 7505 7506
f 7435 7515 7516
f 7497 7506 7515
f 7506 7507 7514
f 7507 7508 7513
f 7508 7509 7512
f 7509 7510 7512
f 7412 7435 7648
f 7508 7512 7513
f 7507 7513 7514
f 7510 7511 7512
f 7506 7514 7515
f 7516 7517 7524
f 7517 7518 7523
f 7518 7519 7522
f 7519 7520 7522
f 7518 7522 7523
f 7517 7523 7524
f 7520 7521 7522
f 7516 7524 7525
f 7516 7525 7526
f 7516 7526 7536
f 7526 7527 7534
f 7527 7528 7533
f 7528 7529 7532
f 7435 7516 7648
f 7529 7530 7532
f 7530 7531 7532
f 7528 7532 7533
f 7527 7533 7534
f 7526 7534 7535
f 7526 7535 7536
f 7516 7536 7600
f 7536 7537 7544
f 7537 7538 7543
f 7538 7539 7542
f 7539 7540 7542
f 7538 7542 7543
f 7540 7541 7542
f 7537 7543 7544
f 7536 7544 7545
f 7536 7545 7546
f 7536 7546 7600
f 7546 7547 7598
f 7547 7548 7597
f 7548 7549 7596
f 7549 7550 7596
f 7548 7596 7597
f 7550 7551 7596
f 7478 7563 7479
f 7468 7564 7563
f 7479 7561 7552
f 7555 7557 7556
f 7479 7562 7561
f 7552 7561 7553
f 7553 7560 7554
f 7554 7559 7555
f 7479 7563 7562
f 7555 7558 7557
f 7555 7559 7558
f 7554 7560 7559
f 7553 7561 7560
f 7281 7648 7673
f 7565 7575 7566
f 7566 7575 7567
f 7569 7571 7570
f 7567 7574 7568
f 7568 7573 7569
f 7569 7572 7571
f 7569 7573 7572
f 7568 7574 7573
f 7567 7575 7574
f 7575 7585 7576
f 7576 7585 7577
f 7579 7581 7580
f 7577 7584 7578
f 7578 7583 7579
f 7579 7582 7581
f 7579 7583 7582
f 7578 7584 7583
f 7577 7585 7584
f 7447 7673 7564
f 7575 7595 7585
f 7585 7595 7586
f 7589 7591 7590
f 7586 7595 7587
f 7587 7594 7588
f 7588 7593 7589
f 7589 7592 7591
f 7589 7593 7592
f 7588 7594 7593
f 7587 7595 7594
f 7547 7597 7598
f 7546 7598 7599
f 7546 7599 7600
f 7516 7600 7647
f 7600 7601 7608
f 7601 7602 7607
f 7602 7603 7606
f 7603 7604 7606
f 7602 7606 7607
f 7604 7605 7606
f 7601 7607 7608
f 7600 7608 7609
f 7600 7609 7610
f 7516 7647 7648
f 7610 7611 7618
f 7611 7612 7617
f 7612 7613 7616
f 7613 7614 7616
f 7612 7616 7617
f 7611 7617 7618
f 7614 7615 7616
f 7610 7618 7619
f 7600 7610 7647
f 7610 7619 7620
f 7610 7620 7647
f 7620 7621 7638
f 7621 7622 7637
f 7622 7623 7626
f 7623 7624 7626
f 7622 7626 7637
f 7621 7637 7638
f 7624 7625 7626
f 7595 7636 7627
f 7627 7636 7628
f 7575 7675 7595
f 7630 7632 7631
f 7628 7635 7629
f 7629 7634 7630
f 7630 7633 7632
f 7630 7634 7633
f 7629 7635 7634
f 7628 7636 7635
f 7564 7673 7565
f 7565 7673 7575
f 7620 7638 7646
f 7620 7646 7647
f 7638 7639 7645
f 7639 7640 7645
f 7640 7641 7645
f 7641 7642 7645
f 7638 7645 7646
f 7642 7643 7645
f 7643 7644 7645
f 7653 7654 7661
f 7654 7655 7660
f 7655 7656 7659
f 7651 7652 7670
f 7656 7657 7659
f 7655 7659 7660
f 7657 7658 7659
f 7654 7660 7661
f 7652 7653 7669
f 7650 7651 7676
f 7653 7661 7669
f 7652 7669 7670
f 7651 7670 7671
f 7661 7662 7668
f 7662 7663 7668
f 7663 7664 7668
f 7664 7665 7668
f 7661 7668 7669
f 7648 7649 7677
f 7651 7671 7676
f 7665 7666 7668
f 7666 7667 7668
f 7678 2382 2380
f 7679 2720 2382
f 7680 2722 2720
f 7681 2754 2722
f 7682 2729 2754
f 7683 2726 2729
f 7684 2730 2726
f 7685 2732 2730
f 7686 2734 2732
f 7687 2736 2734
f 7688 2738 2736
f 7689 2740 2738
f 7690 2742 2740
f 7691 2745 2742
f 7692 2755 2745
f 7693 2748 2755
f 7694 2756 2748
f 7695 2750 2756
f 7696 2752 2750
f 7697 2757 2752
f 7698 2759 2757
f 7675 2761 2759
f 7699 2763 2761
f 7700 2766 2763
f 7701 2769 2766
f 7702 2771 2769
f 7703 2773 2771
f 7704 2809 2773
f 7705 2775 2809
f 7706 2777 2775
f 7707 2779 2777
f 7708 2781 2779
f 7709 2783 2781
f 7710 2787 2783
f 7711 2789 2787
f 7712 2791 2789
f 7713 2810 2791
f 7714 2793 2810
f 7715 2795 2793
f 7716 2797 2795
f 7717 2799 2797
f 7718 2801 2799
f 7719 2803 2801
f 7720 2806 2803
f 7674 2172 2173
f 7721 2173 2174
f 7722 2174 2175
f 7723 2175 2177
f 7724 2177 2179
f 7725 2179 2181
f 7726 2181 2183
f 7727 2183 2187
f 7728 2187 2917
f 7729 2917 2918
f 7730 2918 2919
f 7676 2919 2920
f 7731 2920 2921
f 7732 2921 2922
f 7733 2922 2923
f 7734 2923 2924
f 7735 2924 2925
f 7736 2925 2926
f 7737 2926 2928
f 7738 2928 2929
f 7739 2929 2932
f 7740 2811 2806
f 7741 2813 2811
f 7742 2838 2813
f 7743 2839 2838
f 7744 2816 2839
f 7745 2818 2816
f 7746 2820 2818
f 7747 2822 2820
f 7748 2824 2822
f 7749 2827 2824
f 7750 2830 2827
f 7751 2832 2830
f 7752 2834 2832
f 7753 2836 2834
f 7754 2840 2836
f 7755 2841 2840
f 7756 2843 2841
f 7757 2845 2843
f 7758 2867 2845
f 7759 2870 2867
f 7673 2872 2870
f 7677 2874 2872
f 7760 2876 2874
f 7761 2932 2934
f 7762 2934 2936
f 7763 2936 2938
f 7764 2938 2939
f 7765 2939 2941
f 7766 2941 2942
f 7767 2942 2950
f 7768 2950 2951
f 7769 2879 2876
f 7770 2884 2879
f 7771 2882 2884
f 7772 2915 2882
f 7773 2885 2915
f 7774 2888 2885
f 7775 2890 2888
f 7776 2892 2890
f 7777 2894 2892
f 7778 2896 2894
f 7779 2898 2896
f 7780 2901 2898
f 7781 2903 2901
f 7782 2972 2903
f 7783 2905 2972
f 7784 2907 2905
f 7785 2951 2952
f 7786 2952 2953
f 7787 2953 2954
f 7788 2954 2962
f 7789 2962 2963
f 7790 2910 2907
f 7791 2912 2910
f 7792 2975 2912
f 7793 2963 2975
f 7636 7678 2380
f 7678 7679 2382
f 7679 7680 2720
f 7680 7681 2722
f 7681 7682 2754
f 7682 7683 2729
f 7683 7684 2726
f 7684 7685 2730
f 7685 7686 2732
f 7686 7687 2734
f 7687 7688 2736
f 7688 7689 2738
f 7689 7690 2740
f 7690 7691 2742
f 7691 7692 2745
f 7692 7693 2755
f 7693 7694 2748
f 7694 7695 2756
f 7695 7696 2750
f 7696 7697 2752
f 7697 7698 2757
f 7698 7675 2759
f 7675 7699 2761
f 7699 7700 2763
f 7700 7701 2766
f 7701 7702 2769
f 7702 7703 2771
f 7703 7704 2773
f 7704 7705 2809
f 7705 7706 2775
f 7706 7707 2777
f 7707 7708 2779
f 7708 7709 2781
f 7709 7710 2783
f 7710 7711 2787
f 7711 7712 2789
f 7712 7713 2791
f 7713 7714 2810
f 7714 7715 2793
f 7715 7716 2795
f 7716 7717 2797
f 7717 7718 2799
f 7718 7719 2801
f 7719 7720 2803
f 7674 2173 7721
f 7721 2174 7722
f 7722 2175 7723
f 7723 2177 7724
f 7724 2179 7725
f 7725 2181 7726
f 7726 2183 7727
f 7727 2187 7728
f 7728 2917 7729
f 7729 2918 7730
f 7730 2919 7676
f 7676 2920 7731
f 7731 2921 7732
f 7732 2922 7733
f 7733 2923 7734
f 7734 2924 7735
f 7735 2925 7736
f 7736 2926 7737
f 7737 2928 7738
f 7738 2929 7739
f 7739 2932 7761
f 7720 7740 2806
f 7740 7741 2811
f 7741 7742 2813
f 7742 7743 2838
f 7743 7744 2839
f 7744 7745 2816
f 7745 7746 2818
f 7746 7747 2820
f 7747 7748 2822
f 7748 7749 2824
f 7749 7750 2827
f 7750 7751 2830
f 7751 7752 2832
f 7752 7753 2834
f 7753 7754 2836
f 7754 7755 2840
f 7755 7756 2841
f 7756 7757 2843
f 7757 7758 2845
f 7758 7759 2867
f 7759 7673 2870
f 7673 7677 2872
f 7677 7760 2874
f 7761 2934 7762
f 7762 2936 7763
f 7763 2938 7764
f 7764 2939 7765
f 7765 2941 7766
f 7766 2942 7767
f 7767 2950 7768
f 7768 2951 7785
f 7760 7769 2876
f 7769 7770 2879
f 7770 7771 2884
f 7771 7772 2882
f 7772 7773 2915
f 7773 7774 2885
f 7774 7775 2888
f 7775 7776 2890
f 7776 7777 2892
f 7777 7778 2894
f 7778 7779 2896
f 7779 7780 2898
f 7780 7781 2901
f 7781 7782 2903
f 7782 7783 2972
f 7783 7784 2905
f 7785 2952 7786
f 7786 2953 7787
f 7787 2954 7788
f 7788 2962 7789
f 7789 2963 7793
f 7784 7790 2907
f 7790 7791 2910
f 7791 7792 2912
f 7792 7793 2975
f 7595 7698 7636
f 7678 7687 7679
f 7679 7686 7680
f 7680 7685 7681
f 7681 7683 7682
f 7681 7684 7683
f 7681 7685 7684
f 7680 7686 7685
f 7679 7687 7686
f 7636 7698 7678
f 7678 7696 7687
f 7595 7675 7698
f 7687 7696 7688
f 7690 7692 7691
f 7688 7695 7689
f 7689 7694 7690
f 7690 7693 7692
f 7678 7697 7696
f 7678 7698 7697
f 7690 7694 7693
f 7689 7695 7694
f 7688 7696 7695
f 7575 7673 7675
f 7699 7709 7700
f 7700 7709 7701
f 7701 7708 7702
f 7703 7705 7704
f 7702 7707 7703
f 7703 7706 7705
f 7703 7707 7706
f 7702 7708 7707
f 7701 7709 7708
f 7699 7719 7709
f 7649 7650 7777
f 7675 7673 7699
f 7709 7719 7710
f 7710 7719 7711
f 7711 7718 7712
f 7712 7717 7713
f 7713 7715 7714
f 7713 7716 7715
f 7713 7717 7716
f 7712 7718 7717
f 7711 7719 7718
f 7699 7759 7719
f 7671 7672 7729
f 7672 7674 7728
f 7674 7721 7728
f 7721 7722 7728
f 7722 7723 7728
f 7723 7724 7728
f 7724 7725 7728
f 7672 7728 7729
f 7671 7729 7730
f 7725 7726 7728
f 7726 7727 7728
f 7671 7730 7676
f 7650 7676 7777
f 7648 7677 7673
f 7649 7777 7677
f 7732 7733 7762
f 7733 7734 7761
f 7734 7735 7761
f 7735 7736 7761
f 7736 7737 7761
f 7733 7761 7762
f 7732 7762 7763
f 7732 7763 7764
f 7737 7738 7761
f 7738 7739 7761
f 7720 7748 7740
f 7742 7744 7743
f 7740 7747 7741
f 7741 7746 7742
f 7742 7745 7744
f 7742 7746 7745
f 7699 7673 7759
f 7741 7747 7746
f 7740 7748 7747
f 7719 7759 7720
f 7720 7757 7748
f 7748 7757 7749
f 7749 7756 7750
f 7751 7753 7752
f 7750 7755 7751
f 7720 7758 7757
f 7720 7759 7758
f 7751 7754 7753
f 7751 7755 7754
f 7750 7756 7755
f 7749 7757 7756
f 7676 7731 7792
f 7731 7732 7792
f 7732 7764 7792
f 7676 7792 7777
f 7764 7765 7793
f 7765 7766 7793
f 7677 7777 7760
f 7771 7773 7772
f 7760 7777 7769
f 7769 7776 7770
f 7770 7775 7771
f 7771 7774 7773
f 7771 7775 7774
f 7770 7776 7775
f 7769 7777 7776
f 7777 7792 7778
f 7778 7792 7779
f 7779 7791 7780
f 7781 7783 7782
f 7780 7790 7781
f 7781 7784 7783
f 7766 7767 7793
f 7767 7768 7793
f 7768 7785 7793
f 7785 7786 7793
f 7786 7787 7793
f 7787 7788 7793
f 7788 7789 7793
f 7764 7793 7792
f 7781 7790 7784
f 7780 7791 7790
f 7779 7792 7791
f 7794 220 106
f 7795 106 114
f 7796 113 115
f 7797 114 113
f 7798 115 128
f 7799 128 125
f 7800 105 120
f 7801 123 105
f 7802 120 121
f 7803 118 109
f 7804 116 118
f 7805 122 119
f 7806 119 117
f 7807 121 122
f 7808 117 116
f 7809 127 124
f 7810 126 127
f 7811 124 123
f 7812 125 126
f 7813 109 130
f 7814 130 132
f 7815 132 133
f 7816 133 131
f 7817 131 134
f 7818 134 135
f 7819 135 136
f 7820 136 110
f 7821 110 138
f 7822 138 139
f 7823 139 140
f 7824 140 141
f 7825 141 143
f 7826 143 142
f 7827 142 137
f 7828 137 145
f 7829 145 146
f 7830 146 147
f 7831 147 224
f 7832 149 150
f 7833 108 149
f 7834 161 108
f 7835 150 151
f 7836 153 158
f 7837 107 153
f 7838 167 107
f 7839 158 157
f 7840 157 156
f 7841 156 160
f 7842 154 161
f 7843 155 154
f 7844 159 155
f 7845 160 159
f 7846 162 164
f 7847 39 162
f 7848 166 165
f 7849 168 167
f 7850 169 168
f 7851 165 169
f 7852 164 163
f 7853 163 166
f 7854 170 39
f 7855 171 170
f 7856 172 171
f 7857 173 172
f 7858 189 173
f 7859 185 184
f 7860 38 186
f 7861 186 185
f 7862 192 38
f 7863 190 189
f 7864 191 190
f 7865 184 191
f 7866 193 192
f 7867 195 193
f 7868 196 195
f 7869 197 196
f 7870 198 197
f 7871 199 198
f 7872 200 199
f 7873 201 200
f 7874 202 201
f 7875 203 202
f 7876 204 203
f 7877 194 204
f 7878 206 194
f 7879 207 206
f 7880 209 207
f 7881 210 209
f 7882 211 210
f 7883 212 211
f 7884 213 212
f 7885 214 213
f 7886 208 214
f 7887 205 208
f 7888 215 205
f 7889 217 215
f 7890 218 220
f 7891 219 218
f 7892 222 219
f 7893 221 222
f 7894 151 152
f 7895 152 221
f 7896 224 223
f 7897 223 225
f 7898 225 226
f 7899 226 227
f 7900 227 228
f 7901 228 229
f 7902 229 230
f 7903 233 217
f 7904 216 233
f 7905 234 216
f 7906 235 234
f 7907 236 235
f 7908 237 236
f 7909 238 237
f 7910 239 238
f 7911 241 239
f 7912 242 241
f 7913 243 242
f 7914 244 243
f 7915 245 244
f 7916 563 245
f 7917 564 563
f 7918 565 564
f 7919 230 231
f 7920 231 232
f 7921 232 361
f 7922 361 363
f 7923 363 364
f 7924 364 366
f 7925 366 362
f 7926 362 365
f 7927 365 367
f 7928 367 368
f 7929 368 369
f 7930 369 370
f 7931 370 371
f 7932 371 372
f 7933 372 373
f 7934 373 111
f 7935 111 375
f 7936 375 374
f 7937 374 376
f 7938 376 377
f 7939 377 378
f 7940 378 380
f 7941 380 381
f 7942 381 382
f 7943 382 112
f 7944 112 384
f 7945 384 385
f 7946 385 386
f 7947 386 387
f 7948 387 388
f 7949 388 389
f 7950 389 392
f 7951 392 393
f 7952 393 383
f 7953 383 391
f 7954 391 395
f 7955 395 396
f 7956 396 397
f 7957 397 398
f 7958 398 399
f 7959 399 400
f 7960 400 401
f 7961 401 402
f 7962 402 403
f 7963 403 394
f 7964 394 405
f 7965 405 407
f 7966 407 408
f 7967 408 409
f 7968 409 410
f 7969 410 411
f 7970 411 412
f 7971 412 415
f 7972 415 416
f 7973 416 406
f 7974 406 413
f 7975 413 414
f 7976 414 404
f 7977 404 129
f 7978 129 418
f 7979 418 419
f 7980 419 420
f 7981 420 417
f 7982 417 421
f 7983 421 422
f 7984 422 423
f 7985 423 424
f 7986 424 144
f 7987 144 426
f 7988 426 425
f 7989 425 427
f 7990 427 428
f 7991 428 429
f 7992 429 430
f 7993 430 431
f 7994 431 432
f 7995 432 433
f 7996 433 434
f 7997 434 932
f 7998 932 933
f 7795 7794 106
f 7795 114 7797
f 7797 113 7796
f 7799 125 7812
f 7799 7798 128
f 7798 7796 115
f 7802 7800 120
f 7800 7801 105
f 7802 121 7807
f 7803 109 7813
f 7804 7808 116
f 7804 118 7803
f 7808 7806 117
f 7805 119 7806
f 7805 7807 122
f 7811 7809 124
f 7810 7812 126
f 7810 127 7809
f 7801 7811 123
f 7813 130 7814
f 7814 132 7815
f 7815 133 7816
f 7816 131 7817
f 7817 134 7818
f 7818 135 7819
f 7819 136 7820
f 7820 110 7821
f 7821 138 7822
f 7822 139 7823
f 7823 140 7824
f 7824 141 7825
f 7825 143 7826
f 7826 142 7827
f 7827 137 7828
f 7828 145 7829
f 7829 146 7830
f 7830 147 7831
f 7831 224 7896
f 7838 7849 167
f 7833 149 7832
f 7833 7834 108
f 7832 150 7835
f 7839 157 7840
f 7837 7838 107
f 7837 153 7836
f 7839 7836 158
f 7841 7840 156
f 7841 160 7845
f 7842 161 7834
f 7842 7843 154
f 7843 7844 155
f 7845 159 7844
f 7846 164 7852
f 7847 7854 39
f 7846 7847 162
f 7850 168 7849
f 7850 7851 169
f 7848 165 7851
f 7852 163 7853
f 7848 7853 166
f 7854 7855 170
f 7856 171 7855
f 7858 7863 189
f 7856 7857 172
f 7857 7858 173
f 7859 7861 185
f 7861 7860 186
f 7860 7862 38
f 7862 7866 192
f 7865 191 7864
f 7863 7864 190
f 7865 7859 184
f 7866 7867 193
f 7867 7868 195
f 7868 7869 196
f 7869 7870 197
f 7870 7871 198
f 7871 7872 199
f 7872 7873 200
f 7873 7874 201
f 7874 7875 202
f 7875 7876 203
f 7876 7877 204
f 7877 7878 194
f 7878 7879 206
f 7879 7880 207
f 7880 7881 209
f 7881 7882 210
f 7882 7883 211
f 7883 7884 212
f 7884 7885 213
f 7885 7886 214
f 7886 7887 208
f 7887 7888 205
f 7888 7889 215
f 7889 7903 217
f 7891 218 7890
f 7892 7893 222
f 7892 219 7891
f 7895 7894 152
f 7895 221 7893
f 7835 151 7894
f 7794 7890 220
f 7896 223 7897
f 7897 225 7898
f 7898 226 7899
f 7899 227 7900
f 7900 228 7901
f 7901 229 7902
f 7903 7904 233
f 7904 7905 216
f 7905 7906 234
f 7906 7907 235
f 7907 7908 236
f 7908 7909 237
f 7909 7910 238
f 7910 7911 239
f 7911 7912 241
f 7912 7913 242
f 7913 7914 243
f 7914 7915 244
f 7915 7916 245
f 7916 7917 563
f 7917 7918 564
f 7795 7797 7794
f 7798 7892 7796
f 7799 7893 7798
f 7799 7812 7893
f 7802 7801 7800
f 7804 7803 7814
f 7804 7814 7808
f 7805 7816 7812
f 7808 7814 7806
f 7805 7806 7814
f 7805 7814 7815
f 7805 7815 7816
f 7807 7810 7809
f 7805 7812 7810
f 7802 7811 7801
f 7802 7807 7809
f 7802 7809 7811
f 7805 7810 7807
f 7893 7812 7825
f 7803 7813 7814
f 7816 7817 7824
f 7817 7818 7823
f 7818 7819 7822
f 7819 7820 7822
f 7818 7822 7823
f 7820 7821 7822
f 7816 7825 7812
f 7817 7823 7824
f 7816 7824 7825
f 7826 7827 7898
f 7827 7828 7897
f 7828 7829 7896
f 7829 7830 7896
f 7828 7896 7897
f 7830 7831 7896
f 7833 7832 7834
f 7832 7835 7843
f 7832 7842 7834
f 7835 7894 7844
f 7895 7893 7845
f 7895 7845 7894
f 7837 7836 7838
f 7838 7836 7849
f 7850 7836 7839
f 7851 7839 7840
f 7848 7840 7841
f 7832 7843 7842
f 7835 7844 7843
f 7894 7845 7844
f 7846 7854 7847
f 7850 7849 7836
f 7850 7839 7851
f 7848 7851 7840
f 7864 7841 7845
f 7848 7858 7853
f 7848 7841 7858
f 7846 7855 7854
f 7852 7853 7857
f 7846 7852 7856
f 7846 7856 7855
f 7852 7857 7856
f 7853 7858 7857
f 7858 7841 7863
f 7863 7841 7864
f 7864 7845 7882
f 7859 7862 7861
f 7861 7862 7860
f 7859 7866 7862
f 7865 7864 7871
f 7859 7867 7866
f 7865 7869 7859
f 7859 7868 7867
f 7859 7869 7868
f 7865 7870 7869
f 7865 7871 7870
f 7864 7872 7871
f 7864 7882 7872
f 7872 7882 7873
f 7873 7882 7874
f 7874 7881 7875
f 7875 7880 7876
f 7876 7878 7877
f 7876 7879 7878
f 7876 7880 7879
f 7875 7881 7880
f 7874 7882 7881
f 7883 7905 7884
f 7884 7904 7885
f 7886 7888 7887
f 7885 7903 7886
f 7886 7889 7888
f 7886 7903 7889
f 7885 7904 7903
f 7797 7891 7890
f 7796 7892 7891
f 7798 7893 7892
f 7794 7797 7890
f 7797 7796 7891
f 7893 7825 7845
f 7845 7825 7826
f 7845 7826 7900
f 7845 7900 7926
f 7845 7926 7927
f 7827 7897 7898
f 7826 7898 7899
f 7826 7899 7900
f 7900 7901 7924
f 7845 7916 7882
f 7845 7917 7916
f 7845 7918 7917
f 7884 7905 7904
f 7882 7916 7883
f 7883 7914 7905
f 7908 7910 7909
f 7905 7914 7906
f 7906 7913 7907
f 7907 7912 7908
f 7883 7915 7914
f 7883 7916 7915
f 7908 7911 7910
f 7908 7912 7911
f 7907 7913 7912
f 7906 7914 7913
f 7845 7999 7918
f 7902 230 7919
f 7919 231 7920
f 7920 232 7921
f 7921 361 7922
f 7922 363 7923
f 7923 364 7924
f 7924 366 7925
f 7925 362 7926
f 7926 365 7927
f 7927 367 7928
f 7928 368 7929
f 7929 369 7930
f 7930 370 7931
f 7931 371 7932
f 7932 372 7933
f 7933 373 7934
f 7934 111 7935
f 7935 375 7936
f 7936 374 7937
f 7937 376 7938
f 7938 377 7939
f 7939 378 7940
f 7940 380 7941
f 7941 381 7942
f 7942 382 7943
f 7943 112 7944
f 7944 384 7945
f 7945 385 7946
f 7946 386 7947
f 7947 387 7948
f 7948 388 7949
f 7949 389 7950
f 7950 392 7951
f 7951 393 7952
f 7952 383 7953
f 7953 391 7954
f 7954 395 7955
f 7955 396 7956
f 7956 397 7957
f 7957 398 7958
f 7958 399 7959
f 7959 400 7960
f 7960 401 7961
f 7961 402 7962
f 7962 403 7963
f 7963 394 7964
f 7964 405 7965
f 7965 407 7966
f 7966 408 7967
f 7967 409 7968
f 7968 410 7969
f 7969 411 7970
f 7970 412 7971
f 7971 415 7972
f 7972 416 7973
f 7973 406 7974
f 7974 413 7975
f 7975 414 7976
f 7976 404 7977
f 7977 129 7978
f 7978 418 7979
f 7979 419 7980
f 7980 420 7981
f 7981 417 7982
f 7982 421 7983
f 7983 422 7984
f 7984 423 7985
f 7985 424 7986
f 7986 144 7987
f 7987 426 7988
f 7988 425 7989
f 7989 427 7990
f 7990 428 7991
f 7991 429 7992
f 7992 430 7993
f 7993 431 7994
f 7994 432 7995
f 7995 433 7996
f 7996 434 7997
f 7997 932 7998
f 7998 933 8000
f 7901 7902 7923
f 7902 7919 7922
f 7919 7920 7922
f 7902 7922 7923
f 7920 7921 7922
f 7901 7923 7924
f 7900 7924 7925
f 7900 7925 7926
f 7845 7927 7969
f 7930 7931 7938
f 7931 7932 7937
f 7932 7933 7936
f 7928 7929 7948
f 7929 7930 7948
f 7933 7934 7936
f 7932 7936 7937
f 7934 7935 7936
f 7931 7937 7938
f 7930 7938 7939
f 7927 7928 7959
f 7930 7939 7948
f 7928 7948 7949
f 7939 7940 7947
f 7940 7941 7946
f 7941 7942 7945
f 7942 7943 7945
f 7941 7945 7946
f 7940 7946 7947
f 7943 7944 7945
f 7928 7949 7959
f 7939 7947 7948
f 7927 7959 7969
f 7949 7950 7957
f 7950 7951 7956
f 7951 7952 7955
f 7952 7953 7955
f 7951 7955 7956
f 7950 7956 7957
f 7949 7957 7958
f 7953 7954 7955
f 7845 7969 7970
f 7845 7970 7999
f 7949 7958 7959
f 7959 7960 7967
f 7960 7961 7966
f 7961 7962 7965
f 7962 7963 7965
f 7961 7965 7966
f 7960 7966 7967
f 7959 7967 7968
f 7963 7964 7965
f 7959 7968 7969
f 7973 7974 7981
f 7974 7975 7980
f 7975 7976 7979
f 7976 7977 7979
f 7977 7978 7979
f 7971 7972 7991
f 7975 7979 7980
f 7974 7980 7981
f 7973 7981 7982
f 7972 7973 7991
f 7973 7982 7991
f 7970 7971 8001
f 7971 7991 7992
f 7982 7983 7990
f 7983 7984 7989
f 7984 7985 7988
f 7985 7986 7988
f 7984 7988 7989
f 7986 7987 7988
f 7983 7989 7990
f 7982 7990 7991
f 7971 7992 8001
f 7992 7993 8002
f 7993 7994 8000
f 7994 7995 7998
f 7995 7996 7998
f 7996 7997 7998
f 7994 7998 8000
f 7993 8000 8002
f 7992 8002 8003
f 7992 8003 8004
f 8005 566 565
f 8006 567 566
f 8007 569 567
f 8008 570 569
f 8009 240 570
f 8010 571 240
f 8011 572 571
f 8012 573 572
f 8013 574 573
f 8014 575 574
f 8015 576 575
f 8016 577 576
f 8017 579 577
f 8018 580 579
f 8019 568 580
f 8020 581 568
f 8021 582 581
f 8022 583 582
f 8023 584 583
f 8024 585 584
f 8025 586 585
f 8026 588 586
f 8027 587 588
f 8028 589 587
f 8029 578 589
f 8030 590 578
f 8031 592 590
f 8032 593 592
f 8033 884 593
f 8034 885 884
f 8035 886 885
f 8036 887 886
f 8037 888 887
f 8038 591 888
f 8039 889 591
f 8040 891 889
f 8041 893 891
f 8042 894 893
f 8043 895 894
f 8044 896 895
f 8045 897 896
f 7999 899 897
f 8046 900 899
f 8047 902 900
f 8048 892 902
f 8049 898 892
f 8050 901 898
f 8051 890 901
f 8052 905 890
f 8053 906 905
f 8054 907 906
f 8055 908 907
f 8056 909 908
f 8057 910 909
f 8058 911 910
f 8059 912 911
f 8060 913 912
f 8061 903 913
f 8062 914 903
f 8063 915 914
f 8064 916 915
f 8065 917 916
f 8066 918 917
f 8067 919 918
f 8068 920 919
f 8069 921 920
f 8070 922 921
f 8071 904 922
f 8072 923 904
f 8073 925 923
f 8074 926 925
f 8075 927 926
f 8076 928 927
f 8077 929 928
f 8000 933 934
f 8002 934 935
f 8003 935 936
f 8004 936 937
f 8078 937 938
f 8079 938 940
f 8080 940 939
f 8081 939 931
f 8082 931 941
f 8083 941 943
f 8084 943 942
f 8085 945 929
f 8086 924 945
f 8087 930 924
f 8088 946 930
f 8089 948 946
f 8090 950 948
f 8091 951 950
f 8092 952 951
f 8093 953 952
f 8094 954 953
f 8095 955 954
f 8096 956 955
f 8097 976 956
f 8098 977 976
f 8099 978 977
f 8100 949 978
f 8101 947 949
f 8102 982 947
f 8103 979 982
f 8104 980 979
f 8105 981 980
f 8106 984 981
f 8107 985 984
f 8108 986 985
f 8109 987 986
f 8110 988 987
f 8111 975 988
f 8112 989 975
f 8113 990 989
f 8114 991 990
f 8115 992 991
f 8116 993 992
f 8117 994 993
f 8118 995 994
f 8119 996 995
f 8120 997 996
f 8121 983 997
f 8122 998 983
f 8123 1000 998
f 8124 1001 1000
f 8125 1002 1001
f 8126 1003 1002
f 8127 1004 1003
f 8128 1005 1004
f 8129 1006 1005
f 8130 999 1006
f 8131 942 944
f 8132 944 1009
f 8001 1009 1010
f 8133 1010 1011
f 8134 1011 1012
f 8135 1012 1014
f 8136 1014 1015
f 8137 1015 1016
f 8138 1016 1017
f 8139 1017 1013
f 8140 1013 317
f 8141 317 1018
f 8142 1018 1019
f 8143 1019 1020
f 8144 1020 1021
f 8145 1021 1022
f 8146 1022 1023
f 8147 1023 1024
f 8148 1024 1025
f 8149 1025 379
f 8150 379 1027
f 8151 1027 1028
f 8152 1028 1029
f 8153 1029 1030
f 8154 1030 1032
f 8155 1032 1026
f 8156 1026 1031
f 8157 1031 1033
f 8158 1033 1034
f 8159 1034 1035
f 8160 1035 1037
f 8161 1037 1036
f 8162 1036 1038
f 8163 1038 1039
f 8164 1039 1040
f 8165 1040 1041
f 8166 1041 1042
f 8167 1042 1043
f 8168 1043 1044
f 8169 1044 1045
f 8170 1045 1047
f 8171 1047 1046
f 8172 1046 1048
f 8173 1048 1049
f 8174 1049 1050
f 8175 1050 1051
f 8176 1051 1052
f 8177 1052 1053
f 8178 1053 1054
f 8179 1054 1055
f 8180 1055 1056
f 8181 1056 1057
f 8182 1057 1058
f 8183 1058 390
f 8184 390 1060
f 8185 1060 1061
f 8186 1061 1062
f 8187 1062 1063
f 8188 1063 1065
f 8189 1065 1066
f 8190 1066 1067
f 8191 1067 1059
f 8192 1059 1064
f 8193 1064 1069
f 8194 1069 1070
f 8195 1070 1071
f 8196 1071 1072
f 8197 1072 1073
f 8198 1073 1074
f 8199 1074 1075
f 8200 1075 1076
f 8201 1076 1077
f 8202 1077 1068
f 8203 1068 1079
f 8204 1079 1120
f 8205 1120 1121
f 8206 1121 1122
f 8207 1081 999
f 8208 1083 1081
f 8209 1084 1083
f 8210 1085 1084
f 8211 1086 1085
f 8212 1087 1086
f 8213 1088 1087
f 8214 1089 1088
f 8215 1090 1089
f 8216 1091 1090
f 8217 1092 1091
f 8218 1093 1092
f 8219 1094 1093
f 8220 1082 1094
f 8221 1096 1082
f 8222 1097 1096
f 8223 1099 1097
f 8224 1100 1099
f 8225 1101 1100
f 8226 1102 1101
f 8227 1104 1102
f 8228 1098 1104
f 8229 1103 1098
f 8230 1095 1103
f 8231 1105 1095
f 8232 1106 1105
f 8233 1107 1106
f 8234 1108 1107
f 8235 1109 1108
f 8236 1110 1109
f 8237 1111 1110
f 8238 1112 1111
f 8239 1008 1112
f 8240 1116 1008
f 8241 1113 1116
f 8242 1114 1113
f 8243 1117 1114
f 8244 1137 1117
f 8245 1138 1137
f 8246 1122 1123
f 8247 1123 1124
f 8248 1124 1126
f 8249 1126 1125
f 8250 1125 1119
f 8251 1119 1078
f 8252 1078 1128
f 8253 1128 1134
f 8254 1134 1129
f 8255 1129 1131
f 8256 1131 1130
f 8257 1130 1132
f 8258 1132 1133
f 8259 1140 1138
f 8260 1141 1140
f 8261 1143 1141
f 8262 1144 1143
f 8263 1115 1144
f 8264 1139 1115
f 8265 1142 1139
f 8266 1118 1142
f 8267 1146 1118
f 8268 1148 1146
f 8269 1149 1148
f 8270 1151 1149
f 8271 1152 1151
f 8272 1153 1152
f 8273 1154 1153
f 8274 1155 1154
f 8275 1147 1155
f 8276 1145 1147
f 8277 1287 1145
f 8278 1288 1287
f 8279 1289 1288
f 8280 1290 1289
f 8281 1291 1290
f 8282 1292 1291
f 8283 1293 1292
f 8284 1294 1293
f 8285 1295 1294
f 8286 1150 1295
f 8287 1296 1150
f 8288 1298 1296
f 8289 1299 1298
f 8290 1300 1299
f 8291 1301 1300
f 8292 1302 1301
f 8293 1303 1302
f 8294 1304 1303
f 8295 1297 1304
f 8296 1305 1297
f 8297 1307 1305
f 8298 1309 1307
f 8299 1311 1309
f 8300 1312 1311
f 8301 1313 1312
f 8302 1314 1313
f 8303 2452 1314
f 7918 8005 565
f 8005 8006 566
f 8006 8007 567
f 8007 8008 569
f 8008 8009 570
f 8009 8010 240
f 8010 8011 571
f 8011 8012 572
f 8012 8013 573
f 8013 8014 574
f 8014 8015 575
f 8015 8016 576
f 8016 8017 577
f 8017 8018 579
f 8018 8019 580
f 8019 8020 568
f 8020 8021 581
f 8021 8022 582
f 8022 8023 583
f 8023 8024 584
f 8024 8025 585
f 8025 8026 586
f 8026 8027 588
f 8027 8028 587
f 8028 8029 589
f 8029 8030 578
f 8030 8031 590
f 8031 8032 592
f 8032 8033 593
f 7918 8014 8005
f 8005 8014 8006
f 8006 8013 8007
f 8008 8010 8009
f 8007 8012 8008
f 8008 8011 8010
f 8008 8012 8011
f 8007 8013 8012
f 8006 8014 8013
f 8014 8024 8015
f 8015 8024 8016
f 8016 8023 8017
f 8018 8020 8019
f 8017 8022 8018
f 8018 8021 8020
f 8018 8022 8021
f 8017 8023 8022
f 8016 8024 8023
f 7918 7999 8014
f 8014 8045 8024
f 8025 8034 8026
f 8026 8033 8027
f 8028 8030 8029
f 8027 8032 8028
f 8028 8031 8030
f 8028 8032 8031
f 8027 8033 8032
f 8026 8034 8033
f 8033 8034 884
f 8034 8035 885
f 8035 8036 886
f 8036 8037 887
f 8037 8038 888
f 8038 8039 591
f 8039 8040 889
f 8040 8041 891
f 8041 8042 893
f 8042 8043 894
f 8043 8044 895
f 8044 8045 896
f 8045 7999 897
f 7999 8046 899
f 8046 8047 900
f 8047 8048 902
f 8048 8049 892
f 8049 8050 898
f 8050 8051 901
f 8051 8052 890
f 8052 8053 905
f 8053 8054 906
f 8054 8055 907
f 8055 8056 908
f 8056 8057 909
f 8057 8058 910
f 8058 8059 911
f 8059 8060 912
f 8060 8061 913
f 8061 8062 903
f 8062 8063 914
f 8063 8064 915
f 8064 8065 916
f 8065 8066 917
f 8066 8067 918
f 8067 8068 919
f 8068 8069 920
f 8069 8070 921
f 8070 8071 922
f 8071 8072 904
f 8072 8073 923
f 8073 8074 925
f 8074 8075 926
f 8075 8076 927
f 8076 8077 928
f 8077 8085 929
f 8000 934 8002
f 8002 935 8003
f 8003 936 8004
f 8004 937 8078
f 8078 938 8079
f 8079 940 8080
f 8080 939 8081
f 8081 931 8082
f 8082 941 8083
f 8083 943 8084
f 8084 942 8131
f 8085 8086 945
f 8086 8087 924
f 8087 8088 930
f 8088 8089 946
f 8089 8090 948
f 8090 8091 950
f 8091 8092 951
f 8092 8093 952
f 8093 8094 953
f 8094 8095 954
f 8095 8096 955
f 8096 8097 956
f 8097 8098 976
f 8098 8099 977
f 8099 8100 978
f 8100 8101 949
f 8101 8102 947
f 8102 8103 982
f 8103 8104 979
f 8104 8105 980
f 8105 8106 981
f 8106 8107 984
f 8107 8108 985
f 8108 8109 986
f 8109 8110 987
f 8110 8111 988
f 8111 8112 975
f 8112 8113 989
f 8113 8114 990
f 8114 8115 991
f 8115 8116 992
f 8116 8117 993
f 8117 8118 994
f 8118 8119 995
f 8119 8120 996
f 8120 8121 997
f 8121 8122 983
f 8122 8123 998
f 8123 8124 1000
f 8124 8125 1001
f 8125 8126 1002
f 8126 8127 1003
f 8127 8128 1004
f 8128 8129 1005
f 8129 8130 1006
f 8131 944 8132
f 8132 1009 8001
f 8001 1010 8133
f 8133 1011 8134
f 8134 1012 8135
f 8135 1014 8136
f 8136 1015 8137
f 8137 1016 8138
f 8138 1017 8139
f 8139 1013 8140
f 8140 317 8141
f 8141 1018 8142
f 8142 1019 8143
f 8143 1020 8144
f 8144 1021 8145
f 8145 1022 8146
f 8146 1023 8147
f 8147 1024 8148
f 8148 1025 8149
f 8149 379 8150
f 8150 1027 8151
f 8151 1028 8152
f 8152 1029 8153
f 8153 1030 8154
f 8154 1032 8155
f 8155 1026 8156
f 8156 1031 8157
f 8157 1033 8158
f 8158 1034 8159
f 8159 1035 8160
f 8160 1037 8161
f 8161 1036 8162
f 8162 1038 8163
f 8163 1039 8164
f 8164 1040 8165
f 8165 1041 8166
f 8166 1042 8167
f 8167 1043 8168
f 8168 1044 8169
f 8169 1045 8170
f 8170 1047 8171
f 8171 1046 8172
f 8172 1048 8173
f 8173 1049 8174
f 8174 1050 8175
f 8175 1051 8176
f 8176 1052 8177
f 8177 1053 8178
f 8178 1054 8179
f 8179 1055 8180
f 8180 1056 8181
f 8181 1057 8182
f 8182 1058 8183
f 8183 390 8184
f 8184 1060 8185
f 8185 1061 8186
f 8186 1062 8187
f 8187 1063 8188
f 8188 1065 8189
f 8189 1066 8190
f 8190 1067 8191
f 8191 1059 8192
f 8192 1064 8193
f 8193 1069 8194
f 8194 1070 8195
f 8195 1071 8196
f 8196 1072 8197
f 8197 1073 8198
f 8198 1074 8199
f 8199 1075 8200
f 8200 1076 8201
f 8201 1077 8202
f 8202 1068 8203
f 8203 1079 8204
f 8204 1120 8205
f 8205 1121 8206
f 8130 8207 999
f 8207 8208 1081
f 8208 8209 1083
f 8209 8210 1084
f 8210 8211 1085
f 8211 8212 1086
f 8212 8213 1087
f 8213 8214 1088
f 8214 8215 1089
f 8215 8216 1090
f 8216 8217 1091
f 8217 8218 1092
f 8218 8219 1093
f 8219 8220 1094
f 8220 8221 1082
f 8221 8222 1096
f 8222 8223 1097
f 8223 8224 1099
f 8224 8225 1100
f 8225 8226 1101
f 8226 8227 1102
f 8227 8228 1104
f 8228 8229 1098
f 8229 8230 1103
f 8230 8231 1095
f 8231 8232 1105
f 8232 8233 1106
f 8233 8234 1107
f 8234 8235 1108
f 8235 8236 1109
f 8236 8237 1110
f 8237 8238 1111
f 8238 8239 1112
f 8239 8240 1008
f 8240 8241 1116
f 8241 8242 1113
f 8242 8243 1114
f 8243 8244 1117
f 8244 8245 1137
f 8206 1122 8246
f 8246 1123 8247
f 8247 1124 8248
f 8248 1126 8249
f 8249 1125 8250
f 8250 1119 8251
f 8251 1078 8252
f 8252 1128 8253
f 8253 1134 8254
f 8254 1129 8255
f 8255 1131 8256
f 8256 1130 8257
f 8257 1132 8258
f 8258 1133 8304
f 8245 8259 1138
f 8259 8260 1140
f 8260 8261 1141
f 8261 8262 1143
f 8262 8263 1144
f 8263 8264 1115
f 8264 8265 1139
f 8265 8266 1142
f 8266 8267 1118
f 8267 8268 1146
f 8268 8269 1148
f 8269 8270 1149
f 8270 8271 1151
f 8271 8272 1152
f 8272 8273 1153
f 8273 8274 1154
f 8024 8045 8025
f 8025 8043 8034
f 8014 7999 8045
f 8034 8043 8035
f 8035 8042 8036
f 8036 8041 8037
f 8037 8039 8038
f 8025 8044 8043
f 8025 8045 8044
f 8037 8040 8039
f 8036 8042 8041
f 8037 8041 8040
f 8035 8043 8042
f 8046 8056 8047
f 8047 8056 8048
f 8048 8055 8049
f 8050 8052 8051
f 8049 8054 8050
f 8050 8053 8052
f 8050 8054 8053
f 8049 8055 8054
f 8048 8056 8055
f 8056 8066 8057
f 8057 8066 8058
f 8058 8065 8059
f 8060 8062 8061
f 8059 8064 8060
f 8060 8063 8062
f 7999 8095 8046
f 8060 8064 8063
f 8059 8065 8064
f 8058 8066 8065
f 8046 8095 8056
f 8067 8076 8068
f 8068 8075 8069
f 8070 8072 8071
f 8069 8074 8070
f 8070 8073 8072
f 8056 8094 8066
f 8066 8094 8067
f 8070 8074 8073
f 8069 8075 8074
f 8068 8076 8075
f 7970 8001 8133
f 7992 8004 8001
f 8004 8078 8131
f 8078 8079 8084
f 8079 8080 8083
f 8080 8081 8083
f 8079 8083 8084
f 8078 8084 8131
f 8081 8082 8083
f 8004 8131 8132
f 8004 8132 8001
f 8067 8092 8076
f 8056 8095 8094
f 8067 8093 8092
f 8086 8088 8087
f 8076 8092 8077
f 8077 8091 8085
f 8085 8090 8086
f 8086 8089 8088
f 8086 8090 8089
f 8067 8094 8093
f 8085 8091 8090
f 8077 8092 8091
f 7970 8260 7999
f 8096 8106 8097
f 8097 8106 8098
f 8100 8102 8101
f 8098 8105 8099
f 8099 8104 8100
f 8100 8103 8102
f 8100 8104 8103
f 8099 8105 8104
f 8098 8106 8105
f 8096 8116 8106
f 7999 8260 8095
f 8106 8116 8107
f 8110 8112 8111
f 8095 8214 8096
f 8107 8116 8108
f 8108 8115 8109
f 8109 8114 8110
f 8110 8113 8112
f 8110 8114 8113
f 8109 8115 8114
f 8108 8116 8115
f 8096 8213 8116
f 8120 8122 8121
f 8117 8126 8118
f 8118 8125 8119
f 8119 8124 8120
f 8120 8123 8122
f 8120 8124 8123
f 8119 8125 8124
f 8118 8126 8125
f 8116 8213 8117
f 8096 8214 8213
f 8117 8211 8126
f 8136 8137 8144
f 8137 8138 8143
f 8138 8139 8142
f 8139 8140 8142
f 8140 8141 8142
f 8138 8142 8143
f 8134 8135 8154
f 8135 8136 8154
f 8137 8143 8144
f 8136 8144 8145
f 8133 8134 8165
f 8136 8145 8154
f 8134 8154 8155
f 8145 8146 8153
f 8146 8147 8152
f 8134 8155 8165
f 8147 8148 8151
f 8148 8149 8151
f 8147 8151 8152
f 8149 8150 8151
f 8146 8152 8153
f 8145 8153 8154
f 8133 8165 8175
f 8155 8156 8163
f 8156 8157 8162
f 8157 8158 8161
f 8158 8159 8161
f 8157 8161 8162
f 8159 8160 8161
f 8156 8162 8163
f 8155 8163 8164
f 8155 8164 8165
f 8133 8175 8176
f 8165 8166 8173
f 8166 8167 8172
f 8167 8168 8171
f 8168 8169 8171
f 8167 8171 8172
f 8169 8170 8171
f 8166 8172 8173
f 8165 8173 8174
f 8165 8174 8175
f 8133 8176 8258
f 8179 8180 8187
f 8180 8181 8186
f 8181 8182 8185
f 8182 8183 8185
f 8181 8185 8186
f 8180 8186 8187
f 8179 8187 8188
f 8183 8184 8185
f 8177 8178 8197
f 8178 8179 8197
f 8176 8177 8247
f 8179 8188 8197
f 8177 8197 8198
f 8188 8189 8196
f 8189 8190 8195
f 8190 8191 8194
f 8191 8192 8194
f 8190 8194 8195
f 8192 8193 8194
f 8189 8195 8196
f 8177 8198 8247
f 8188 8196 8197
f 8198 8199 8206
f 8176 8247 8257
f 8199 8200 8205
f 8200 8201 8204
f 8201 8202 8204
f 8202 8203 8204
f 8200 8204 8205
f 8199 8205 8206
f 8198 8206 8246
f 8176 8257 8258
f 8198 8246 8247
f 8117 8212 8211
f 8117 8213 8212
f 8126 8211 8127
f 8127 8210 8128
f 8128 8209 8129
f 8129 8207 8130
f 8129 8208 8207
f 8129 8209 8208
f 8128 8210 8209
f 8127 8211 8210
f 8095 8260 8214
f 8215 8225 8216
f 8216 8225 8217
f 8217 8224 8218
f 8219 8221 8220
f 8218 8223 8219
f 8219 8222 8221
f 8219 8223 8222
f 8218 8224 8223
f 8217 8225 8224
f 8214 8260 8215
f 8215 8259 8225
f 8226 8235 8227
f 8227 8234 8228
f 8229 8231 8230
f 8228 8233 8229
f 8229 8232 8231
f 8229 8233 8232
f 8228 8234 8233
f 8227 8235 8234
f 8225 8259 8226
f 8226 8244 8235
f 8215 8260 8259
f 8235 8244 8236
f 8226 8245 8244
f 8226 8259 8245
f 8238 8240 8239
f 8236 8243 8237
f 8237 8242 8238
f 8238 8241 8240
f 8238 8242 8241
f 8237 8243 8242
f 8236 8244 8243
f 8247 8248 8255
f 8248 8249 8254
f 8249 8250 8253
f 8250 8251 8253
f 8249 8253 8254
f 8251 8252 8253
f 8248 8254 8255
f 8247 8255 8256
f 8247 8256 8257
f 7970 8133 8305
f 7970 8306 8260
f 8261 8271 8262
f 8262 8271 8263
f 8263 8270 8264
f 8264 8269 8265
f 8265 8267 8266
f 8265 8268 8267
f 8265 8269 8268
f 8264 8270 8269
f 8263 8271 8270
f 8260 8303 8261
f 8274 8275 1155
f 8275 8276 1147
f 8276 8277 1145
f 8277 8278 1287
f 8278 8279 1288
f 8279 8280 1289
f 8280 8281 1290
f 8281 8282 1291
f 8282 8283 1292
f 8283 8284 1293
f 8284 8285 1294
f 8285 8286 1295
f 8286 8287 1150
f 8287 8288 1296
f 8288 8289 1298
f 8289 8290 1299
f 8290 8291 1300
f 8291 8292 1301
f 8292 8293 1302
f 8293 8294 1303
f 8294 8295 1304
f 8295 8296 1297
f 8296 8297 1305
f 8297 8298 1307
f 8298 8299 1309
f 8299 8300 1311
f 8300 8301 1312
f 8301 8302 1313
f 8302 8303 1314
f 8271 8281 8272
f 8275 8277 8276
f 8272 8281 8273
f 8273 8280 8274
f 8274 8279 8275
f 8275 8278 8277
f 8275 8279 8278
f 8274 8280 8279
f 8273 8281 8280
f 8261 8303 8271
f 8271 8302 8281
f 8285 8287 8286
f 8282 8291 8283
f 8283 8290 8284
f 8284 8289 8285
f 8285 8288 8287
f 8285 8289 8288
f 8284 8290 8289
f 8283 8291 8290
f 8281 8302 8282
f 8282 8300 8291
f 8271 8303 8302
f 8291 8300 8292
f 8292 8299 8293
f 8282 8301 8300
f 8282 8302 8301
f 8293 8298 8294
f 8294 8296 8295
f 8294 8297 8296
f 8294 8298 8297
f 8293 8299 8298
f 8292 8300 8299
f 8304 1133 1135
f 8307 1135 1136
f 8308 1136 2254
f 8309 2254 2255
f 8310 2255 2256
f 8311 2256 1127
f 8312 1127 1080
f 8313 1080 2258
f 8314 2258 2259
f 8315 2259 2257
f 8316 2257 2260
f 8317 2260 2261
f 8318 2261 2262
f 8319 2262 2263
f 8320 2263 2264
f 8321 2264 2265
f 8322 2265 2267
f 8323 2267 2266
f 8324 2266 2268
f 8325 2268 2269
f 8326 2269 2270
f 8327 2270 2271
f 8328 2271 2272
f 8329 2272 2273
f 8330 2273 2274
f 8331 2274 2275
f 8332 2275 2277
f 8333 2277 2276
f 8334 2276 2278
f 8335 2278 2279
f 8336 2279 2280
f 8337 2280 2281
f 8338 2281 2283
f 8339 2283 2284
f 8340 2284 2285
f 8341 2285 2286
f 8342 2286 2288
f 8343 2288 2287
f 8344 2287 2289
f 8345 2289 2290
f 8346 2290 2291
f 8347 2291 2292
f 8348 2292 2293
f 8349 2293 2294
f 8350 2294 2295
f 8351 2295 2296
f 8352 2296 2297
f 8353 2297 2298
f 8354 2298 2299
f 8355 2299 2282
f 8356 2282 2301
f 8357 2301 2302
f 8358 2302 2303
f 8359 2303 2304
f 8360 2304 2300
f 8361 2300 2305
f 8362 2305 2306
f 8363 2306 2307
f 8364 2307 2308
f 8365 2308 2310
f 8366 2310 2309
f 8367 2309 2311
f 8368 2311 2312
f 8369 2312 2313
f 8370 2313 2314
f 8371 2314 2315
f 8372 2315 2316
f 8373 2316 2317
f 8374 2317 2318
f 8375 2318 2320
f 8376 2320 2319
f 8377 2319 2321
f 8378 2321 2322
f 8379 2322 2323
f 8380 2453 2452
f 8381 2454 2453
f 8382 1310 2454
f 8383 1315 1310
f 8384 1308 1315
f 8385 1306 1308
f 8386 2456 1306
f 8387 2457 2456
f 8388 2458 2457
f 8389 2459 2458
f 8390 2460 2459
f 8391 2461 2460
f 8392 2462 2461
f 8393 2463 2462
f 8394 2464 2463
f 8395 2455 2464
f 8396 2465 2455
f 8397 2467 2465
f 8398 2468 2467
f 8399 2469 2468
f 8400 2470 2469
f 8401 2471 2470
f 8402 2472 2471
f 8403 2473 2472
f 8404 2466 2473
f 8405 1316 2466
f 8406 2474 1316
f 8407 2475 2474
f 8408 2477 2475
f 8409 2478 2477
f 8410 2479 2478
f 8411 2480 2479
f 8412 2482 2480
f 8413 2476 2482
f 8414 2481 2476
f 8415 2483 2481
f 8416 2485 2483
f 8417 2486 2485
f 8418 2487 2486
f 8419 2488 2487
f 8420 2489 2488
f 8421 2490 2489
f 8422 2491 2490
f 8423 2492 2491
f 8424 2509 2492
f 8425 2323 2324
f 8426 2324 2325
f 8427 2325 2326
f 8428 2326 2494
f 8429 2494 2495
f 8430 2495 2497
f 8431 2497 2496
f 8432 2496 2498
f 8433 2498 2499
f 8434 2499 2500
f 8435 2500 2501
f 8436 2501 2502
f 8437 2502 2503
f 8438 2503 2504
f 8439 2504 2505
f 8440 2510 2509
f 8441 2511 2510
f 8442 2512 2511
f 8443 2484 2512
f 8444 2513 2484
f 8445 2515 2513
f 8446 2516 2515
f 8447 2517 2516
f 8448 2518 2517
f 8449 2519 2518
f 8450 2520 2519
f 8451 2521 2520
f 8452 2546 2521
f 8453 2493 2546
f 8454 2547 2493
f 8455 2548 2547
f 8456 2549 2548
f 8457 2550 2549
f 8458 2551 2550
f 8459 2553 2551
f 8460 2552 2553
f 8461 2554 2552
f 8462 2514 2554
f 8463 2555 2514
f 8464 2557 2555
f 8465 2558 2557
f 8466 2559 2558
f 8467 2560 2559
f 8468 2561 2560
f 8469 2562 2561
f 8306 2563 2562
f 8470 2564 2563
f 8471 2565 2564
f 8472 2566 2565
f 8473 2567 2566
f 8474 2568 2567
f 8475 2556 2568
f 8476 2570 2556
f 8477 2571 2570
f 8478 2572 2571
f 8479 2574 2572
f 8480 2575 2574
f 8481 2576 2575
f 8482 2577 2576
f 8483 2578 2577
f 8484 2579 2578
f 8485 2505 2506
f 8486 2506 2507
f 8487 2507 2508
f 8488 2508 2327
f 8489 2327 2584
f 8490 2584 2581
f 8491 2581 2583
f 8492 2583 2582
f 8493 2582 2586
f 8494 2586 2587
f 8495 2587 2588
f 8496 2588 2589
f 8497 2589 2585
f 8498 2585 2590
f 8499 2590 2592
f 8500 2592 2591
f 8501 2591 2593
f 8502 2593 2594
f 8503 2594 2596
f 8504 2596 2597
f 8505 2597 2598
f 8506 2598 2599
f 8507 2599 2595
f 8508 2595 2600
f 8509 2600 2602
f 8510 2602 2603
f 8511 2603 2601
f 8512 2601 2604
f 8513 2604 2606
f 8514 2606 2607
f 8515 2607 2609
f 8516 2609 2610
f 8517 2610 2605
f 8518 2605 2616
f 8519 2616 2617
f 8520 2617 2611
f 8521 2611 2613
f 8522 2613 2612
f 8523 2612 2614
f 8524 2614 2618
f 8525 2618 2619
f 8526 2619 2620
f 8527 2620 2621
f 8528 2621 2622
f 8529 2622 2623
f 8530 2623 2615
f 8531 2615 2608
f 8532 2608 2624
f 8533 2624 2626
f 8534 2626 2628
f 8535 2628 2630
f 8536 2630 2629
f 8537 2629 2631
f 8538 2631 2625
f 8539 2625 2632
f 8540 2632 2627
f 8541 2627 2637
f 8542 2637 2633
f 8543 2633 2635
f 8544 2635 2638
f 8545 2638 2639
f 8546 2639 2640
f 8547 2640 2634
f 8548 2634 2641
f 8549 2641 2642
f 8550 2642 2636
f 8551 2636 2644
f 8552 2644 2643
f 8553 2643 2645
f 8554 2645 2646
f 8555 2646 2647
f 8556 2647 2648
f 8557 2569 2579
f 8558 2657 2569
f 8559 2658 2657
f 8560 2659 2658
f 8561 2660 2659
f 8562 2661 2660
f 8563 2662 2661
f 8564 2663 2662
f 8565 2664 2663
f 8566 2665 2664
f 8567 2573 2665
f 8568 2666 2573
f 8569 2667 2666
f 8570 2669 2667
f 8571 2670 2669
f 8572 2671 2670
f 8573 2672 2671
f 8574 2673 2672
f 8575 2674 2673
f 8576 2668 2674
f 8577 2676 2668
f 8578 2678 2676
f 8579 2680 2678
f 8580 2681 2680
f 8581 2682 2681
f 8582 2683 2682
f 8583 2685 2683
f 8584 2686 2685
f 8585 2687 2686
f 8586 2688 2687
f 8587 2679 2688
f 8588 2684 2679
f 8589 2689 2684
f 8590 2677 2689
f 8591 2691 2677
f 8592 2693 2691
f 8593 2694 2693
f 8594 2696 2694
f 8595 2698 2696
f 8596 2699 2698
f 8597 2700 2699
f 8598 2697 2700
f 8599 2692 2697
f 8600 2690 2692
f 8601 2710 2690
f 8602 2712 2710
f 8603 2648 2649
f 8604 2649 2650
f 8605 2650 2651
f 8606 2651 2652
f 8607 2652 2653
f 8608 2653 2654
f 8609 2654 2655
f 8610 2655 2656
f 8611 2656 2701
f 8612 2701 2703
f 8613 2703 2702
f 8614 2702 2704
f 8615 2704 2705
f 8616 2705 2707
f 8617 2713 2712
f 8618 2714 2713
f 8619 2715 2714
f 8620 2716 2715
f 8621 2717 2716
f 8622 2718 2717
f 8623 2711 2718
f 8624 2695 2711
f 8625 3961 2695
f 8626 3962 3961
f 8627 2707 2708
f 8628 2708 2709
f 8629 2709 2706
f 8630 2706 3134
f 8631 3134 3135
f 8632 3135 3136
f 8633 3136 3137
f 8634 3137 3138
f 8635 3138 3139
f 8636 3139 3140
f 8637 3140 3141
f 8638 3141 3142
f 8639 3142 3133
f 8640 3133 3144
f 8641 3144 3143
f 8642 3143 3145
f 8643 3145 3146
f 8644 3146 3147
f 8645 3147 3148
f 8646 3148 3149
f 8647 3149 3150
f 8648 3150 3151
f 8649 3151 3152
f 8650 3152 3154
f 8651 3154 3155
f 8652 3155 3156
f 8653 3156 3157
f 8654 3157 3158
f 8655 3158 3159
f 8656 3159 3161
f 8657 3161 3163
f 8658 3163 3162
f 8659 3162 3164
f 8660 3164 3165
f 8661 3165 3166
f 8662 3166 3153
f 8663 3153 3160
f 8664 3160 3168
f 8665 3168 3167
f 8666 3167 3169
f 8667 3169 3170
f 8668 3170 3171
f 8669 3171 3172
f 8670 3172 3173
f 8671 3173 3174
f 8672 3174 3175
f 8673 3175 3234
f 8674 3234 3235
f 8675 3235 3236
f 8676 3236 3237
f 8677 3237 3238
f 8678 3238 3239
f 8679 3239 3240
f 8680 3240 3241
f 8681 3241 3242
f 8682 3242 3243
f 8683 3243 3244
f 8684 3244 3245
f 8685 3245 3246
f 8686 3246 3247
f 8687 3247 3248
f 8688 3248 3249
f 8689 3249 3250
f 8690 3250 4249
f 8691 4249 4250
f 8692 4250 3181
f 8693 3181 3183
f 8694 3183 3184
f 8695 3184 3176
f 8696 3176 3178
f 8697 3178 3177
f 8698 3177 3179
f 8699 3179 3180
f 8700 3180 3185
f 8304 1135 8307
f 8307 1136 8308
f 8308 2254 8309
f 8309 2255 8310
f 8310 2256 8311
f 8311 1127 8312
f 8312 1080 8313
f 8313 2258 8314
f 8314 2259 8315
f 8315 2257 8316
f 8316 2260 8317
f 8317 2261 8318
f 8318 2262 8319
f 8319 2263 8320
f 8320 2264 8321
f 8321 2265 8322
f 8322 2267 8323
f 8323 2266 8324
f 8324 2268 8325
f 8325 2269 8326
f 8326 2270 8327
f 8327 2271 8328
f 8328 2272 8329
f 8329 2273 8330
f 8330 2274 8331
f 8331 2275 8332
f 8332 2277 8333
f 8333 2276 8334
f 8334 2278 8335
f 8335 2279 8336
f 8336 2280 8337
f 8337 2281 8338
f 8338 2283 8339
f 8339 2284 8340
f 8340 2285 8341
f 8341 2286 8342
f 8342 2288 8343
f 8343 2287 8344
f 8344 2289 8345
f 8345 2290 8346
f 8346 2291 8347
f 8347 2292 8348
f 8348 2293 8349
f 8349 2294 8350
f 8350 2295 8351
f 8351 2296 8352
f 8352 2297 8353
f 8353 2298 8354
f 8354 2299 8355
f 8355 2282 8356
f 8356 2301 8357
f 8357 2302 8358
f 8358 2303 8359
f 8359 2304 8360
f 8360 2300 8361
f 8361 2305 8362
f 8362 2306 8363
f 8363 2307 8364
f 8364 2308 8365
f 8365 2310 8366
f 8366 2309 8367
f 8367 2311 8368
f 8368 2312 8369
f 8369 2313 8370
f 8370 2314 8371
f 8371 2315 8372
f 8372 2316 8373
f 8373 2317 8374
f 8374 2318 8375
f 8375 2320 8376
f 8376 2319 8377
f 8377 2321 8378
f 8378 2322 8379
f 8379 2323 8425
f 8308 8309 8316
f 8309 8310 8315
f 8310 8311 8314
f 8304 8307 8326
f 8311 8312 8314
f 8312 8313 8314
f 8310 8314 8315
f 8309 8315 8316
f 8308 8316 8317
f 8307 8308 8326
f 8258 8304 8337
f 8308 8317 8326
f 8304 8326 8327
f 8317 8318 8325
f 8318 8319 8324
f 8319 8320 8323
f 8320 8321 8323
f 8319 8323 8324
f 8318 8324 8325
f 8317 8325 8326
f 8304 8327 8337
f 8321 8322 8323
f 8258 8337 8347
f 8327 8328 8335
f 8328 8329 8334
f 8329 8330 8333
f 8330 8331 8333
f 8329 8333 8334
f 8328 8334 8335
f 8258 8347 8348
f 8331 8332 8333
f 8327 8335 8336
f 8327 8336 8337
f 8337 8338 8345
f 8338 8339 8344
f 8339 8340 8343
f 8340 8341 8343
f 8339 8343 8344
f 8338 8344 8345
f 8341 8342 8343
f 8337 8345 8346
f 8337 8346 8347
f 8258 8348 8436
f 8133 8258 8305
f 8351 8352 8359
f 8352 8353 8358
f 8353 8354 8357
f 8354 8355 8357
f 8353 8357 8358
f 8349 8350 8369
f 8350 8351 8369
f 8352 8358 8359
f 8351 8359 8360
f 8355 8356 8357
f 8351 8360 8369
f 8348 8349 8435
f 8349 8369 8370
f 8360 8361 8368
f 8361 8362 8367
f 8362 8363 8366
f 8363 8364 8366
f 8362 8366 8367
f 8364 8365 8366
f 8361 8367 8368
f 8360 8368 8369
f 8349 8370 8435
f 8370 8371 8378
f 8371 8372 8377
f 8372 8373 8376
f 8373 8374 8376
f 8372 8376 8377
f 8374 8375 8376
f 8348 8435 8436
f 8258 8436 8524
f 8371 8377 8378
f 8370 8378 8379
f 8370 8379 8425
f 8303 8380 2452
f 8380 8381 2453
f 8381 8382 2454
f 8382 8383 1310
f 8383 8384 1315
f 8384 8385 1308
f 8385 8386 1306
f 8386 8387 2456
f 8387 8388 2457
f 8388 8389 2458
f 8389 8390 2459
f 8390 8391 2460
f 8391 8392 2461
f 8392 8393 2462
f 8393 8394 2463
f 8394 8395 2464
f 8395 8396 2455
f 8396 8397 2465
f 8397 8398 2467
f 8398 8399 2468
f 8399 8400 2469
f 8400 8401 2470
f 8401 8402 2471
f 8402 8403 2472
f 8403 8404 2473
f 8404 8405 2466
f 8405 8406 1316
f 8406 8407 2474
f 8407 8408 2475
f 8408 8409 2477
f 8409 8410 2478
f 8410 8411 2479
f 8411 8412 2480
f 8412 8413 2482
f 8413 8414 2476
f 8414 8415 2481
f 8415 8416 2483
f 8416 8417 2485
f 8417 8418 2486
f 8418 8419 2487
f 8419 8420 2488
f 8420 8421 2489
f 8421 8422 2490
f 8422 8423 2491
f 8423 8424 2492
f 8425 2324 8426
f 8426 2325 8427
f 8427 2326 8428
f 8428 2494 8429
f 8429 2495 8430
f 8430 2497 8431
f 8431 2496 8432
f 8432 2498 8433
f 8433 2499 8434
f 8434 2500 8435
f 8435 2501 8436
f 8436 2502 8437
f 8437 2503 8438
f 8438 2504 8439
f 8439 2505 8485
f 8424 8440 2509
f 8440 8441 2510
f 8441 8442 2511
f 8442 8443 2512
f 8443 8444 2484
f 8444 8445 2513
f 8445 8446 2515
f 8446 8447 2516
f 8447 8448 2517
f 8448 8449 2518
f 8449 8450 2519
f 8450 8451 2520
f 8451 8452 2521
f 8452 8453 2546
f 8453 8454 2493
f 8454 8455 2547
f 8455 8456 2548
f 8456 8457 2549
f 8457 8458 2550
f 8458 8459 2551
f 8459 8460 2553
f 8460 8461 2552
f 8461 8462 2554
f 8462 8463 2514
f 8463 8464 2555
f 8464 8465 2557
f 8465 8466 2558
f 8466 8467 2559
f 8467 8468 2560
f 8468 8469 2561
f 8469 8306 2562
f 8306 8470 2563
f 8470 8471 2564
f 8471 8472 2565
f 8472 8473 2566
f 8473 8474 2567
f 8474 8475 2568
f 8475 8476 2556
f 8476 8477 2570
f 8477 8478 2571
f 8478 8479 2572
f 8479 8480 2574
f 8480 8481 2575
f 8481 8482 2576
f 8482 8483 2577
f 8483 8484 2578
f 8485 2506 8486
f 8486 2507 8487
f 8487 2508 8488
f 8488 2327 8489
f 8489 2584 8490
f 8490 2581 8491
f 8491 2583 8492
f 8492 2582 8493
f 8493 2586 8494
f 8494 2587 8495
f 8495 2588 8496
f 8496 2589 8497
f 8497 2585 8498
f 8498 2590 8499
f 8499 2592 8500
f 8500 2591 8501
f 8501 2593 8502
f 8502 2594 8503
f 8503 2596 8504
f 8504 2597 8505
f 8505 2598 8506
f 8506 2599 8507
f 8507 2595 8508
f 8508 2600 8509
f 8509 2602 8510
f 8510 2603 8511
f 8511 2601 8512
f 8512 2604 8513
f 8513 2606 8514
f 8514 2607 8515
f 8515 2609 8516
f 8516 2610 8517
f 8517 2605 8518
f 8518 2616 8519
f 8519 2617 8520
f 8520 2611 8521
f 8521 2613 8522
f 8522 2612 8523
f 8523 2614 8524
f 8524 2618 8525
f 8525 2619 8526
f 8526 2620 8527
f 8527 2621 8528
f 8528 2622 8529
f 8529 2623 8530
f 8530 2615 8531
f 8531 2608 8532
f 8532 2624 8533
f 8533 2626 8534
f 8534 2628 8535
f 8535 2630 8536
f 8536 2629 8537
f 8537 2631 8538
f 8538 2625 8539
f 8539 2632 8540
f 8540 2627 8541
f 8541 2637 8542
f 8542 2633 8543
f 8543 2635 8544
f 8544 2638 8545
f 8545 2639 8546
f 8546 2640 8547
f 8547 2634 8548
f 8548 2641 8549
f 8549 2642 8550
f 8550 2636 8551
f 8551 2644 8552
f 8552 2643 8553
f 8553 2645 8554
f 8554 2646 8555
f 8555 2647 8556
f 8556 2648 8603
f 8484 8557 2579
f 8557 8558 2569
f 8558 8559 2657
f 8559 8560 2658
f 8560 8561 2659
f 8561 8562 2660
f 8562 8563 2661
f 8563 8564 2662
f 8564 8565 2663
f 8565 8566 2664
f 8566 8567 2665
f 8567 8568 2573
f 8568 8569 2666
f 8569 8570 2667
f 8570 8571 2669
f 8571 8572 2670
f 8572 8573 2671
f 8573 8574 2672
f 8574 8575 2673
f 8575 8576 2674
f 8576 8577 2668
f 8577 8578 2676
f 8578 8579 2678
f 8579 8580 2680
f 8580 8581 2681
f 8581 8582 2682
f 8582 8583 2683
f 8583 8584 2685
f 8584 8585 2686
f 8585 8586 2687
f 8586 8587 2688
f 8587 8588 2679
f 8588 8589 2684
f 8589 8590 2689
f 8590 8591 2677
f 8591 8592 2691
f 8592 8593 2693
f 8593 8594 2694
f 8594 8595 2696
f 8595 8596 2698
f 8596 8597 2699
f 8597 8598 2700
f 8598 8599 2697
f 8599 8600 2692
f 8600 8601 2690
f 8601 8602 2710
f 8603 2649 8604
f 8604 2650 8605
f 8605 2651 8606
f 8606 2652 8607
f 8607 2653 8608
f 8608 2654 8609
f 8609 2655 8610
f 8610 2656 8611
f 8611 2701 8612
f 8612 2703 8613
f 8613 2702 8614
f 8614 2704 8615
f 8615 2705 8616
f 8616 2707 8627
f 8602 8617 2712
f 8617 8618 2713
f 8618 8619 2714
f 8619 8620 2715
f 8620 8621 2716
f 8621 8622 2717
f 8622 8623 2718
f 8623 8624 2711
f 8624 8625 2695
f 8625 8626 3961
f 8380 8390 8381
f 8381 8390 8382
f 8382 8389 8383
f 8384 8386 8385
f 8383 8388 8384
f 8384 8387 8386
f 8384 8388 8387
f 8383 8389 8388
f 8382 8390 8389
f 8260 8306 8303
f 8390 8400 8391
f 8391 8400 8392
f 8392 8399 8393
f 8393 8398 8394
f 8394 8396 8395
f 8394 8397 8396
f 8394 8398 8397
f 8393 8399 8398
f 8392 8400 8399
f 8380 8422 8390
f 8401 8410 8402
f 8402 8409 8403
f 8403 8408 8404
f 8404 8406 8405
f 8404 8407 8406
f 8390 8421 8400
f 8303 8306 8380
f 8404 8408 8407
f 8403 8409 8408
f 8402 8410 8409
f 8400 8421 8401
f 8401 8419 8410
f 8390 8422 8421
f 8401 8420 8419
f 8410 8419 8411
f 8411 8418 8412
f 8413 8415 8414
f 8412 8417 8413
f 8413 8416 8415
f 8413 8417 8416
f 8401 8421 8420
f 8412 8418 8417
f 8411 8419 8418
f 8380 8306 8422
f 7970 8305 8306
f 8370 8425 8435
f 8425 8426 8433
f 8426 8427 8432
f 8427 8428 8431
f 8428 8429 8431
f 8427 8431 8432
f 8429 8430 8431
f 8426 8432 8433
f 8425 8433 8434
f 8425 8434 8435
f 8423 8448 8424
f 8424 8448 8440
f 8442 8444 8443
f 8440 8447 8441
f 8441 8446 8442
f 8442 8445 8444
f 8442 8446 8445
f 8441 8447 8446
f 8440 8448 8447
f 8422 8306 8423
f 8423 8469 8448
f 8449 8458 8450
f 8450 8457 8451
f 8452 8454 8453
f 8451 8456 8452
f 8452 8455 8454
f 8452 8456 8455
f 8451 8457 8456
f 8450 8458 8457
f 8448 8469 8449
f 8449 8467 8458
f 8423 8306 8469
f 8458 8467 8459
f 8449 8468 8467
f 8459 8466 8460
f 8460 8465 8461
f 8461 8463 8462
f 8461 8464 8463
f 8449 8469 8468
f 8461 8465 8464
f 8460 8466 8465
f 8459 8467 8466
f 8470 8480 8471
f 8471 8480 8472
f 8472 8479 8473
f 8474 8476 8475
f 8473 8478 8474
f 8474 8477 8476
f 8474 8478 8477
f 8473 8479 8478
f 8472 8480 8479
f 8439 8485 8492
f 8486 8487 8490
f 8485 8486 8491
f 8487 8488 8490
f 8437 8438 8502
f 8438 8439 8502
f 8488 8489 8490
f 8486 8490 8491
f 8485 8491 8492
f 8439 8492 8493
f 8436 8437 8513
f 8439 8493 8502
f 8437 8502 8503
f 8493 8494 8501
f 8494 8495 8500
f 8495 8496 8499
f 8496 8497 8499
f 8495 8499 8500
f 8494 8500 8501
f 8497 8498 8499
f 8493 8501 8502
f 8437 8503 8513
f 8436 8513 8523
f 8503 8504 8511
f 8504 8505 8510
f 8505 8506 8509
f 8506 8507 8509
f 8505 8509 8510
f 8504 8510 8511
f 8507 8508 8509
f 8503 8511 8512
f 8436 8523 8524
f 8503 8512 8513
f 8258 8524 8305
f 8513 8514 8521
f 8514 8515 8520
f 8515 8516 8519
f 8516 8517 8519
f 8515 8519 8520
f 8517 8518 8519
f 8514 8520 8521
f 8513 8521 8522
f 8513 8522 8523
f 8527 8528 8535
f 8528 8529 8534
f 8529 8530 8533
f 8530 8531 8533
f 8531 8532 8533
f 8525 8526 8545
f 8526 8527 8545
f 8529 8533 8534
f 8528 8534 8535
f 8527 8535 8536
f 8527 8536 8545
f 8524 8525 8556
f 8536 8537 8544
f 8525 8545 8546
f 8537 8538 8543
f 8538 8539 8542
f 8539 8540 8542
f 8538 8542 8543
f 8540 8541 8542
f 8537 8543 8544
f 8536 8544 8545
f 8525 8546 8556
f 8524 8556 8603
f 8546 8547 8554
f 8547 8548 8553
f 8548 8549 8552
f 8549 8550 8552
f 8548 8552 8553
f 8547 8553 8554
f 8550 8551 8552
f 8546 8554 8555
f 8546 8555 8556
f 8306 8584 8470
f 8480 8562 8481
f 8481 8562 8482
f 8482 8561 8483
f 8483 8560 8484
f 8484 8558 8557
f 8484 8559 8558
f 8484 8560 8559
f 8483 8561 8560
f 8482 8562 8561
f 8470 8584 8480
f 8480 8583 8562
f 8563 8572 8564
f 8566 8568 8567
f 8564 8571 8565
f 8565 8570 8566
f 8566 8569 8568
f 8566 8570 8569
f 8565 8571 8570
f 8564 8572 8571
f 8562 8583 8563
f 8563 8581 8572
f 8480 8584 8583
f 8572 8581 8573
f 8573 8580 8574
f 8575 8577 8576
f 8574 8579 8575
f 8563 8582 8581
f 8563 8583 8582
f 8575 8578 8577
f 8575 8579 8578
f 8574 8580 8579
f 8573 8581 8580
f 8585 8595 8586
f 8586 8595 8587
f 8589 8591 8590
f 8587 8594 8588
f 8588 8593 8589
f 8589 8592 8591
f 8589 8593 8592
f 8588 8594 8593
f 8587 8595 8594
f 8306 8305 8584
f 8595 8619 8596
f 8599 8601 8600
f 8596 8619 8597
f 8597 8618 8598
f 8598 8617 8599
f 8599 8602 8601
f 8599 8617 8602
f 8524 8603 8655
f 8606 8607 8614
f 8608 8609 8612
f 8607 8608 8613
f 8609 8610 8612
f 8608 8612 8613
f 8610 8611 8612
f 8604 8605 8634
f 8605 8606 8634
f 8607 8613 8614
f 8606 8614 8615
f 8603 8604 8645
f 8606 8615 8634
f 8604 8634 8635
f 8585 8701 8595
f 8598 8618 8617
f 8597 8619 8618
f 8623 8625 8624
f 8620 8702 8621
f 8621 8703 8622
f 8622 8704 8623
f 8623 8626 8625
f 8623 8704 8626
f 8595 8705 8619
f 8584 8305 8585
f 8619 8705 8620
f 8627 2708 8628
f 8628 2709 8629
f 8629 2706 8630
f 8630 3134 8631
f 8631 3135 8632
f 8632 3136 8633
f 8633 3137 8634
f 8634 3138 8635
f 8635 3139 8636
f 8636 3140 8637
f 8637 3141 8638
f 8638 3142 8639
f 8639 3133 8640
f 8640 3144 8641
f 8641 3143 8642
f 8642 3145 8643
f 8643 3146 8644
f 8644 3147 8645
f 8645 3148 8646
f 8646 3149 8647
f 8647 3150 8648
f 8648 3151 8649
f 8649 3152 8650
f 8650 3154 8651
f 8651 3155 8652
f 8652 3156 8653
f 8653 3157 8654
f 8654 3158 8655
f 8655 3159 8656
f 8656 3161 8657
f 8657 3163 8658
f 8658 3162 8659
f 8659 3164 8660
f 8660 3165 8661
f 8661 3166 8662
f 8662 3153 8663
f 8663 3160 8664
f 8664 3168 8665
f 8665 3167 8666
f 8666 3169 8667
f 8667 3170 8668
f 8668 3171 8669
f 8669 3172 8670
f 8670 3173 8671
f 8671 3174 8672
f 8672 3175 8673
f 8673 3234 8674
f 8674 3235 8675
f 8675 3236 8676
f 8676 3237 8677
f 8677 3238 8678
f 8678 3239 8679
f 8679 3240 8680
f 8680 3241 8681
f 8681 3242 8682
f 8682 3243 8683
f 8683 3244 8684
f 8684 3245 8685
f 8685 3246 8686
f 8686 3247 8687
f 8687 3248 8688
f 8688 3249 8689
f 8689 3250 8690
f 8690 4249 8691
f 8691 4250 8692
f 8692 3181 8693
f 8693 3183 8694
f 8694 3184 8695
f 8695 3176 8696
f 8696 3178 8697
f 8697 3177 8698
f 8698 3179 8699
f 8699 3180 8700
f 8700 3185 8706
f 8615 8616 8633
f 8616 8627 8632
f 8627 8628 8631
f 8628 8629 8631
f 8627 8631 8632
f 8616 8632 8633
f 8615 8633 8634
f 8629 8630 8631
f 8604 8635 8645
f 8603 8645 8655
f 8635 8636 8643
f 8636 8637 8642
f 8637 8638 8641
f 8638 8639 8641
f 8637 8641 8642
f 8636 8642 8643
f 8639 8640 8641
f 8635 8643 8644
f 8635 8644 8645
f 8645 8646 8653
f 8646 8647 8652
f 8647 8648 8651
f 8648 8649 8651
f 8647 8651 8652
f 8649 8650 8651
f 8646 8652 8653
f 8645 8653 8654
f 8645 8654 8655
f 8524 8707 8305
f 8524 8655 8707
f 8659 8660 8667
f 8660 8661 8666
f 8661 8662 8665
f 8662 8663 8665
f 8661 8665 8666
f 8660 8666 8667
f 8663 8664 8665
f 8657 8658 8677
f 8658 8659 8677
f 8659 8667 8668
f 8659 8668 8677
f 8656 8657 8698
f 8657 8677 8678
f 8668 8669 8676
f 8669 8670 8675
f 8670 8671 8674
f 8671 8672 8674
f 8670 8674 8675
f 8672 8673 8674
f 8669 8675 8676
f 8668 8676 8677
f 8657 8678 8698
f 8655 8656 8707
f 8678 8679 8686
f 8679 8680 8685
f 8680 8681 8684
f 8681 8682 8684
f 8682 8683 8684
f 8680 8684 8685
f 8679 8685 8686
f 8678 8686 8687
f 8678 8687 8688
f 8678 8688 8698
f 8688 8689 8696
f 8689 8690 8695
f 8690 8691 8694
f 8691 8692 8694
f 8692 8693 8694
f 8690 8694 8695
f 8689 8695 8696
f 8688 8696 8697
f 8688 8697 8698
f 8656 8698 8707
f 8704 3963 3962
f 8703 3964 3963
f 8702 3965 3964
f 8708 3966 3965
f 8709 3967 3966
f 8710 3968 3967
f 8711 3941 3968
f 8712 3969 3941
f 8713 3971 3969
f 8714 3973 3971
f 8715 3974 3973
f 8716 3975 3974
f 8717 3976 3975
f 8705 3977 3976
f 8701 3980 3977
f 8718 3981 3980
f 8719 3982 3981
f 8720 3972 3982
f 8721 3978 3972
f 8722 3979 3978
f 8723 3970 3979
f 8724 3991 3970
f 8725 3992 3991
f 8726 3993 3992
f 8727 3994 3993
f 8728 3995 3994
f 8729 3996 3995
f 8730 3997 3996
f 8731 3998 3997
f 8732 3999 3998
f 8733 3983 3999
f 8734 3984 3983
f 8735 3985 3984
f 8736 3986 3985
f 8737 3987 3986
f 8738 3988 3987
f 8739 3989 3988
f 8740 4151 3989
f 8741 4152 4151
f 8742 4000 4152
f 8743 4153 4000
f 8744 4155 4153
f 8745 4156 4155
f 8746 4157 4156
f 8747 4158 4157
f 8748 4159 4158
f 8749 4160 4159
f 8305 4161 4160
f 8750 4162 4161
f 8751 4163 4162
f 8752 4165 4163
f 8753 4166 4165
f 8754 4167 4166
f 8755 4154 4167
f 8756 4168 4154
f 8757 4169 4168
f 8758 4170 4169
f 8759 4171 4170
f 8760 4172 4171
f 8761 4173 4172
f 8762 4174 4173
f 8763 4175 4174
f 8764 4176 4175
f 8765 4164 4176
f 8766 4180 4164
f 8767 4177 4180
f 8768 4178 4177
f 8769 4179 4178
f 8770 4182 4179
f 8771 4181 4182
f 8772 4183 4181
f 8773 4184 4183
f 8774 4185 4184
f 8775 4043 4185
f 8776 4186 4043
f 8777 4188 4186
f 8778 4189 4188
f 8779 4190 4189
f 8780 4191 4190
f 8781 4192 4191
f 8706 3185 3186
f 8782 3186 3187
f 8783 3187 3188
f 8784 3188 3189
f 8785 3189 3182
f 8786 3182 3190
f 8787 3190 4251
f 8788 4251 4252
f 8789 4252 4253
f 8790 4253 4254
f 8791 4254 4255
f 8792 4255 4256
f 8793 4256 4257
f 8794 4257 4258
f 8795 4258 4261
f 8796 4261 4259
f 8797 4259 4260
f 8798 4193 4192
f 8799 4194 4193
f 8800 4187 4194
f 8801 4195 4187
f 8802 4196 4195
f 8803 4198 4196
f 8804 4199 4198
f 8805 4200 4199
f 8806 4201 4200
f 8807 4214 4201
f 8808 4216 4214
f 8809 4202 4238
f 8810 4203 4202
f 8811 4297 4296
f 8812 4207 4297
f 8813 4298 4299
f 8814 4299 4206
f 8815 4208 4207
f 8816 4206 4208
f 8817 4282 4281
f 8818 4281 4283
f 8819 4283 4284
f 8820 4284 4285
f 8821 4285 4239
f 8822 4205 4203
f 8823 4239 4205
f 8824 4296 4282
f 8825 4217 4216
f 8826 4219 4217
f 8827 4197 4219
f 8828 4215 4197
f 8829 4218 4215
f 8830 4209 4218
f 8831 4210 4209
f 8832 4211 4210
f 8833 4235 4236
f 8834 4212 4211
f 8835 4213 4212
f 8836 4232 4213
f 8837 4230 4232
f 8838 4233 4231
f 8839 4236 4237
f 8840 4237 4233
f 8841 4231 4230
f 8842 4238 4204
f 8843 4204 4234
f 8844 4234 4235
f 8845 4260 4262
f 8846 4262 4263
f 8847 4263 4264
f 8848 4264 4265
f 8849 4265 4266
f 8850 4266 4267
f 8851 4267 4268
f 8852 4268 4269
f 8853 4269 4270
f 8854 4270 4271
f 8855 4271 4272
f 8856 4272 4273
f 8857 4273 4274
f 8858 4274 4300
f 8859 4300 4301
f 8860 4301 4302
f 8861 4302 4303
f 8862 4303 4304
f 8863 4304 4305
f 8864 4305 4306
f 8865 4312 4311
f 8866 4315 4314
f 8867 4313 4312
f 8868 4314 4316
f 8869 4316 4313
f 8870 4306 4307
f 8871 4307 4308
f 8872 4308 4309
f 8873 4309 4315
f 8874 4278 4275
f 8707 4277 4278
f 8875 4276 4279
f 8876 4279 4280
f 8877 4280 4289
f 8878 4275 4276
f 8879 4295 4294
f 8880 4289 4290
f 8881 4290 4291
f 8882 4291 4292
f 8883 4292 4295
f 8884 4310 4277
f 8885 4311 4310
f 8886 4287 4286
f 8887 4286 4288
f 8888 4288 4298
f 8889 4293 4287
f 8890 4294 4293
f 8626 8704 3962
f 8704 8703 3963
f 8703 8702 3964
f 8702 8708 3965
f 8708 8709 3966
f 8709 8710 3967
f 8710 8711 3968
f 8711 8712 3941
f 8712 8713 3969
f 8713 8714 3971
f 8714 8715 3973
f 8715 8716 3974
f 8716 8717 3975
f 8717 8705 3976
f 8705 8701 3977
f 8701 8718 3980
f 8718 8719 3981
f 8719 8720 3982
f 8720 8721 3972
f 8721 8722 3978
f 8722 8723 3979
f 8723 8724 3970
f 8724 8725 3991
f 8725 8726 3992
f 8726 8727 3993
f 8727 8728 3994
f 8728 8729 3995
f 8729 8730 3996
f 8730 8731 3997
f 8731 8732 3998
f 8732 8733 3999
f 8733 8734 3983
f 8734 8735 3984
f 8735 8736 3985
f 8736 8737 3986
f 8622 8703 8704
f 8621 8702 8703
f 8620 8716 8702
f 8595 8701 8705
f 8702 8716 8708
f 8708 8715 8709
f 8709 8714 8710
f 8710 8712 8711
f 8620 8717 8716
f 8620 8705 8717
f 8709 8715 8714
f 8710 8713 8712
f 8710 8714 8713
f 8708 8716 8715
f 8585 8305 8701
f 8718 8728 8719
f 8719 8728 8720
f 8720 8727 8721
f 8721 8726 8722
f 8722 8724 8723
f 8722 8725 8724
f 8722 8726 8725
f 8721 8727 8726
f 8720 8728 8727
f 8701 8305 8718
f 8729 8738 8730
f 8730 8737 8731
f 8732 8734 8733
f 8731 8736 8732
f 8732 8735 8734
f 8718 8749 8728
f 8732 8736 8735
f 8731 8737 8736
f 8730 8738 8737
f 8737 8738 3987
f 8738 8739 3988
f 8739 8740 3989
f 8740 8741 4151
f 8741 8742 4152
f 8742 8743 4000
f 8743 8744 4153
f 8744 8745 4155
f 8745 8746 4156
f 8746 8747 4157
f 8747 8748 4158
f 8748 8749 4159
f 8749 8305 4160
f 8305 8750 4161
f 8750 8751 4162
f 8751 8752 4163
f 8752 8753 4165
f 8753 8754 4166
f 8754 8755 4167
f 8755 8756 4154
f 8756 8757 4168
f 8757 8758 4169
f 8758 8759 4170
f 8759 8760 4171
f 8760 8761 4172
f 8761 8762 4173
f 8762 8763 4174
f 8763 8764 4175
f 8764 8765 4176
f 8765 8766 4164
f 8766 8767 4180
f 8767 8768 4177
f 8768 8769 4178
f 8769 8770 4179
f 8770 8771 4182
f 8771 8772 4181
f 8772 8773 4183
f 8773 8774 4184
f 8774 8775 4185
f 8775 8776 4043
f 8776 8777 4186
f 8777 8778 4188
f 8778 8779 4189
f 8779 8780 4190
f 8780 8781 4191
f 8706 3186 8782
f 8782 3187 8783
f 8783 3188 8784
f 8784 3189 8785
f 8785 3182 8786
f 8786 3190 8787
f 8787 4251 8788
f 8788 4252 8789
f 8789 4253 8790
f 8790 4254 8791
f 8791 4255 8792
f 8792 4256 8793
f 8793 4257 8794
f 8794 4258 8795
f 8795 4261 8796
f 8796 4259 8797
f 8797 4260 8845
f 8781 8798 4192
f 8798 8799 4193
f 8799 8800 4194
f 8800 8801 4187
f 8801 8802 4195
f 8802 8803 4196
f 8803 8804 4198
f 8804 8805 4199
f 8805 8806 4200
f 8806 8807 4201
f 8807 8808 4214
f 8842 8809 4238
f 8810 4202 8809
f 8811 8812 4297
f 8814 8813 4299
f 8812 8815 4207
f 8814 4206 8816
f 8815 8816 4208
f 8819 4284 8820
f 8817 8824 4282
f 8817 4281 8818
f 8818 4283 8819
f 8820 4285 8821
f 8821 4239 8823
f 8822 8823 4205
f 8810 8822 4203
f 8811 4296 8824
f 8808 8825 4216
f 8825 8826 4217
f 8826 8827 4219
f 8827 8828 4197
f 8828 8829 4215
f 8829 8830 4218
f 8830 8831 4209
f 8831 8832 4210
f 8832 8834 4211
f 8833 4236 8839
f 8834 8835 4212
f 8836 4213 8835
f 8837 4232 8836
f 8841 8838 4231
f 8839 4237 8840
f 8840 4233 8838
f 8837 8841 4230
f 8843 8842 4204
f 8843 4234 8844
f 8833 8844 4235
f 8845 4262 8846
f 8846 4263 8847
f 8847 4264 8848
f 8848 4265 8849
f 8849 4266 8850
f 8850 4267 8851
f 8851 4268 8852
f 8852 4269 8853
f 8853 4270 8854
f 8854 4271 8855
f 8855 4272 8856
f 8856 4273 8857
f 8857 4274 8858
f 8858 4300 8859
f 8859 4301 8860
f 8860 4302 8861
f 8861 4303 8862
f 8862 4304 8863
f 8863 4305 8864
f 8864 4306 8870
f 8865 4311 8885
f 8866 4314 8868
f 8865 8867 4312
f 8868 4316 8869
f 8869 4313 8867
f 8870 4307 8871
f 8871 4308 8872
f 8873 8872 4309
f 8873 4315 8866
f 8874 4275 8878
f 8874 8707 4278
f 8875 4279 8876
f 8877 8876 4280
f 8875 8878 4276
f 8890 8879 4294
f 8880 4290 8881
f 8877 4289 8880
f 8881 4291 8882
f 8882 4292 8883
f 8879 8883 4295
f 8884 8885 4310
f 8884 4277 8707
f 8889 4287 8886
f 8888 8887 4288
f 8887 8886 4286
f 8890 4293 8889
f 8888 4298 8813
f 8728 8749 8729
f 8729 8747 8738
f 8741 8743 8742
f 8718 8305 8749
f 8738 8747 8739
f 8729 8748 8747
f 8729 8749 8748
f 8739 8746 8740
f 8740 8745 8741
f 8741 8744 8743
f 8741 8745 8744
f 8740 8746 8745
f 8739 8747 8746
f 8750 8760 8751
f 8751 8760 8752
f 8754 8756 8755
f 8752 8759 8753
f 8753 8758 8754
f 8754 8757 8756
f 8754 8758 8757
f 8753 8759 8758
f 8752 8760 8759
f 8760 8770 8761
f 8764 8766 8765
f 8761 8770 8762
f 8762 8769 8763
f 8763 8768 8764
f 8764 8767 8766
f 8764 8768 8767
f 8763 8769 8768
f 8762 8770 8769
f 8750 8808 8760
f 8774 8776 8775
f 8760 8807 8770
f 8771 8780 8772
f 8772 8779 8773
f 8773 8778 8774
f 8774 8777 8776
f 8774 8778 8777
f 8773 8779 8778
f 8772 8780 8779
f 8770 8807 8771
f 8782 8783 8790
f 8784 8785 8788
f 8783 8784 8789
f 8785 8786 8788
f 8700 8706 8847
f 8706 8782 8847
f 8698 8699 8707
f 8786 8787 8788
f 8784 8788 8789
f 8783 8789 8790
f 8782 8790 8791
f 8782 8791 8847
f 8791 8792 8846
f 8792 8793 8845
f 8793 8794 8797
f 8699 8700 8707
f 8794 8795 8797
f 8793 8797 8845
f 8792 8845 8846
f 8795 8796 8797
f 8791 8846 8847
f 8700 8847 8707
f 8305 8707 8750
f 8750 8707 8808
f 8771 8805 8780
f 8760 8808 8807
f 8780 8805 8781
f 8781 8804 8798
f 8771 8806 8805
f 8798 8803 8799
f 8799 8801 8800
f 8799 8802 8801
f 8771 8807 8806
f 8798 8804 8803
f 8799 8803 8802
f 8781 8805 8804
f 8825 8874 8878
f 8825 8707 8874
f 8808 8707 8825
f 8824 8826 8825
f 8817 8826 8824
f 8817 8842 8826
f 8824 8825 8878
f 8887 8811 8886
f 8886 8811 8824
f 8887 8812 8811
f 8888 8812 8887
f 8888 8813 8815
f 8814 8815 8813
f 8888 8815 8812
f 8814 8816 8815
f 8817 8818 8809
f 8817 8809 8842
f 8818 8810 8809
f 8818 8819 8810
f 8819 8820 8822
f 8819 8822 8810
f 8820 8821 8822
f 8822 8821 8823
f 8826 8834 8827
f 8827 8834 8828
f 8829 8831 8830
f 8828 8834 8829
f 8829 8832 8831
f 8829 8834 8832
f 8826 8843 8834
f 8826 8842 8843
f 8834 8843 8844
f 8834 8836 8835
f 8834 8841 8837
f 8834 8837 8836
f 8834 8833 8841
f 8834 8844 8833
f 8833 8839 8841
f 8840 8838 8841
f 8839 8840 8841
f 8848 8849 8856
f 8849 8850 8855
f 8850 8851 8854
f 8847 8848 8884
f 8851 8852 8854
f 8850 8854 8855
f 8849 8855 8856
f 8852 8853 8854
f 8848 8856 8857
f 8848 8857 8884
f 8847 8884 8707
f 8857 8858 8884
f 8858 8859 8873
f 8860 8861 8864
f 8858 8873 8884
f 8859 8860 8873
f 8861 8862 8864
f 8862 8863 8864
f 8860 8864 8873
f 8873 8866 8867
f 8873 8865 8885
f 8873 8885 8884
f 8873 8867 8865
f 8866 8868 8867
f 8868 8869 8867
f 8864 8870 8873
f 8870 8871 8873
f 8871 8872 8873
f 8824 8878 8875
f 8824 8875 8876
f 8886 8824 8876
f 8889 8886 8876
f 8890 8889 8877
f 8889 8876 8877
f 8890 8877 8880
f 8880 8881 8879
f 8881 8882 8879
f 8890 8880 8879
f 8882 8883 8879
f 8891 48 47
f 8892 40 49
f 8893 49 48
f 8894 41 40
f 8895 70 69
f 8896 71 70
f 8897 69 41
f 8898 72 71
f 8899 73 72
f 8900 74 73
f 8901 42 44
f 8902 43 42
f 8903 44 45
f 8904 46 50
f 8905 47 46
f 8906 50 43
f 8907 45 51
f 8908 51 52
f 8909 52 53
f 8910 53 54
f 8911 54 55
f 8912 55 56
f 8913 56 57
f 8914 57 58
f 8915 58 59
f 8916 59 60
f 8917 60 61
f 8918 61 62
f 8919 62 63
f 8920 63 64
f 8921 78 76
f 8922 76 75
f 8923 80 74
f 8924 77 80
f 8925 75 77
f 8926 79 78
f 8927 81 79
f 8928 647 81
f 8929 648 647
f 8930 649 648
f 8931 650 649
f 8932 651 650
f 8933 652 651
f 8934 653 652
f 8935 656 653
f 8936 654 656
f 8937 655 654
f 8938 657 655
f 8939 658 657
f 8940 659 658
f 8941 660 659
f 8942 661 660
f 8943 662 661
f 8944 663 662
f 8945 664 663
f 8946 665 664
f 8947 666 665
f 8948 667 666
f 8949 668 667
f 8950 669 668
f 8951 670 669
f 8952 671 670
f 8953 672 671
f 8954 64 65
f 8955 65 66
f 8956 66 67
f 8957 67 68
f 8958 68 82
f 8959 82 83
f 8960 83 84
f 8961 84 85
f 8962 85 86
f 8963 86 87
f 8964 87 88
f 8965 88 89
f 8966 89 90
f 8967 90 91
f 8968 91 92
f 8969 92 93
f 8970 93 94
f 8971 94 95
f 8972 95 96
f 8973 96 97
f 8974 97 98
f 8975 98 99
f 8976 99 100
f 8977 100 101
f 8978 101 102
f 8979 102 103
f 8980 103 104
f 8981 104 174
f 8982 174 175
f 8983 175 176
f 8984 176 177
f 8985 177 178
f 8986 178 179
f 8987 179 180
f 8988 180 181
f 8989 181 182
f 8990 182 183
f 8991 183 187
f 8992 187 188
f 8993 188 595
f 8994 595 596
f 8995 596 597
f 8996 597 598
f 8997 598 600
f 8998 600 594
f 8999 594 599
f 9000 599 601
f 9001 601 602
f 9002 602 148
f 9003 148 603
f 9004 603 605
f 9005 605 607
f 9006 607 606
f 9007 606 604
f 9008 604 608
f 9009 608 609
f 9010 609 610
f 9011 610 611
f 9012 611 612
f 9013 612 614
f 9014 614 616
f 9015 616 617
f 9016 617 618
f 9017 618 619
f 9018 619 620
f 9019 620 622
f 9020 622 621
f 9021 621 623
f 9022 623 624
f 9023 624 625
f 9024 625 626
f 9025 626 615
f 9026 615 613
f 9027 613 628
f 9028 628 627
f 9029 627 629
f 9030 629 630
f 9031 630 631
f 9032 631 632
f 9033 632 633
f 9034 633 634
f 9035 634 635
f 9036 635 637
f 9037 637 638
f 9038 638 639
f 9039 639 640
f 9040 640 636
f 9041 636 641
f 9042 641 642
f 9043 642 644
f 9044 673 672
f 9045 674 673
f 9046 675 674
f 9047 676 675
f 9048 677 676
f 9049 678 677
f 9050 679 678
f 9051 680 679
f 9052 681 680
f 9053 682 681
f 9054 683 682
f 9055 684 683
f 9056 685 684
f 9057 687 685
f 9058 688 687
f 9059 689 688
f 9060 690 689
f 9061 691 690
f 9062 692 691
f 9063 693 692
f 9064 694 693
f 9065 710 694
f 9066 711 710
f 9067 712 711
f 9068 713 712
f 9069 714 713
f 9070 715 714
f 9071 716 715
f 9072 717 716
f 9073 718 717
f 9074 719 718
f 9075 720 719
f 9076 721 720
f 9077 722 721
f 9078 723 722
f 9079 695 723
f 9080 724 695
f 9081 725 724
f 9082 726 725
f 9083 727 726
f 9084 728 727
f 9085 729 728
f 9086 730 729
f 9087 731 730
f 9088 732 731
f 9089 705 732
f 9090 734 705
f 9091 735 734
f 9092 736 735
f 9093 737 736
f 9094 738 737
f 9095 739 738
f 9096 740 739
f 9097 741 740
f 9098 742 741
f 9099 744 742
f 9100 745 744
f 9101 746 745
f 9102 747 746
f 9103 748 747
f 9104 749 748
f 9105 750 749
f 9106 751 750
f 9107 752 751
f 9108 753 752
f 9109 754 753
f 9110 755 754
f 9111 774 755
f 9112 775 774
f 9113 803 775
f 9114 804 803
f 9115 805 804
f 9116 806 805
f 9117 807 806
f 9118 808 807
f 9119 809 808
f 9120 810 809
f 9121 811 810
f 9122 812 811
f 9123 813 812
f 9124 814 813
f 9125 815 814
f 9126 816 815
f 9127 817 816
f 9128 818 817
f 9129 819 818
f 9130 820 819
f 9131 821 820
f 9132 785 821
f 9133 822 785
f 9134 823 822
f 9135 825 823
f 9136 826 825
f 9137 827 826
f 9138 828 827
f 9139 829 828
f 9140 830 829
f 9141 831 830
f 9142 832 831
f 9143 834 832
f 9144 644 645
f 9145 645 646
f 9146 646 963
f 9147 963 957
f 9148 957 959
f 9149 959 958
f 9150 958 960
f 9151 960 961
f 9152 961 964
f 9153 964 965
f 9154 965 966
f 9155 966 967
f 9156 967 968
f 9157 968 969
f 9158 969 962
f 9159 962 643
f 9160 643 974
f 9161 974 970
f 9162 970 972
f 9163 972 1156
f 9164 1156 971
f 9165 971 1157
f 9166 1157 1158
f 9167 1158 1159
f 9168 1159 973
f 9169 973 1161
f 9170 1161 1162
f 9171 1162 1163
f 9172 1163 1164
f 9173 1164 1165
f 9174 1165 1167
f 9175 1167 1166
f 9176 1166 1168
f 9177 1168 1160
f 9178 1160 1169
f 9179 1169 1173
f 9180 1173 1170
f 9181 1170 1172
f 9182 1172 1171
f 9183 1171 1174
f 9184 1174 1175
f 9185 1175 1176
f 9186 1176 1178
f 9187 1178 1179
f 9188 1179 1180
f 9189 1180 1181
f 9190 1181 1182
f 9191 1182 1177
f 9192 1177 1007
f 9193 1007 1184
f 9194 1184 1185
f 9195 1185 1186
f 9196 1186 1183
f 9197 1183 1187
f 9198 1187 1188
f 9199 1188 1189
f 9200 1189 1190
f 9201 1190 1191
f 9202 1191 1192
f 9203 1192 1194
f 9204 1194 1193
f 9205 1193 1195
f 9206 1195 1196
f 9207 1196 1198
f 9208 1198 1199
f 9209 1199 1200
f 9210 1200 1201
f 9211 1201 1197
f 9212 1197 1202
f 9213 1202 1204
f 9214 1204 1205
f 9215 1205 1206
f 9216 1206 1208
f 9217 1208 1210
f 9218 1210 1211
f 9219 1211 1212
f 9220 1212 1209
f 9221 1209 1203
f 9222 1203 1213
f 9223 1213 1215
f 9224 1215 1214
f 9225 1214 1216
f 9226 1216 1217
f 9227 1217 1218
f 9228 1218 1219
f 9229 1219 1220
f 9230 1220 1222
f 9231 1222 1223
f 9232 1223 1224
f 9233 835 834
f 9234 836 835
f 9235 837 836
f 9236 838 837
f 9237 839 838
f 9238 840 839
f 9239 841 840
f 9240 842 841
f 9241 843 842
f 9242 844 843
f 9243 845 844
f 9244 860 845
f 9245 862 860
f 9246 863 862
f 9247 865 863
f 9248 1226 865
f 9249 1227 1226
f 9250 1228 1227
f 9251 1229 1228
f 9252 1230 1229
f 9253 1231 1230
f 9254 1232 1231
f 9255 1233 1232
f 9256 1234 1233
f 9257 1235 1234
f 9258 1236 1235
f 9259 1237 1236
f 9260 1238 1237
f 9261 1239 1238
f 9262 1240 1239
f 9263 1241 1240
f 9264 874 1241
f 9265 1242 874
f 9266 1244 1242
f 9267 1245 1244
f 9268 1246 1245
f 9269 1247 1246
f 9270 1248 1247
f 9271 1249 1248
f 9272 1250 1249
f 9273 1251 1250
f 9274 1252 1251
f 9275 1254 1252
f 9276 1255 1254
f 9277 1256 1255
f 9278 1257 1256
f 9279 1258 1257
f 9280 1259 1258
f 9281 1260 1259
f 9282 1261 1260
f 9283 1262 1261
f 9284 1263 1262
f 9285 1264 1263
f 9286 1265 1264
f 9287 1266 1265
f 9288 3482 1266
f 9289 3483 3482
f 9290 3485 3483
f 9291 3486 3485
f 9292 3487 3486
f 9293 3488 3487
f 9294 3516 3488
f 9295 3517 3516
f 9296 3518 3517
f 9297 3493 3518
f 9298 3519 3493
f 9299 3520 3519
f 9300 3521 3520
f 9301 3522 3521
f 9302 3523 3522
f 9303 3524 3523
f 9304 3525 3524
f 9305 3526 3525
f 9306 3527 3526
f 9307 3504 3527
f 9308 3528 3504
f 9309 3529 3528
f 9310 1224 1225
f 9311 1225 1221
f 9312 1221 1207
f 9313 1207 1267
f 9314 1267 1269
f 9315 1269 1271
f 9316 1271 1272
f 9317 1272 1273
f 9318 1273 1268
f 9319 1268 1274
f 9320 1274 1275
f 9321 1275 1270
f 9322 1270 1276
f 9323 1276 1278
f 9324 1278 1279
f 9325 1279 1280
f 9326 1280 1282
f 9327 1282 1281
f 9328 1281 1277
f 9329 1277 1283
f 9330 1283 1285
f 9331 1285 1286
f 9332 1286 1318
f 9333 1318 1317
f 9334 1317 1319
f 9335 1319 1320
f 9336 1320 1321
f 9337 1321 1322
f 9338 1322 1323
f 9339 1323 1324
f 9340 1324 1325
f 9341 1325 1326
f 9342 1326 1327
f 9343 1327 1328
f 9344 1328 1329
f 9345 1329 1284
f 9346 1284 1330
f 9347 1330 1332
f 9348 1332 1333
f 9349 1333 1334
f 9350 1334 1335
f 9351 1335 1336
f 9352 1336 1337
f 9353 1337 1338
f 9354 1338 1331
f 9355 1331 1339
f 9356 1339 1341
f 9357 1341 1342
f 9358 1342 1344
f 9359 1344 1343
f 9360 1343 1345
f 9361 1345 1346
f 9362 1346 1347
f 9363 1347 1340
f 9364 1340 1348
f 9365 1348 1349
f 9366 1349 1351
f 9367 1351 1352
f 9368 1352 1354
f 9369 1354 1355
f 9370 1355 1356
f 9371 1356 1357
f 9372 1357 1358
f 9373 1358 1359
f 9374 1359 1350
f 9375 1350 1361
f 9376 1361 1360
f 9377 1360 1362
f 9378 1362 1363
f 9379 1363 1364
f 9380 1364 1365
f 9381 1365 1366
f 9382 1366 1367
f 9383 1367 1368
f 9384 1368 1369
f 9385 1369 1370
f 9386 1370 1371
f 9387 1371 1372
f 9388 1372 1353
f 9389 1353 1374
f 9390 1374 1375
f 9391 1375 1376
f 9392 1376 1373
f 9393 1373 1377
f 9394 1377 1378
f 8891 8893 48
f 8892 49 8893
f 8892 8894 40
f 8897 8895 69
f 8895 8896 70
f 8894 8897 41
f 8896 8898 71
f 8898 8899 72
f 8899 8900 73
f 8900 8923 74
f 8903 8901 44
f 8902 42 8901
f 8903 45 8907
f 8906 8904 50
f 8905 46 8904
f 8891 47 8905
f 8902 8906 43
f 8907 51 8908
f 8908 52 8909
f 8909 53 8910
f 8910 54 8911
f 8911 55 8912
f 8912 56 8913
f 8913 57 8914
f 8914 58 8915
f 8915 59 8916
f 8916 60 8917
f 8917 61 8918
f 8918 62 8919
f 8919 63 8920
f 8921 8926 78
f 8921 76 8922
f 8925 77 8924
f 8923 8924 80
f 8922 75 8925
f 8926 8927 79
f 8927 8928 81
f 8928 8929 647
f 8929 8930 648
f 8930 8931 649
f 8931 8932 650
f 8932 8933 651
f 8933 8934 652
f 8934 8935 653
f 8935 8936 656
f 8936 8937 654
f 8937 8938 655
f 8938 8939 657
f 8939 8940 658
f 8940 8941 659
f 8941 8942 660
f 8942 8943 661
f 8943 8944 662
f 8944 8945 663
f 8945 8946 664
f 8946 8947 665
f 8947 8948 666
f 8948 8949 667
f 8949 8950 668
f 8950 8951 669
f 8951 8952 670
f 8952 8953 671
f 8953 9044 672
f 8920 64 8954
f 8954 65 8955
f 8955 66 8956
f 8956 67 8957
f 8957 68 8958
f 8958 82 8959
f 8959 83 8960
f 8960 84 8961
f 8961 85 8962
f 8962 86 8963
f 8963 87 8964
f 8964 88 8965
f 8965 89 8966
f 8966 90 8967
f 8967 91 8968
f 8968 92 8969
f 8969 93 8970
f 8970 94 8971
f 8971 95 8972
f 8972 96 8973
f 8973 97 8974
f 8974 98 8975
f 8975 99 8976
f 8976 100 8977
f 8977 101 8978
f 8978 102 8979
f 8979 103 8980
f 8980 104 8981
f 8981 174 8982
f 8982 175 8983
f 8983 176 8984
f 8984 177 8985
f 8985 178 8986
f 8986 179 8987
f 8987 180 8988
f 8988 181 8989
f 8989 182 8990
f 8990 183 8991
f 8991 187 8992
f 8992 188 8993
f 8993 595 8994
f 8994 596 8995
f 8995 597 8996
f 8996 598 8997
f 8997 600 8998
f 8998 594 8999
f 8999 599 9000
f 9000 601 9001
f 9001 602 9002
f 9002 148 9003
f 9003 603 9004
f 9004 605 9005
f 9005 607 9006
f 9006 606 9007
f 9007 604 9008
f 9008 608 9009
f 9009 609 9010
f 9010 610 9011
f 9011 611 9012
f 9012 612 9013
f 9013 614 9014
f 9014 616 9015
f 9015 617 9016
f 9016 618 9017
f 9017 619 9018
f 9018 620 9019
f 9019 622 9020
f 9020 621 9021
f 9021 623 9022
f 9022 624 9023
f 9023 625 9024
f 9024 626 9025
f 9025 615 9026
f 9026 613 9027
f 9027 628 9028
f 9028 627 9029
f 9029 629 9030
f 9030 630 9031
f 9031 631 9032
f 9032 632 9033
f 9033 633 9034
f 9034 634 9035
f 9035 635 9036
f 9036 637 9037
f 9037 638 9038
f 9038 639 9039
f 9039 640 9040
f 9040 636 9041
f 9041 641 9042
f 9042 642 9043
f 8891 8905 8897
f 8892 8893 8894
f 8891 8897 8893
f 8893 8897 8894
f 8905 8895 8897
f 8907 8896 8895
f 8907 8898 8896
f 8909 8899 8898
f 8911 8900 8899
f 8902 8901 8903
f 8902 8903 8907
f 8905 8904 8907
f 8902 8907 8906
f 8906 8907 8904
f 8905 8907 8895
f 8907 8908 8898
f 8913 8914 8954
f 8914 8915 8920
f 8915 8916 8919
f 8916 8917 8919
f 8915 8919 8920
f 8914 8920 8954
f 8913 8954 8955
f 8917 8918 8919
f 8908 8909 8898
f 8909 8910 8899
f 8910 8911 8899
f 8911 8912 8964
f 8912 8913 8964
f 8913 8955 8964
f 8911 8976 8900
f 8921 8927 8926
f 8921 8922 8933
f 8922 8925 8941
f 8921 8928 8927
f 8921 8929 8928
f 8921 8930 8929
f 8921 8931 8930
f 8921 8932 8931
f 8923 8976 8924
f 8900 8976 8923
f 8925 8924 9064
f 8921 8933 8932
f 8922 8941 8933
f 8933 8940 8934
f 8935 8937 8936
f 8934 8939 8935
f 8935 8938 8937
f 8935 8939 8938
f 8934 8940 8939
f 8933 8941 8940
f 8925 8951 8941
f 8925 8952 8951
f 8925 9062 8952
f 8941 8951 8942
f 8942 8951 8943
f 8943 8950 8944
f 8944 8949 8945
f 8945 8947 8946
f 8945 8948 8947
f 8945 8949 8948
f 8944 8950 8949
f 8943 8951 8950
f 8925 9063 9062
f 8925 9064 9063
f 8911 8964 8965
f 8955 8956 8963
f 8956 8957 8962
f 8957 8958 8961
f 8911 8965 8975
f 8958 8959 8961
f 8959 8960 8961
f 8957 8961 8962
f 8956 8962 8963
f 8955 8963 8964
f 8911 8975 8976
f 8965 8966 8973
f 8966 8967 8972
f 8967 8968 8971
f 8968 8969 8971
f 8969 8970 8971
f 8967 8971 8972
f 8966 8972 8973
f 8965 8973 8974
f 8965 8974 8975
f 8979 8980 8987
f 8980 8981 8986
f 8981 8982 8985
f 8982 8983 8985
f 8977 8978 8997
f 8983 8984 8985
f 8981 8985 8986
f 8980 8986 8987
f 8979 8987 8988
f 8978 8979 8997
f 8976 8977 9008
f 8979 8988 8997
f 8988 8989 8996
f 8989 8990 8995
f 8977 8997 8998
f 8977 8998 9008
f 8990 8991 8994
f 8991 8992 8994
f 8990 8994 8995
f 8989 8995 8996
f 8988 8996 8997
f 8992 8993 8994
f 8976 9008 9018
f 8924 8976 9106
f 8924 9106 9064
f 8998 8999 9006
f 8999 9000 9005
f 9000 9001 9004
f 9001 9002 9004
f 9000 9004 9005
f 8999 9005 9006
f 8998 9006 9007
f 9002 9003 9004
f 8976 9018 9019
f 8998 9007 9008
f 9008 9009 9016
f 9009 9010 9015
f 9010 9011 9014
f 9011 9012 9014
f 9010 9014 9015
f 9009 9015 9016
f 9012 9013 9014
f 9008 9016 9017
f 9008 9017 9018
f 9022 9023 9030
f 9023 9024 9029
f 9024 9025 9028
f 9025 9026 9028
f 9020 9021 9040
f 9021 9022 9040
f 9024 9028 9029
f 9026 9027 9028
f 9023 9029 9030
f 9022 9030 9031
f 9019 9020 9151
f 9022 9031 9040
f 9020 9040 9041
f 9031 9032 9039
f 9032 9033 9038
f 9033 9034 9037
f 9034 9035 9037
f 9035 9036 9037
f 9033 9037 9038
f 9032 9038 9039
f 9031 9039 9040
f 9020 9041 9151
f 9019 9151 9152
f 9041 9042 9149
f 9044 9045 673
f 9045 9046 674
f 9046 9047 675
f 9047 9048 676
f 9048 9049 677
f 9049 9050 678
f 9050 9051 679
f 9051 9052 680
f 9052 9053 681
f 9053 9054 682
f 9054 9055 683
f 9055 9056 684
f 9056 9057 685
f 9057 9058 687
f 9058 9059 688
f 9059 9060 689
f 9060 9061 690
f 9061 9062 691
f 9062 9063 692
f 9063 9064 693
f 9064 9065 694
f 9065 9066 710
f 9066 9067 711
f 9067 9068 712
f 9068 9069 713
f 9069 9070 714
f 9070 9071 715
f 9071 9072 716
f 9072 9073 717
f 9073 9074 718
f 9074 9075 719
f 9075 9076 720
f 9076 9077 721
f 9077 9078 722
f 9078 9079 723
f 9079 9080 695
f 9080 9081 724
f 9081 9082 725
f 9082 9083 726
f 9083 9084 727
f 9084 9085 728
f 9085 9086 729
f 9086 9087 730
f 9087 9088 731
f 9088 9089 732
f 9089 9090 705
f 9090 9091 734
f 9091 9092 735
f 9092 9093 736
f 9093 9094 737
f 9094 9095 738
f 9095 9096 739
f 9096 9097 740
f 9097 9098 741
f 9098 9099 742
f 9099 9100 744
f 9100 9101 745
f 9101 9102 746
f 9102 9103 747
f 9103 9104 748
f 9104 9105 749
f 9105 9106 750
f 9106 9107 751
f 9107 9108 752
f 9108 9109 753
f 9109 9110 754
f 9110 9111 755
f 9111 9112 774
f 9112 9113 775
f 9113 9114 803
f 9114 9115 804
f 9115 9116 805
f 9116 9117 806
f 9117 9118 807
f 9118 9119 808
f 9119 9120 809
f 9120 9121 810
f 9121 9122 811
f 9122 9123 812
f 9123 9124 813
f 9124 9125 814
f 9125 9126 815
f 9126 9127 816
f 9127 9128 817
f 9128 9129 818
f 9129 9130 819
f 9130 9131 820
f 9131 9132 821
f 9132 9133 785
f 9133 9134 822
f 9134 9135 823
f 9135 9136 825
f 9136 9137 826
f 9137 9138 827
f 9138 9139 828
f 9139 9140 829
f 9140 9141 830
f 9141 9142 831
f 9142 9143 832
f 8952 9051 8953
f 9045 9047 9046
f 8953 9050 9044
f 9044 9049 9045
f 9045 9048 9047
f 9045 9049 9048
f 9044 9050 9049
f 8953 9051 9050
f 8952 9060 9051
f 9051 9060 9052
f 9052 9059 9053
f 8952 9061 9060
f 8952 9062 9061
f 9054 9056 9055
f 9053 9058 9054
f 9054 9057 9056
f 9054 9058 9057
f 9053 9059 9058
f 9052 9060 9059
f 9064 9074 9065
f 9065 9074 9066
f 9066 9073 9067
f 9068 9070 9069
f 9067 9072 9068
f 9068 9071 9070
f 9068 9072 9071
f 9067 9073 9072
f 9066 9074 9073
f 9074 9084 9075
f 9075 9084 9076
f 9076 9083 9077
f 9078 9080 9079
f 9077 9082 9078
f 9078 9081 9080
f 9078 9082 9081
f 9077 9083 9082
f 9076 9084 9083
f 9064 9106 9074
f 9074 9105 9084
f 9085 9094 9086
f 9086 9093 9087
f 9088 9090 9089
f 9087 9092 9088
f 9088 9091 9090
f 9088 9092 9091
f 9087 9093 9092
f 9084 9105 9085
f 9086 9094 9093
f 9085 9103 9094
f 9074 9106 9105
f 9094 9103 9095
f 9095 9102 9096
f 9096 9101 9097
f 9097 9099 9098
f 8976 9238 9106
f 9085 9104 9103
f 9085 9105 9104
f 9096 9102 9101
f 9095 9103 9102
f 9097 9100 9099
f 9097 9101 9100
f 9107 9117 9108
f 9108 9117 9109
f 9109 9116 9110
f 9111 9113 9112
f 9110 9115 9111
f 9111 9114 9113
f 9111 9115 9114
f 9110 9116 9115
f 9109 9117 9116
f 8976 9281 9238
f 9117 9127 9118
f 9118 9127 9119
f 9106 9238 9107
f 9121 9123 9122
f 9119 9126 9120
f 9120 9125 9121
f 9121 9124 9123
f 9121 9125 9124
f 9120 9126 9125
f 9119 9127 9126
f 9107 9238 9117
f 9117 9237 9127
f 9128 9137 9129
f 9129 9136 9130
f 9131 9133 9132
f 9130 9135 9131
f 9131 9134 9133
f 9131 9135 9134
f 9130 9136 9135
f 9129 9137 9136
f 9127 9237 9128
f 9128 9235 9137
f 9117 9238 9237
f 9137 9235 9138
f 9138 9234 9139
f 9139 9233 9140
f 9140 9142 9141
f 9128 9236 9235
f 9128 9237 9236
f 9140 9143 9142
f 9140 9233 9143
f 9139 9234 9233
f 9043 644 9144
f 9144 645 9145
f 9145 646 9146
f 9146 963 9147
f 9147 957 9148
f 9148 959 9149
f 9149 958 9150
f 9150 960 9151
f 9151 961 9152
f 9152 964 9153
f 9153 965 9154
f 9154 966 9155
f 9155 967 9156
f 9156 968 9157
f 9157 969 9158
f 9158 962 9159
f 9159 643 9160
f 9160 974 9161
f 9161 970 9162
f 9162 972 9163
f 9163 1156 9164
f 9042 9043 9148
f 9043 9144 9147
f 9144 9145 9147
f 9043 9147 9148
f 9145 9146 9147
f 9042 9148 9149
f 9041 9149 9150
f 9041 9150 9151
f 9019 9152 9185
f 9155 9156 9163
f 9156 9157 9162
f 9157 9158 9161
f 9153 9154 9173
f 9154 9155 9173
f 9158 9159 9161
f 9159 9160 9161
f 9157 9161 9162
f 9156 9162 9163
f 9155 9163 9164
f 9164 971 9165
f 9165 1157 9166
f 9166 1158 9167
f 9167 1159 9168
f 9168 973 9169
f 9169 1161 9170
f 9170 1162 9171
f 9171 1163 9172
f 9172 1164 9173
f 9173 1165 9174
f 9174 1167 9175
f 9175 1166 9176
f 9176 1168 9177
f 9177 1160 9178
f 9178 1169 9179
f 9179 1173 9180
f 9180 1170 9181
f 9181 1172 9182
f 9182 1171 9183
f 9183 1174 9184
f 9184 1175 9185
f 9185 1176 9186
f 9186 1178 9187
f 9187 1179 9188
f 9188 1180 9189
f 9189 1181 9190
f 9190 1182 9191
f 9191 1177 9192
f 9192 1007 9193
f 9193 1184 9194
f 9194 1185 9195
f 9195 1186 9196
f 9196 1183 9197
f 9197 1187 9198
f 9198 1188 9199
f 9199 1189 9200
f 9200 1190 9201
f 9201 1191 9202
f 9202 1192 9203
f 9203 1194 9204
f 9204 1193 9205
f 9205 1195 9206
f 9206 1196 9207
f 9207 1198 9208
f 9208 1199 9209
f 9209 1200 9210
f 9210 1201 9211
f 9211 1197 9212
f 9212 1202 9213
f 9213 1204 9214
f 9214 1205 9215
f 9215 1206 9216
f 9216 1208 9217
f 9217 1210 9218
f 9218 1211 9219
f 9219 1212 9220
f 9220 1209 9221
f 9221 1203 9222
f 9222 1213 9223
f 9223 1215 9224
f 9224 1214 9225
f 9225 1216 9226
f 9226 1217 9227
f 9227 1218 9228
f 9228 1219 9229
f 9229 1220 9230
f 9230 1222 9231
f 9231 1223 9232
f 9143 9233 834
f 9233 9234 835
f 9234 9235 836
f 9235 9236 837
f 9236 9237 838
f 9237 9238 839
f 9238 9239 840
f 9239 9240 841
f 9240 9241 842
f 9241 9242 843
f 9242 9243 844
f 9243 9244 845
f 9244 9245 860
f 9245 9246 862
f 9246 9247 863
f 9247 9248 865
f 9248 9249 1226
f 9249 9250 1227
f 9250 9251 1228
f 9251 9252 1229
f 9252 9253 1230
f 9253 9254 1231
f 9254 9255 1232
f 9255 9256 1233
f 9256 9257 1234
f 9257 9258 1235
f 9258 9259 1236
f 9259 9260 1237
f 9260 9261 1238
f 9261 9262 1239
f 9262 9263 1240
f 9263 9264 1241
f 9264 9265 874
f 9265 9266 1242
f 9266 9267 1244
f 9267 9268 1245
f 9268 9269 1246
f 9269 9270 1247
f 9270 9271 1248
f 9271 9272 1249
f 9272 9273 1250
f 9273 9274 1251
f 9274 9275 1252
f 9275 9276 1254
f 9276 9277 1255
f 9277 9278 1256
f 9278 9279 1257
f 9279 9280 1258
f 9280 9281 1259
f 9281 9282 1260
f 9282 9283 1261
f 9283 9284 1262
f 9284 9285 1263
f 9285 9286 1264
f 9286 9287 1265
f 9287 9288 1266
f 9288 9289 3482
f 9289 9290 3483
f 9290 9291 3485
f 9291 9292 3486
f 9292 9293 3487
f 9293 9294 3488
f 9294 9295 3516
f 9295 9296 3517
f 9296 9297 3518
f 9297 9298 3493
f 9298 9299 3519
f 9299 9300 3520
f 9300 9301 3521
f 9301 9302 3522
f 9302 9303 3523
f 9303 9304 3524
f 9304 9305 3525
f 9305 9306 3526
f 9306 9307 3527
f 9307 9308 3504
f 9308 9309 3528
f 9232 1224 9310
f 9310 1225 9311
f 9311 1221 9312
f 9312 1207 9313
f 9313 1267 9314
f 9314 1269 9315
f 9315 1271 9316
f 9316 1272 9317
f 9317 1273 9318
f 9318 1268 9319
f 9319 1274 9320
f 9320 1275 9321
f 9321 1270 9322
f 9322 1276 9323
f 9323 1278 9324
f 9324 1279 9325
f 9325 1280 9326
f 9326 1282 9327
f 9327 1281 9328
f 9328 1277 9329
f 9329 1283 9330
f 9330 1285 9331
f 9331 1286 9332
f 9332 1318 9333
f 9333 1317 9334
f 9334 1319 9335
f 9335 1320 9336
f 9336 1321 9337
f 9337 1322 9338
f 9338 1323 9339
f 9339 1324 9340
f 9340 1325 9341
f 9341 1326 9342
f 9342 1327 9343
f 9343 1328 9344
f 9344 1329 9345
f 9345 1284 9346
f 9346 1330 9347
f 9347 1332 9348
f 9348 1333 9349
f 9349 1334 9350
f 9350 1335 9351
f 9351 1336 9352
f 9352 1337 9353
f 9353 1338 9354
f 9354 1331 9355
f 9355 1339 9356
f 9356 1341 9357
f 9357 1342 9358
f 9358 1344 9359
f 9359 1343 9360
f 9360 1345 9361
f 9361 1346 9362
f 9362 1347 9363
f 9363 1340 9364
f 9364 1348 9365
f 9365 1349 9366
f 9366 1351 9367
f 9367 1352 9368
f 9368 1354 9369
f 9369 1355 9370
f 9370 1356 9371
f 9371 1357 9372
f 9372 1358 9373
f 9373 1359 9374
f 9374 1350 9375
f 9375 1361 9376
f 9376 1360 9377
f 9377 1362 9378
f 9378 1363 9379
f 9379 1364 9380
f 9380 1365 9381
f 9381 1366 9382
f 9382 1367 9383
f 9383 1368 9384
f 9384 1369 9385
f 9385 1370 9386
f 9386 1371 9387
f 9387 1372 9388
f 9388 1353 9389
f 9389 1374 9390
f 9390 1375 9391
f 9391 1376 9392
f 9392 1373 9393
f 9393 1377 9394
f 9394 1378 9395
f 9152 9153 9184
f 9155 9164 9173
f 9153 9173 9174
f 9164 9165 9172
f 9165 9166 9171
f 9166 9167 9170
f 9167 9168 9170
f 9166 9170 9171
f 9168 9169 9170
f 9165 9171 9172
f 9164 9172 9173
f 9153 9174 9184
f 9152 9184 9185
f 9019 9185 9228
f 9174 9175 9182
f 9175 9176 9181
f 9176 9177 9180
f 9177 9178 9180
f 9176 9180 9181
f 9175 9181 9182
f 9178 9179 9180
f 9174 9182 9183
f 9174 9183 9184
f 8976 9396 9281
f 9190 9191 9194
f 9188 9189 9196
f 9189 9190 9195
f 9186 9187 9206
f 9191 9192 9194
f 9190 9194 9195
f 9192 9193 9194
f 9189 9195 9196
f 9188 9196 9197
f 9187 9188 9206
f 9185 9186 9217
f 9188 9197 9206
f 9186 9206 9207
f 9197 9198 9205
f 9198 9199 9204
f 9199 9200 9203
f 9200 9201 9203
f 9186 9207 9217
f 9201 9202 9203
f 9199 9203 9204
f 9198 9204 9205
f 9197 9205 9206
f 9185 9217 9227
f 9207 9208 9215
f 9208 9209 9214
f 9209 9210 9213
f 9210 9211 9213
f 9209 9213 9214
f 9211 9212 9213
f 9208 9214 9215
f 9207 9215 9216
f 9185 9227 9228
f 9207 9216 9217
f 9019 9228 9381
f 9217 9218 9225
f 9218 9219 9224
f 9219 9220 9223
f 9220 9221 9223
f 9219 9223 9224
f 9221 9222 9223
f 9218 9224 9225
f 9217 9225 9226
f 9217 9226 9227
f 8976 9019 9397
f 9138 9235 9234
f 9239 9249 9240
f 9240 9249 9241
f 9241 9248 9242
f 9243 9245 9244
f 9242 9247 9243
f 9243 9246 9245
f 9243 9247 9246
f 9242 9248 9247
f 9241 9249 9248
f 9249 9259 9250
f 9250 9259 9251
f 9251 9258 9252
f 9252 9257 9253
f 9253 9255 9254
f 9253 9256 9255
f 9238 9281 9239
f 9253 9257 9256
f 9252 9258 9257
f 9251 9259 9258
f 9239 9281 9249
f 9260 9269 9261
f 9261 9268 9262
f 9263 9265 9264
f 9262 9267 9263
f 9249 9280 9259
f 9263 9266 9265
f 9263 9267 9266
f 9262 9268 9267
f 9261 9269 9268
f 9259 9280 9260
f 9260 9278 9269
f 9272 9274 9273
f 9249 9281 9280
f 9269 9278 9270
f 9270 9277 9271
f 9260 9279 9278
f 9260 9280 9279
f 9271 9276 9272
f 9272 9275 9274
f 9272 9276 9275
f 9271 9277 9276
f 9270 9278 9277
f 8976 9398 9396
f 9282 9292 9283
f 9283 9292 9284
f 9284 9291 9285
f 9286 9288 9287
f 9285 9290 9286
f 9286 9289 9288
f 9286 9290 9289
f 9285 9291 9290
f 9284 9292 9291
f 9292 9302 9293
f 9293 9302 9294
f 9296 9298 9297
f 9281 9396 9282
f 9294 9301 9295
f 9295 9300 9296
f 9296 9299 9298
f 9296 9300 9299
f 9295 9301 9300
f 9294 9302 9301
f 8976 9399 9398
f 9282 9396 9292
f 9306 9308 9307
f 9292 9400 9302
f 9303 9401 9304
f 9304 9402 9305
f 9305 9403 9306
f 9306 9309 9308
f 9306 9403 9309
f 9302 9400 9303
f 9231 9232 9316
f 9232 9310 9315
f 9310 9311 9314
f 9311 9312 9314
f 9310 9314 9315
f 9229 9230 9326
f 9230 9231 9326
f 9312 9313 9314
f 9232 9315 9316
f 9231 9316 9317
f 9228 9229 9337
f 9231 9317 9326
f 9229 9326 9327
f 9317 9318 9325
f 9318 9319 9324
f 9319 9320 9323
f 9320 9321 9323
f 9319 9323 9324
f 9318 9324 9325
f 9321 9322 9323
f 9317 9325 9326
f 9229 9327 9337
f 9228 9337 9338
f 9327 9328 9335
f 9328 9329 9334
f 9329 9330 9333
f 9330 9331 9333
f 9329 9333 9334
f 9328 9334 9335
f 9327 9335 9336
f 9331 9332 9333
f 9327 9336 9337
f 9228 9338 9380
f 9341 9342 9349
f 9343 9344 9347
f 9342 9343 9348
f 9344 9345 9347
f 9339 9340 9359
f 9340 9341 9359
f 9345 9346 9347
f 9343 9347 9348
f 9342 9348 9349
f 9341 9349 9350
f 9338 9339 9370
f 9341 9350 9359
f 8976 9404 9399
f 9339 9359 9360
f 9350 9351 9358
f 9351 9352 9357
f 9352 9353 9356
f 9353 9354 9356
f 9352 9356 9357
f 9354 9355 9356
f 9351 9357 9358
f 9350 9358 9359
f 9228 9380 9381
f 9339 9360 9370
f 9338 9370 9380
f 9360 9361 9368
f 9361 9362 9367
f 9362 9363 9366
f 9363 9364 9366
f 9362 9366 9367
f 9364 9365 9366
f 9361 9367 9368
f 9360 9368 9369
f 9360 9369 9370
f 9370 9371 9378
f 9371 9372 9377
f 9372 9373 9376
f 9373 9374 9376
f 9372 9376 9377
f 9374 9375 9376
f 9371 9377 9378
f 9370 9378 9379
f 9370 9379 9380
f 9019 9381 9397
f 9384 9385 9392
f 9385 9386 9391
f 9386 9387 9390
f 9387 9388 9390
f 9386 9390 9391
f 9385 9391 9392
f 9388 9389 9390
f 9384 9392 9393
f 9382 9383 9405
f 9383 9384 9405
f 9381 9382 9406
f 9384 9393 9405
f 9382 9405 9407
f 9395 1378 1379
f 9408 1379 1380
f 9409 1380 1381
f 9410 1381 2527
f 9411 2527 2522
f 9412 2522 2524
f 9413 2524 2523
f 9405 2523 2525
f 9407 2525 2528
f 9414 2528 2529
f 9415 2529 2530
f 9416 2530 2531
f 9417 2531 2526
f 9418 2526 2534
f 9419 2534 2533
f 9420 2533 2535
f 9421 2535 2536
f 9422 2536 2537
f 9406 2537 2538
f 9423 2538 2539
f 9424 2539 2540
f 9395 1379 9408
f 9408 1380 9409
f 9409 1381 9410
f 9410 2527 9411
f 9411 2522 9412
f 9412 2524 9413
f 9413 2523 9405
f 9405 2525 9407
f 9407 2528 9414
f 9414 2529 9415
f 9415 2530 9416
f 9416 2531 9417
f 9417 2526 9418
f 9418 2534 9419
f 9419 2533 9420
f 9420 2535 9421
f 9421 2536 9422
f 9422 2537 9406
f 9406 2538 9423
f 9423 2539 9424
f 9424 2540 9425
f 9393 9394 9413
f 9394 9395 9412
f 9395 9408 9411
f 9408 9409 9411
f 9409 9410 9411
f 9395 9411 9412
f 9394 9412 9413
f 9382 9407 9406
f 9393 9413 9405
f 9381 9406 9423
f 9407 9414 9421
f 9414 9415 9420
f 9415 9416 9419
f 9416 9417 9419
f 9415 9419 9420
f 9414 9420 9421
f 9407 9421 9422
f 9417 9418 9419
f 9407 9422 9406
f 9403 3531 3529
f 9402 3532 3531
f 9401 3533 3532
f 9426 3534 3533
f 9427 3535 3534
f 9428 3536 3535
f 9429 3537 3536
f 9430 3538 3537
f 9431 3540 3538
f 9432 3541 3540
f 9433 3542 3541
f 9434 3543 3542
f 9435 3544 3543
f 9400 3545 3544
f 9396 3546 3545
f 9436 3547 3546
f 9437 3548 3547
f 9438 3549 3548
f 9439 3550 3549
f 9440 3551 3550
f 9441 3552 3551
f 9442 3571 3552
f 9443 3573 3571
f 9444 3574 3573
f 9445 3575 3574
f 9446 3576 3575
f 9447 3577 3576
f 9448 3578 3577
f 9449 3579 3578
f 9450 3580 3579
f 9451 3581 3580
f 9452 3600 3581
f 9453 3601 3600
f 9454 3602 3601
f 9455 3603 3602
f 9456 3604 3603
f 9457 3605 3604
f 9458 3606 3605
f 9459 3607 3606
f 9460 3608 3607
f 9461 3609 3608
f 9462 3610 3609
f 9463 3611 3610
f 9464 3612 3611
f 9465 3613 3612
f 9466 3614 3613
f 9467 3615 3614
f 9468 3616 3615
f 9469 3617 3616
f 9470 3598 3617
f 9471 3619 3598
f 9472 3620 3619
f 9473 3621 3620
f 9474 3622 3621
f 9475 3623 3622
f 9476 3624 3623
f 9477 3625 3624
f 9398 3626 3625
f 9478 3627 3626
f 9479 3628 3627
f 9480 3629 3628
f 9481 3630 3629
f 9482 3631 3630
f 9483 3632 3631
f 9484 3659 3632
f 9485 3660 3659
f 9486 3661 3660
f 9487 3662 3661
f 9488 3663 3662
f 9489 3664 3663
f 9490 3665 3664
f 9491 3666 3665
f 9492 3667 3666
f 9493 3668 3667
f 9494 3689 3668
f 9495 3690 3689
f 9496 3691 3690
f 9497 3692 3691
f 9498 3693 3692
f 9499 3694 3693
f 9500 3695 3694
f 9501 3696 3695
f 9502 3697 3696
f 9503 3700 3697
f 9504 3698 3700
f 9505 3699 3698
f 9506 3701 3699
f 9507 3702 3701
f 9508 3703 3702
f 9509 3704 3703
f 9510 3705 3704
f 9511 3706 3705
f 9512 3683 3706
f 9513 3707 3683
f 9514 3709 3707
f 9515 3710 3709
f 9516 3711 3710
f 9517 3712 3711
f 9518 3713 3712
f 9519 3714 3713
f 9399 3715 3714
f 9309 9403 3529
f 9403 9402 3531
f 9402 9401 3532
f 9401 9426 3533
f 9426 9427 3534
f 9427 9428 3535
f 9428 9429 3536
f 9429 9430 3537
f 9430 9431 3538
f 9431 9432 3540
f 9432 9433 3541
f 9433 9434 3542
f 9434 9435 3543
f 9435 9400 3544
f 9400 9396 3545
f 9396 9436 3546
f 9436 9437 3547
f 9437 9438 3548
f 9438 9439 3549
f 9439 9440 3550
f 9440 9441 3551
f 9441 9442 3552
f 9442 9443 3571
f 9443 9444 3573
f 9444 9445 3574
f 9445 9446 3575
f 9446 9447 3576
f 9447 9448 3577
f 9448 9449 3578
f 9449 9450 3579
f 9450 9451 3580
f 9451 9452 3581
f 9452 9453 3600
f 9453 9454 3601
f 9454 9455 3602
f 9455 9456 3603
f 9456 9457 3604
f 9457 9458 3605
f 9458 9459 3606
f 9459 9460 3607
f 9460 9461 3608
f 9461 9462 3609
f 9462 9463 3610
f 9463 9464 3611
f 9464 9465 3612
f 9465 9466 3613
f 9466 9467 3614
f 9467 9468 3615
f 9468 9469 3616
f 9469 9470 3617
f 9470 9471 3598
f 9471 9472 3619
f 9472 9473 3620
f 9473 9474 3621
f 9474 9475 3622
f 9475 9476 3623
f 9476 9477 3624
f 9477 9398 3625
f 9398 9478 3626
f 9478 9479 3627
f 9479 9480 3628
f 9480 9481 3629
f 9481 9482 3630
f 9482 9483 3631
f 9483 9484 3632
f 9484 9485 3659
f 9485 9486 3660
f 9486 9487 3661
f 9487 9488 3662
f 9488 9489 3663
f 9489 9490 3664
f 9490 9491 3665
f 9491 9492 3666
f 9492 9493 3667
f 9493 9494 3668
f 9494 9495 3689
f 9495 9496 3690
f 9496 9497 3691
f 9497 9498 3692
f 9498 9499 3693
f 9499 9500 3694
f 9500 9501 3695
f 9501 9502 3696
f 9502 9503 3697
f 9503 9504 3700
f 9504 9505 3698
f 9505 9506 3699
f 9506 9507 3701
f 9507 9508 3702
f 9508 9509 3703
f 9509 9510 3704
f 9510 9511 3705
f 9511 9512 3706
f 9512 9513 3683
f 9513 9514 3707
f 9514 9515 3709
f 9515 9516 3710
f 9516 9517 3711
f 9517 9518 3712
f 9518 9519 3713
f 9519 9399 3714
f 9305 9402 9403
f 9304 9401 9402
f 9303 9434 9401
f 9292 9396 9400
f 9303 9435 9434
f 9401 9434 9426
f 9426 9433 9427
f 9427 9432 9428
f 9428 9430 9429
f 9428 9431 9430
f 9303 9400 9435
f 9427 9433 9432
f 9426 9434 9433
f 9428 9432 9431
f 9436 9446 9437
f 9437 9446 9438
f 9438 9445 9439
f 9439 9444 9440
f 9440 9442 9441
f 9440 9443 9442
f 9440 9444 9443
f 9439 9445 9444
f 9438 9446 9445
f 9446 9456 9447
f 9447 9456 9448
f 9396 9398 9436
f 9448 9455 9449
f 9450 9452 9451
f 9449 9454 9450
f 9450 9453 9452
f 9450 9454 9453
f 9449 9455 9454
f 9448 9456 9455
f 9436 9398 9446
f 9446 9477 9456
f 9457 9466 9458
f 9458 9465 9459
f 9460 9462 9461
f 9459 9464 9460
f 9460 9463 9462
f 9460 9464 9463
f 9459 9465 9464
f 9458 9466 9465
f 9456 9477 9457
f 9457 9475 9466
f 9446 9398 9477
f 9466 9475 9467
f 9457 9476 9475
f 9457 9477 9476
f 9469 9471 9470
f 9467 9474 9468
f 9468 9473 9469
f 9469 9472 9471
f 9469 9473 9472
f 9467 9475 9474
f 9468 9474 9473
f 8976 9520 9404
f 9478 9488 9479
f 9479 9488 9480
f 9480 9487 9481
f 9482 9484 9483
f 9481 9486 9482
f 9482 9485 9484
f 9482 9486 9485
f 9481 9487 9486
f 9480 9488 9487
f 9398 9399 9478
f 9488 9498 9489
f 9489 9498 9490
f 9490 9497 9491
f 9491 9496 9492
f 9492 9494 9493
f 9492 9495 9494
f 9492 9496 9495
f 9491 9497 9496
f 9490 9498 9497
f 9478 9399 9488
f 9488 9519 9498
f 9502 9504 9503
f 9499 9508 9500
f 9500 9507 9501
f 9501 9506 9502
f 9502 9505 9504
f 9502 9506 9505
f 9501 9507 9506
f 9500 9508 9507
f 9498 9519 9499
f 9499 9517 9508
f 9488 9399 9519
f 9508 9517 9509
f 9509 9516 9510
f 9510 9515 9511
f 9511 9513 9512
f 9499 9518 9517
f 9499 9519 9518
f 9511 9514 9513
f 9511 9515 9514
f 9510 9516 9515
f 9509 9517 9516
f 9425 2540 2541
f 9521 2541 2542
f 9522 2542 2543
f 9523 2543 2544
f 9524 2544 2545
f 9525 2545 2532
f 9526 2532 3848
f 9527 3848 3850
f 9528 3850 3851
f 9529 3851 3849
f 9530 3849 3852
f 9531 3852 3853
f 9532 3853 3854
f 9533 3854 3855
f 9534 3855 2580
f 9535 2580 3856
f 9536 3856 3858
f 9537 3858 3857
f 9538 3857 3859
f 9539 3859 3860
f 9540 3860 3862
f 9541 3862 3863
f 9542 3863 3864
f 9543 3864 3865
f 9544 3865 3861
f 9545 3861 3867
f 9546 3867 3866
f 9547 3866 3868
f 9548 3868 3869
f 9549 3869 3870
f 9550 3870 3871
f 9551 3871 3872
f 9552 3872 3873
f 9553 3873 3874
f 9554 3874 3875
f 9555 3875 3880
f 9556 3880 3881
f 9557 3881 3876
f 9558 3876 3878
f 9559 3878 3877
f 9560 3877 3882
f 9561 3882 3883
f 9562 3883 3884
f 9563 3884 3885
f 9564 3885 3886
f 9565 3886 3887
f 9566 3887 3888
f 9567 3888 3879
f 9568 3879 2675
f 9569 2675 3890
f 9570 3890 3889
f 9571 3889 3891
f 9572 3891 3892
f 9573 3892 3893
f 9574 3893 3894
f 9575 3894 3895
f 9576 3895 3896
f 9577 3896 3897
f 9578 3897 3904
f 9579 3904 3898
f 9580 3898 3900
f 9581 3900 3899
f 9582 3899 3901
f 9583 3901 3902
f 9584 3902 3905
f 9585 3905 3907
f 9586 3907 3908
f 9587 3908 3903
f 9588 3903 3910
f 9589 3910 3909
f 9590 3909 3911
f 9591 3716 3715
f 9592 3717 3716
f 9593 3718 3717
f 9594 3719 3718
f 9595 3720 3719
f 9596 3721 3720
f 9597 3747 3721
f 9598 3749 3747
f 9599 3750 3749
f 9600 3751 3750
f 9601 3752 3751
f 9602 3753 3752
f 9603 3754 3753
f 9604 3755 3754
f 9605 3758 3755
f 9606 3756 3758
f 9607 3757 3756
f 9608 3759 3757
f 9609 3760 3759
f 9610 3912 3760
f 9611 3913 3912
f 9612 3914 3913
f 9613 3915 3914
f 9614 3916 3915
f 9615 3917 3916
f 9616 3763 3917
f 9617 3918 3763
f 9618 3919 3918
f 9619 3920 3919
f 9620 3921 3920
f 9621 3922 3921
f 9622 3923 3922
f 9623 3924 3923
f 9624 3925 3924
f 9625 3773 3925
f 9626 3927 3773
f 9627 3928 3927
f 9628 3929 3928
f 9629 3930 3929
f 9630 3931 3930
f 9631 3932 3931
f 9632 3933 3932
f 9404 3934 3933
f 9633 3935 3934
f 9634 3936 3935
f 9635 3937 3936
f 9636 3938 3937
f 9637 3939 3938
f 9638 3940 3939
f 9639 4081 3940
f 9640 4082 4081
f 9641 4083 4082
f 9642 4084 4083
f 9643 4085 4084
f 9644 4086 4085
f 9645 4087 4086
f 9646 4088 4087
f 9647 4089 4088
f 9648 4092 4089
f 9649 4090 4092
f 9650 4091 4090
f 9651 4093 4091
f 9652 4094 4093
f 9653 4095 4094
f 9654 4103 4095
f 9655 4104 4103
f 9656 4105 4104
f 9657 4106 4105
f 9658 4096 4106
f 9659 4107 4096
f 9660 4108 4107
f 9661 4109 4108
f 9662 4110 4109
f 9663 4111 4110
f 9664 3911 3942
f 9665 3942 3943
f 9666 3943 3944
f 9667 3944 3945
f 9668 3945 3946
f 9669 3946 3947
f 9670 3947 3948
f 9671 3948 3949
f 9672 3949 3950
f 9673 3950 3951
f 9674 3951 3906
f 9675 3906 3953
f 9676 3953 3954
f 9677 3954 3955
f 9678 3955 3952
f 9679 3952 3956
f 9680 3956 3957
f 9681 3957 3958
f 9682 3958 3959
f 9683 3959 3960
f 9684 3960 4001
f 9685 4001 4003
f 9686 4003 4002
f 9687 4002 4004
f 9688 4004 4005
f 9689 4005 4006
f 9690 4006 4008
f 9691 4008 4009
f 9692 4009 4010
f 9693 4010 4007
f 9694 4007 4012
f 9695 4012 4013
f 9696 4013 4014
f 9697 4014 4015
f 9698 4015 4016
f 9699 4016 4018
f 9700 4018 4019
f 9701 4019 4020
f 9702 4020 4011
f 9703 4011 4017
f 9704 4017 4026
f 9705 4026 4028
f 9706 4028 4021
f 9707 4021 4023
f 9708 4023 4022
f 9709 4022 4024
f 9710 4024 4027
f 9711 4027 4029
f 9712 4029 4030
f 9713 4030 4031
f 9714 4031 4032
f 9715 4032 4033
f 9716 4033 4025
f 9717 4025 3990
f 9718 3990 4034
f 9719 4034 4036
f 9720 4036 4037
f 9721 4037 4038
f 9722 4038 4039
f 9723 4039 4040
f 9724 4040 4042
f 9725 4042 4041
f 9726 4041 4035
f 9727 4035 4045
f 9728 4045 4044
f 9729 4044 4046
f 9730 4046 4047
f 9731 4047 4048
f 9732 4048 4049
f 9733 4049 4050
f 9734 4050 4051
f 9735 4051 4052
f 9736 4052 4053
f 9737 4053 4055
f 9738 4055 4054
f 9739 4054 4056
f 9740 4056 4220
f 9741 4220 4221
f 9742 4221 4222
f 9743 4222 4223
f 9744 4223 4224
f 9745 4224 4225
f 9746 4225 4226
f 9747 4226 4227
f 9748 4227 4228
f 9749 4228 4229
f 9750 4347 4345
f 9751 4346 4347
f 9752 4349 4346
f 9753 4350 4349
f 9754 4353 4352
f 9755 4354 4353
f 9756 4351 4350
f 9397 4352 4351
f 9757 4112 4111
f 9758 4113 4112
f 9759 4114 4113
f 9760 4115 4114
f 9761 4118 4115
f 9762 4116 4118
f 9763 4117 4116
f 9764 4119 4117
f 9765 4120 4119
f 9766 4121 4120
f 9767 4122 4121
f 9768 4123 4122
f 9769 4124 4123
f 9770 4125 4124
f 9771 4126 4125
f 9772 4127 4126
f 9773 4128 4127
f 9774 4129 4128
f 9775 4130 4129
f 9776 4131 4130
f 9777 4132 4131
f 9520 4133 4132
f 9778 4134 4133
f 9779 4135 4134
f 9780 4136 4135
f 9781 4137 4136
f 9782 4140 4137
f 9783 4138 4140
f 9784 4139 4138
f 9785 4141 4139
f 9786 4142 4141
f 9787 4143 4142
f 9788 4144 4143
f 9789 4145 4144
f 9790 4146 4145
f 9791 4147 4146
f 9792 4148 4147
f 9793 4149 4148
f 9794 4329 4330
f 9795 4319 4321
f 9796 4322 4320
f 9797 4323 4322
f 9798 4320 4319
f 9799 4324 4323
f 9800 4325 4324
f 9801 4318 4149
f 9802 4321 4317
f 9803 4317 4318
f 9804 4326 4325
f 9805 4327 4326
f 9806 4328 4327
f 9807 4341 4328
f 9808 4339 4340
f 9809 4330 4339
f 9810 4340 4341
f 9811 4331 4332
f 9812 4332 4329
f 9813 4333 4331
f 9814 4334 4333
f 9815 4336 4335
f 9816 4337 4336
f 9817 4338 4337
f 9818 4335 4334
f 9819 4355 4338
f 9820 4359 4358
f 9821 4357 4359
f 9822 4356 4357
f 9823 4344 4348
f 9824 4348 4342
f 9825 4342 4343
f 9826 4362 4356
f 9827 4363 4362
f 9828 4364 4363
f 9829 4343 4364
f 9830 4358 4360
f 9831 4360 4361
f 9832 4361 4355
f 9833 4345 4344
f 9834 4229 4240
f 9835 4240 4241
f 9836 4241 4242
f 9837 4242 4243
f 9838 4243 4244
f 9839 4244 4245
f 9840 4245 4248
f 9841 4368 4365
f 9842 4365 4366
f 9843 4248 4246
f 9844 4367 4368
f 9845 4247 4367
f 9846 4246 4247
f 9847 4369 4354
f 9848 4371 4372
f 9849 4370 4369
f 9850 4372 4370
f 9851 4366 4371
f 9425 2541 9521
f 9521 2542 9522
f 9522 2543 9523
f 9523 2544 9524
f 9524 2545 9525
f 9525 2532 9526
f 9526 3848 9527
f 9527 3850 9528
f 9528 3851 9529
f 9529 3849 9530
f 9530 3852 9531
f 9531 3853 9532
f 9532 3854 9533
f 9533 3855 9534
f 9534 2580 9535
f 9535 3856 9536
f 9536 3858 9537
f 9537 3857 9538
f 9538 3859 9539
f 9539 3860 9540
f 9540 3862 9541
f 9541 3863 9542
f 9542 3864 9543
f 9543 3865 9544
f 9544 3861 9545
f 9545 3867 9546
f 9546 3866 9547
f 9547 3868 9548
f 9548 3869 9549
f 9549 3870 9550
f 9550 3871 9551
f 9551 3872 9552
f 9552 3873 9553
f 9553 3874 9554
f 9554 3875 9555
f 9555 3880 9556
f 9556 3881 9557
f 9557 3876 9558
f 9558 3878 9559
f 9559 3877 9560
f 9560 3882 9561
f 9561 3883 9562
f 9562 3884 9563
f 9563 3885 9564
f 9564 3886 9565
f 9565 3887 9566
f 9566 3888 9567
f 9567 3879 9568
f 9568 2675 9569
f 9569 3890 9570
f 9570 3889 9571
f 9571 3891 9572
f 9572 3892 9573
f 9573 3893 9574
f 9574 3894 9575
f 9575 3895 9576
f 9576 3896 9577
f 9577 3897 9578
f 9578 3904 9579
f 9579 3898 9580
f 9580 3900 9581
f 9581 3899 9582
f 9582 3901 9583
f 9583 3902 9584
f 9584 3905 9585
f 9585 3907 9586
f 9586 3908 9587
f 9587 3903 9588
f 9588 3910 9589
f 9589 3909 9590
f 9399 9591 3715
f 9591 9592 3716
f 9592 9593 3717
f 9593 9594 3718
f 9594 9595 3719
f 9595 9596 3720
f 9596 9597 3721
f 9597 9598 3747
f 9598 9599 3749
f 9599 9600 3750
f 9600 9601 3751
f 9601 9602 3752
f 9602 9603 3753
f 9603 9604 3754
f 9604 9605 3755
f 9605 9606 3758
f 9606 9607 3756
f 9607 9608 3757
f 9608 9609 3759
f 9609 9610 3760
f 9610 9611 3912
f 9611 9612 3913
f 9612 9613 3914
f 9613 9614 3915
f 9614 9615 3916
f 9615 9616 3917
f 9616 9617 3763
f 9617 9618 3918
f 9618 9619 3919
f 9619 9620 3920
f 9620 9621 3921
f 9621 9622 3922
f 9622 9623 3923
f 9623 9624 3924
f 9624 9625 3925
f 9625 9626 3773
f 9626 9627 3927
f 9627 9628 3928
f 9628 9629 3929
f 9629 9630 3930
f 9630 9631 3931
f 9631 9632 3932
f 9632 9404 3933
f 9404 9633 3934
f 9633 9634 3935
f 9634 9635 3936
f 9635 9636 3937
f 9636 9637 3938
f 9637 9638 3939
f 9638 9639 3940
f 9639 9640 4081
f 9640 9641 4082
f 9641 9642 4083
f 9642 9643 4084
f 9643 9644 4085
f 9644 9645 4086
f 9645 9646 4087
f 9646 9647 4088
f 9647 9648 4089
f 9648 9649 4092
f 9649 9650 4090
f 9650 9651 4091
f 9651 9652 4093
f 9652 9653 4094
f 9653 9654 4095
f 9654 9655 4103
f 9655 9656 4104
f 9656 9657 4105
f 9657 9658 4106
f 9658 9659 4096
f 9659 9660 4107
f 9660 9661 4108
f 9661 9662 4109
f 9662 9663 4110
f 9590 3911 9664
f 9664 3942 9665
f 9665 3943 9666
f 9666 3944 9667
f 9667 3945 9668
f 9668 3946 9669
f 9669 3947 9670
f 9670 3948 9671
f 9671 3949 9672
f 9672 3950 9673
f 9673 3951 9674
f 9674 3906 9675
f 9675 3953 9676
f 9676 3954 9677
f 9677 3955 9678
f 9678 3952 9679
f 9679 3956 9680
f 9680 3957 9681
f 9681 3958 9682
f 9682 3959 9683
f 9683 3960 9684
f 9684 4001 9685
f 9685 4003 9686
f 9686 4002 9687
f 9687 4004 9688
f 9688 4005 9689
f 9689 4006 9690
f 9690 4008 9691
f 9691 4009 9692
f 9692 4010 9693
f 9693 4007 9694
f 9694 4012 9695
f 9695 4013 9696
f 9696 4014 9697
f 9697 4015 9698
f 9698 4016 9699
f 9699 4018 9700
f 9700 4019 9701
f 9701 4020 9702
f 9702 4011 9703
f 9703 4017 9704
f 9704 4026 9705
f 9705 4028 9706
f 9706 4021 9707
f 9707 4023 9708
f 9708 4022 9709
f 9709 4024 9710
f 9710 4027 9711
f 9711 4029 9712
f 9712 4030 9713
f 9713 4031 9714
f 9714 4032 9715
f 9715 4033 9716
f 9716 4025 9717
f 9717 3990 9718
f 9718 4034 9719
f 9719 4036 9720
f 9720 4037 9721
f 9721 4038 9722
f 9722 4039 9723
f 9723 4040 9724
f 9724 4042 9725
f 9725 4041 9726
f 9726 4035 9727
f 9727 4045 9728
f 9728 4044 9729
f 9729 4046 9730
f 9730 4047 9731
f 9731 4048 9732
f 9732 4049 9733
f 9733 4050 9734
f 9734 4051 9735
f 9735 4052 9736
f 9736 4053 9737
f 9737 4055 9738
f 9738 4054 9739
f 9739 4056 9740
f 9740 4220 9741
f 9741 4221 9742
f 9742 4222 9743
f 9743 4223 9744
f 9744 4224 9745
f 9745 4225 9746
f 9746 4226 9747
f 9747 4227 9748
f 9748 4228 9749
f 9749 4229 9834
f 9833 9750 4345
f 9751 4347 9750
f 9751 9752 4346
f 9752 9753 4349
f 9754 9755 4353
f 9756 4350 9753
f 9756 9397 4351
f 9397 9754 4352
f 9381 9423 9560
f 8976 9397 9520
f 9521 9522 9529
f 9522 9523 9528
f 9523 9524 9527
f 9424 9425 9539
f 9524 9525 9527
f 9525 9526 9527
f 9523 9527 9528
f 9522 9528 9529
f 9521 9529 9530
f 9425 9521 9539
f 9423 9424 9550
f 9521 9530 9539
f 9424 9539 9540
f 9381 9560 9561
f 9530 9531 9538
f 9531 9532 9537
f 9532 9533 9536
f 9533 9534 9536
f 9532 9536 9537
f 9531 9537 9538
f 9424 9540 9550
f 9534 9535 9536
f 9530 9538 9539
f 9540 9541 9548
f 9541 9542 9547
f 9542 9543 9546
f 9423 9550 9560
f 9543 9544 9546
f 9542 9546 9547
f 9544 9545 9546
f 9541 9547 9548
f 9540 9548 9549
f 9540 9549 9550
f 9550 9551 9558
f 9551 9552 9557
f 9552 9553 9556
f 9553 9554 9556
f 9552 9556 9557
f 9551 9557 9558
f 9554 9555 9556
f 9550 9558 9559
f 9550 9559 9560
f 9564 9565 9572
f 9565 9566 9571
f 9566 9567 9570
f 9567 9568 9570
f 9566 9570 9571
f 9562 9563 9582
f 9563 9564 9582
f 9565 9571 9572
f 9568 9569 9570
f 9564 9572 9573
f 9561 9562 9666
f 9564 9573 9582
f 9562 9582 9583
f 9573 9574 9581
f 9574 9575 9580
f 9575 9576 9579
f 9381 9561 9397
f 9562 9583 9666
f 9576 9577 9579
f 9577 9578 9579
f 9575 9579 9580
f 9574 9580 9581
f 9573 9581 9582
f 9561 9666 9667
f 9583 9584 9664
f 9584 9585 9590
f 9585 9586 9589
f 9586 9587 9589
f 9585 9589 9590
f 9587 9588 9589
f 9584 9590 9664
f 9583 9664 9665
f 9583 9665 9666
f 9591 9601 9592
f 9592 9601 9593
f 9593 9600 9594
f 9595 9597 9596
f 9594 9599 9595
f 9595 9598 9597
f 9595 9599 9598
f 9594 9600 9599
f 9593 9601 9600
f 9601 9611 9602
f 9399 9404 9591
f 9602 9611 9603
f 9603 9610 9604
f 9604 9609 9605
f 9605 9607 9606
f 9605 9608 9607
f 9605 9609 9608
f 9604 9610 9609
f 9603 9611 9610
f 9591 9404 9601
f 9612 9621 9613
f 9613 9620 9614
f 9615 9617 9616
f 9614 9619 9615
f 9615 9618 9617
f 9601 9632 9611
f 9615 9619 9618
f 9614 9620 9619
f 9613 9621 9620
f 9611 9632 9612
f 9612 9630 9621
f 9601 9404 9632
f 9612 9631 9630
f 9621 9630 9622
f 9622 9629 9623
f 9623 9628 9624
f 9624 9626 9625
f 9624 9627 9626
f 9624 9628 9627
f 9612 9632 9631
f 9622 9630 9629
f 9623 9629 9628
f 9633 9643 9634
f 9634 9643 9635
f 9637 9639 9638
f 9635 9642 9636
f 9636 9641 9637
f 9637 9640 9639
f 9637 9641 9640
f 9636 9642 9641
f 9635 9643 9642
f 9643 9653 9644
f 9647 9649 9648
f 9644 9653 9645
f 9645 9652 9646
f 9646 9651 9647
f 9647 9650 9649
f 9647 9651 9650
f 9646 9652 9651
f 9645 9653 9652
f 9404 9520 9633
f 9633 9520 9643
f 9653 9663 9654
f 9654 9663 9655
f 9655 9662 9656
f 9657 9659 9658
f 9656 9661 9657
f 9657 9660 9659
f 9657 9661 9660
f 9656 9662 9661
f 9655 9663 9662
f 9643 9520 9653
f 9561 9667 9709
f 9670 9671 9678
f 9671 9672 9677
f 9672 9673 9676
f 9673 9674 9676
f 9668 9669 9688
f 9669 9670 9688
f 9674 9675 9676
f 9672 9676 9677
f 9671 9677 9678
f 9670 9678 9679
f 9667 9668 9699
f 9670 9679 9688
f 9668 9688 9689
f 9679 9680 9687
f 9680 9681 9686
f 9681 9682 9685
f 9682 9683 9685
f 9681 9685 9686
f 9683 9684 9685
f 9680 9686 9687
f 9679 9687 9688
f 9668 9689 9699
f 9667 9699 9709
f 9689 9690 9697
f 9690 9691 9696
f 9691 9692 9695
f 9692 9693 9695
f 9691 9695 9696
f 9693 9694 9695
f 9690 9696 9697
f 9689 9697 9698
f 9689 9698 9699
f 9561 9709 9397
f 9699 9700 9707
f 9700 9701 9706
f 9701 9702 9705
f 9702 9703 9705
f 9701 9705 9706
f 9700 9706 9707
f 9703 9704 9705
f 9699 9707 9708
f 9699 9708 9709
f 9715 9716 9719
f 9713 9714 9721
f 9714 9715 9720
f 9711 9712 9731
f 9712 9713 9731
f 9716 9717 9719
f 9717 9718 9719
f 9715 9719 9720
f 9714 9720 9721
f 9713 9721 9722
f 9710 9711 9742
f 9713 9722 9731
f 9711 9731 9732
f 9722 9723 9730
f 9723 9724 9729
f 9724 9725 9728
f 9725 9726 9728
f 9726 9727 9728
f 9724 9728 9729
f 9723 9729 9730
f 9722 9730 9731
f 9709 9710 9397
f 9711 9732 9742
f 9732 9733 9740
f 9733 9734 9739
f 9734 9735 9738
f 9735 9736 9738
f 9734 9738 9739
f 9736 9737 9738
f 9733 9739 9740
f 9732 9740 9741
f 9710 9742 9397
f 9732 9741 9742
f 9746 9747 9838
f 9747 9748 9837
f 9748 9749 9836
f 9742 9743 9755
f 9743 9744 9755
f 9744 9745 9755
f 9745 9746 9755
f 9742 9754 9397
f 9742 9755 9754
f 9746 9838 9755
f 9663 9757 4111
f 9757 9758 4112
f 9758 9759 4113
f 9759 9760 4114
f 9760 9761 4115
f 9761 9762 4118
f 9762 9763 4116
f 9763 9764 4117
f 9764 9765 4119
f 9765 9766 4120
f 9766 9767 4121
f 9767 9768 4122
f 9768 9769 4123
f 9769 9770 4124
f 9770 9771 4125
f 9771 9772 4126
f 9772 9773 4127
f 9773 9774 4128
f 9774 9775 4129
f 9775 9776 4130
f 9776 9777 4131
f 9777 9520 4132
f 9520 9778 4133
f 9778 9779 4134
f 9779 9780 4135
f 9780 9781 4136
f 9781 9782 4137
f 9782 9783 4140
f 9783 9784 4138
f 9784 9785 4139
f 9785 9786 4141
f 9786 9787 4142
f 9787 9788 4143
f 9788 9789 4144
f 9789 9790 4145
f 9790 9791 4146
f 9791 9792 4147
f 9792 9793 4148
f 9795 4321 9802
f 9796 9797 4322
f 9798 9796 4320
f 9795 9798 4319
f 9799 4323 9797
f 9799 9800 4324
f 9793 9801 4149
f 9802 4317 9803
f 9803 4318 9801
f 9800 9804 4325
f 9804 9805 4326
f 9805 9806 4327
f 9806 9807 4328
f 9809 4339 9808
f 9794 4330 9809
f 9810 9808 4340
f 9810 4341 9807
f 9813 4331 9811
f 9812 4329 9794
f 9812 9811 4332
f 9813 9814 4333
f 9814 9818 4334
f 9818 9815 4335
f 9816 4336 9815
f 9816 9817 4337
f 9817 9819 4338
f 9821 4359 9820
f 9822 4357 9821
f 9823 9833 4344
f 9823 4348 9824
f 9824 4342 9825
f 9825 4343 9829
f 9822 9826 4356
f 9827 9828 4363
f 9826 9827 4362
f 9829 4364 9828
f 9830 9820 4358
f 9831 9830 4360
f 9831 4361 9832
f 9819 9832 4355
f 9653 9777 9663
f 9757 9766 9758
f 9758 9765 9759
f 9760 9762 9761
f 9759 9764 9760
f 9760 9763 9762
f 9760 9764 9763
f 9759 9765 9764
f 9758 9766 9765
f 9663 9777 9757
f 9757 9775 9766
f 9653 9520 9777
f 9766 9775 9767
f 9769 9771 9770
f 9767 9774 9768
f 9768 9773 9769
f 9769 9772 9771
f 9757 9776 9775
f 9757 9777 9776
f 9769 9773 9772
f 9768 9774 9773
f 9767 9775 9774
f 9778 9788 9779
f 9779 9788 9780
f 9780 9787 9781
f 9781 9786 9782
f 9782 9784 9783
f 9782 9785 9784
f 9782 9786 9785
f 9781 9787 9786
f 9780 9788 9787
f 9799 9790 9789
f 9799 9791 9790
f 9791 9797 9792
f 9792 9801 9793
f 9520 9756 9778
f 9778 9753 9788
f 9806 9811 9812
f 9805 9813 9811
f 9788 9814 9789
f 9792 9797 9796
f 9792 9796 9798
f 9799 9797 9791
f 9799 9789 9813
f 9792 9802 9803
f 9792 9798 9795
f 9792 9795 9802
f 9792 9803 9801
f 9813 9789 9814
f 9799 9813 9800
f 9800 9813 9804
f 9804 9813 9805
f 9805 9811 9806
f 9806 9809 9808
f 9806 9808 9810
f 9806 9810 9807
f 9806 9812 9794
f 9806 9794 9809
f 9788 9752 9814
f 9778 9756 9753
f 9520 9397 9756
f 9788 9753 9752
f 9814 9752 9818
f 9816 9815 9752
f 9818 9752 9815
f 9816 9822 9817
f 9817 9830 9831
f 9817 9831 9832
f 9817 9832 9819
f 9817 9821 9820
f 9817 9820 9830
f 9817 9822 9821
f 9816 9750 9833
f 9816 9752 9751
f 9816 9751 9750
f 9816 9833 9822
f 9822 9823 9826
f 9824 9827 9826
f 9822 9833 9823
f 9823 9824 9826
f 9824 9825 9827
f 9827 9825 9829
f 9827 9829 9828
f 9834 4240 9835
f 9835 4241 9836
f 9836 4242 9837
f 9837 4243 9838
f 9838 4244 9839
f 9839 4245 9840
f 9840 4248 9843
f 9842 4366 9851
f 9842 9841 4365
f 9843 4246 9846
f 9841 9844 4368
f 9844 9845 4367
f 9845 9846 4247
f 9755 9847 4354
f 9848 4372 9850
f 9849 4369 9847
f 9849 9850 4370
f 9848 9851 4371
f 9749 9834 9836
f 9834 9835 9836
f 9748 9836 9837
f 9747 9837 9838
f 9838 9841 9755
f 9838 9839 9841
f 9839 9840 9841
f 9840 9843 9841
f 9843 9846 9844
f 9843 9844 9841
f 9844 9846 9845
f 9755 9849 9847
f 9755 9851 9848
f 9842 9755 9841
f 9842 9851 9755
f 9755 9848 9850
f 9755 9850 9849
f 9852 3279 562
f 9853 3280 3279
f 9854 562 686
f 9855 3281 3280
f 9856 686 696
f 9857 696 698
f 9858 3282 3281
f 9859 698 697
f 9860 3283 3282
f 9861 3284 3283
f 9862 697 699
f 9863 699 700
f 9864 700 701
f 9865 3285 3284
f 9866 3286 3285
f 9867 3287 3286
f 9868 3288 3287
f 9869 3289 3288
f 9870 701 702
f 9871 702 704
f 9872 704 703
f 9873 703 706
f 9874 706 707
f 9875 707 708
f 9876 708 709
f 9877 709 756
f 9878 756 757
f 9879 757 758
f 9880 758 759
f 9881 759 760
f 9882 760 733
f 9883 733 761
f 9884 761 762
f 9885 762 763
f 9886 763 764
f 9887 764 765
f 9888 765 766
f 9889 766 767
f 9890 3290 3289
f 9891 3291 3290
f 9892 3292 3291
f 9893 3293 3292
f 9894 3294 3293
f 9895 3295 3294
f 9896 3296 3295
f 9897 3297 3296
f 9898 3298 3297
f 9899 3299 3298
f 9900 3300 3299
f 9901 3301 3300
f 9902 3302 3301
f 9903 767 768
f 9904 768 769
f 9905 769 770
f 9906 770 771
f 9907 3303 3302
f 9908 3304 3303
f 9909 3305 3304
f 9910 3306 3305
f 9911 3307 3306
f 9912 3308 3307
f 9913 3309 3308
f 9914 3310 3309
f 9915 3311 3310
f 9916 3312 3311
f 9917 3313 3312
f 9918 3314 3313
f 9919 3315 3314
f 9920 3316 3315
f 9921 771 772
f 9922 772 773
f 9923 773 743
f 9924 743 776
f 9925 776 777
f 9926 777 778
f 9927 778 779
f 9928 779 780
f 9929 780 781
f 9930 781 782
f 9931 782 783
f 9932 783 784
f 9933 784 786
f 9934 786 787
f 9935 787 788
f 9936 788 789
f 9937 789 790
f 9938 790 791
f 9939 791 792
f 9940 792 793
f 9941 793 794
f 9942 794 795
f 9943 795 796
f 9944 796 797
f 9945 797 798
f 9946 798 799
f 9947 799 800
f 9948 800 801
f 9949 801 802
f 9950 802 846
f 9951 846 847
f 9952 847 848
f 9953 848 849
f 9954 849 850
f 9955 850 851
f 9956 851 824
f 9957 824 852
f 9958 852 853
f 9959 853 854
f 9960 854 855
f 9961 855 856
f 9962 856 857
f 9963 857 858
f 9852 562 9854
f 9852 9853 3279
f 9854 686 9856
f 9853 9855 3280
f 9855 9858 3281
f 9856 696 9857
f 9857 698 9859
f 9859 697 9862
f 9858 9860 3282
f 9860 9861 3283
f 9862 699 9863
f 9863 700 9864
f 9864 701 9870
f 9861 9865 3284
f 9865 9866 3285
f 9866 9867 3286
f 9867 9868 3287
f 9868 9869 3288
f 9870 702 9871
f 9871 704 9872
f 9872 703 9873
f 9873 706 9874
f 9874 707 9875
f 9875 708 9876
f 9876 709 9877
f 9877 756 9878
f 9878 757 9879
f 9879 758 9880
f 9880 759 9881
f 9881 760 9882
f 9882 733 9883
f 9883 761 9884
f 9884 762 9885
f 9885 763 9886
f 9886 764 9887
f 9887 765 9888
f 9888 766 9889
f 9889 767 9903
f 9869 9890 3289
f 9890 9891 3290
f 9891 9892 3291
f 9892 9893 3292
f 9893 9894 3293
f 9894 9895 3294
f 9895 9896 3295
f 9896 9897 3296
f 9897 9898 3297
f 9898 9899 3298
f 9899 9900 3299
f 9900 9901 3300
f 9901 9902 3301
f 9903 768 9904
f 9904 769 9905
f 9905 770 9906
f 9906 771 9921
f 9902 9907 3302
f 9907 9908 3303
f 9908 9909 3304
f 9909 9910 3305
f 9910 9911 3306
f 9911 9912 3307
f 9912 9913 3308
f 9913 9914 3309
f 9914 9915 3310
f 9915 9916 3311
f 9916 9917 3312
f 9917 9918 3313
f 9918 9919 3314
f 9919 9920 3315
f 9921 772 9922
f 9922 773 9923
f 9923 743 9924
f 9924 776 9925
f 9925 777 9926
f 9926 778 9927
f 9927 779 9928
f 9928 780 9929
f 9929 781 9930
f 9930 782 9931
f 9931 783 9932
f 9932 784 9933
f 9933 786 9934
f 9934 787 9935
f 9935 788 9936
f 9936 789 9937
f 9937 790 9938
f 9938 791 9939
f 9939 792 9940
f 9940 793 9941
f 9941 794 9942
f 9942 795 9943
f 9943 796 9944
f 9944 797 9945
f 9945 798 9946
f 9946 799 9947
f 9947 800 9948
f 9948 801 9949
f 9949 802 9950
f 9950 846 9951
f 9951 847 9952
f 9952 848 9953
f 9953 849 9954
f 9954 850 9955
f 9955 851 9956
f 9956 824 9957
f 9957 852 9958
f 9958 853 9959
f 9959 854 9960
f 9960 855 9961
f 9961 856 9962
f 9962 857 9963
f 9963 858 9964
f 9852 9854 9856
f 9852 9856 9853
f 9853 9856 9855
f 9856 9858 9855
f 9856 9860 9858
f 9856 9861 9860
f 9856 9857 9866
f 9857 9859 9866
f 9856 9865 9861
f 9856 9866 9865
f 9859 9862 9867
f 9859 9867 9866
f 9867 9897 9868
f 9868 9890 9869
f 9868 9891 9890
f 9868 9892 9891
f 9868 9893 9892
f 9863 9864 9876
f 9864 9870 9875
f 9870 9871 9874
f 9871 9872 9874
f 9870 9874 9875
f 9864 9875 9876
f 9872 9873 9874
f 9863 9876 9877
f 9863 9877 9878
f 9863 9878 9888
f 9862 9913 9867
f 9868 9894 9893
f 9868 9895 9894
f 9878 9879 9886
f 9879 9880 9885
f 9880 9881 9884
f 9881 9882 9884
f 9880 9884 9885
f 9882 9883 9884
f 9879 9885 9886
f 9878 9886 9887
f 9878 9887 9888
f 9868 9896 9895
f 9868 9897 9896
f 9867 9898 9897
f 9867 9913 9898
f 9898 9913 9899
f 9901 9907 9902
f 9901 9908 9907
f 9899 9913 9900
f 9900 9912 9901
f 9901 9909 9908
f 9862 9965 9913
f 9862 9863 9966
f 9901 9910 9909
f 9901 9911 9910
f 9901 9912 9911
f 9900 9913 9912
f 9863 9888 9966
f 9862 9967 9965
f 9913 9965 9914
f 9914 9965 9915
f 9915 9965 9916
f 9918 9920 9919
f 9916 9965 9917
f 9917 9968 9918
f 9918 9969 9920
f 9918 9970 9969
f 9905 9906 9927
f 9906 9921 9926
f 9921 9922 9925
f 9922 9923 9925
f 9921 9925 9926
f 9906 9926 9927
f 9903 9904 9937
f 9904 9905 9937
f 9905 9927 9928
f 9889 9903 9948
f 9923 9924 9925
f 9905 9928 9937
f 9903 9937 9938
f 9928 9929 9936
f 9929 9930 9935
f 9930 9931 9934
f 9903 9938 9948
f 9931 9932 9934
f 9930 9934 9935
f 9932 9933 9934
f 9929 9935 9936
f 9928 9936 9937
f 9889 9948 9949
f 9888 9889 9971
f 9938 9939 9946
f 9939 9940 9945
f 9940 9941 9944
f 9941 9942 9944
f 9942 9943 9944
f 9940 9944 9945
f 9939 9945 9946
f 9938 9946 9947
f 9938 9947 9948
f 9889 9949 9972
f 9952 9953 9960
f 9954 9955 9958
f 9955 9956 9958
f 9953 9954 9959
f 9950 9951 9973
f 9951 9952 9973
f 9956 9957 9958
f 9954 9958 9959
f 9953 9959 9960
f 9952 9960 9961
f 9952 9961 9973
f 9961 9962 9974
f 9969 3317 3316
f 9970 3318 3317
f 9975 3319 3318
f 9976 3320 3319
f 9968 3321 3320
f 9965 3322 3321
f 9977 3323 3322
f 9978 3324 3323
f 9979 3325 3324
f 9980 3326 3325
f 9981 3327 3326
f 9982 3328 3327
f 9983 3329 3328
f 9984 3330 3329
f 9985 3331 3330
f 9986 3332 3331
f 9987 3333 3332
f 9988 3334 3333
f 9967 3335 3334
f 9989 3336 3335
f 9990 3337 3336
f 9991 3338 3337
f 9992 3339 3338
f 9993 3340 3339
f 9994 3341 3340
f 9995 3342 3341
f 9996 3343 3342
f 9997 3344 3343
f 9998 3345 3344
f 9999 3346 3345
f 10000 3347 3346
f 10001 3348 3347
f 10002 3349 3348
f 10003 3350 3349
f 10004 3351 3350
f 10005 3352 3351
f 10006 3353 3352
f 10007 3354 3353
f 10008 3355 3354
f 10009 3356 3355
f 10010 3357 3356
f 9966 3358 3357
f 9971 3359 3358
f 10011 3360 3359
f 10012 3361 3360
f 10013 3362 3361
f 10014 3363 3362
f 10015 3364 3363
f 10016 3365 3364
f 10017 3366 3365
f 10018 3367 3366
f 10019 3368 3367
f 10020 3369 3368
f 10021 3370 3369
f 10022 3371 3370
f 10023 3372 3371
f 10024 3373 3372
f 10025 3374 3373
f 10026 3375 3374
f 10027 3376 3375
f 10028 3377 3376
f 9964 858 859
f 10029 859 833
f 10030 833 861
f 10031 861 866
f 10032 866 868
f 9974 868 867
f 9973 867 869
f 10033 869 870
f 10034 870 871
f 10035 871 872
f 10036 872 873
f 10037 873 864
f 10038 864 876
f 10039 876 875
f 10040 875 877
f 10041 877 878
f 10042 878 879
f 10043 879 880
f 10044 880 882
f 10045 882 881
f 10046 881 883
f 10047 883 3269
f 10048 3269 3271
f 10049 3271 3270
f 10050 3270 3272
f 10051 3272 3273
f 10052 3273 3275
f 10053 3275 3274
f 9972 3274 3277
f 10054 3277 3276
f 10055 3276 3278
f 10056 3278 3466
f 10057 3466 3465
f 10058 3465 3467
f 10059 3467 3468
f 10060 3468 1243
f 10061 1243 3469
f 10062 3469 3470
f 10063 3470 3471
f 10064 3471 3472
f 10065 3472 3473
f 10066 3473 3474
f 10067 3474 3476
f 10068 3378 3377
f 10069 3379 3378
f 10070 3380 3379
f 10071 3381 3380
f 10072 3382 3381
f 10073 3383 3382
f 10074 3384 3383
f 10075 3385 3384
f 10076 3386 3385
f 10077 3387 3386
f 10078 3388 3387
f 10079 3389 3388
f 10080 3390 3389
f 10081 3391 3390
f 10082 3392 3391
f 10083 3393 3392
f 10084 3394 3393
f 10085 3395 3394
f 10086 3396 3395
f 10087 3397 3396
f 10088 3398 3397
f 10089 3399 3398
f 10090 3400 3399
f 10091 3401 3400
f 10092 3402 3401
f 10093 3403 3402
f 10094 3404 3403
f 10095 3405 3404
f 10096 3406 3405
f 10097 3407 3406
f 10098 3408 3407
f 10099 3409 3408
f 10100 3410 3409
f 10101 3411 3410
f 10102 3412 3411
f 10103 3413 3412
f 10104 3414 3413
f 10105 3415 3414
f 10106 3416 3415
f 10107 3417 3416
f 10108 3418 3417
f 10109 3419 3418
f 10110 3420 3419
f 10111 3421 3420
f 10112 3422 3421
f 10113 3423 3422
f 10114 3424 3423
f 10115 3425 3424
f 10116 3426 3425
f 10117 3427 3426
f 10118 3428 3427
f 10119 3429 3428
f 10120 3430 3429
f 10121 3431 3430
f 10122 3432 3431
f 10123 3433 3432
f 10124 3434 3433
f 10125 3476 3475
f 10126 3475 1253
f 10127 1253 3478
f 10128 3478 3477
f 10129 3477 3479
f 10130 3479 3481
f 10131 3481 3480
f 10132 3480 3490
f 10133 3490 3489
f 10134 3489 3492
f 10135 3492 3491
f 10136 3491 3484
f 10137 3484 3494
f 10138 3494 3495
f 10139 3495 3497
f 10140 3497 3496
f 10141 3496 3498
f 10142 3498 3500
f 10143 3500 3499
f 10144 3499 3502
f 10145 3502 3501
f 10146 3501 3503
f 10147 3503 3505
f 10148 3505 3506
f 10149 3506 3508
f 10150 3508 3507
f 10151 3507 3509
f 10152 3509 3511
f 10153 3511 3510
f 10154 3510 3512
f 10155 3512 3514
f 10156 3514 3513
f 10157 3513 3515
f 10158 3515 3554
f 10159 3554 3553
f 10160 3553 3530
f 10161 3530 3555
f 10162 3555 3556
f 10163 3556 3557
f 10164 3557 3558
f 10165 3558 3559
f 10166 3559 3561
f 10167 3561 3560
f 10168 3560 3562
f 10169 3562 3539
f 10170 3539 3563
f 10171 3435 3434
f 10172 3436 3435
f 10173 3437 3436
f 10174 3438 3437
f 10175 3439 3438
f 10176 3440 3439
f 10177 3441 3440
f 10178 3442 3441
f 10179 3443 3442
f 10180 3444 3443
f 10181 3445 3444
f 10182 3448 3445
f 10183 3446 3448
f 10184 3447 3446
f 10185 3449 3447
f 10186 3450 3449
f 10187 3451 3450
f 10188 3452 3451
f 10189 3453 3452
f 10190 3454 3453
f 10191 3455 3454
f 10192 3456 3455
f 10193 3457 3456
f 10194 3458 3457
f 10195 3459 3458
f 10196 3460 3459
f 10197 3461 3460
f 10198 3462 3461
f 10199 3463 3462
f 10200 3464 3463
f 10201 3563 3564
f 10202 3564 3565
f 10203 3565 3566
f 10204 3566 3568
f 10205 3568 3567
f 10206 3567 3570
f 10207 3570 3569
f 10208 3569 3582
f 10209 3582 3572
f 10210 3572 3584
f 10211 3584 3583
f 10212 3583 3585
f 10213 3585 3586
f 10214 3586 3587
f 10215 3587 3588
f 10216 3588 3590
f 10217 3590 3589
f 10218 3589 3591
f 10219 3591 3593
f 10220 3593 3592
f 10221 3592 3594
f 10222 3594 3595
f 10223 3595 3596
f 10224 3596 3597
f 10225 3597 3599
f 10226 3599 3633
f 10227 3633 3634
f 10228 3634 3635
f 10229 3635 3636
f 10230 3636 3637
f 10231 3637 3638
f 10232 3638 3639
f 10233 3639 3640
f 10234 3640 3641
f 10235 3641 3642
f 10236 3642 3643
f 10237 3643 3644
f 10238 3644 3645
f 10239 3645 3646
f 10240 3646 3647
f 10241 3647 3648
f 10242 3648 3618
f 10243 3618 3649
f 10244 3649 3650
f 10245 3650 3651
f 10246 3651 3652
f 10247 3652 3653
f 10248 3653 3654
f 10249 3654 3655
f 10250 3655 3656
f 10251 3656 3657
f 10252 3657 3658
f 10253 3658 3669
f 10254 3669 3670
f 10255 3670 3671
f 10256 3671 3672
f 10257 3672 3673
f 10258 3673 3674
f 10259 3674 3675
f 10260 3675 3676
f 10261 3676 3677
f 10262 3677 3678
f 10263 3678 3679
f 10264 3679 3680
f 10265 3680 3681
f 10266 3681 3682
f 10267 3682 3684
f 10268 3684 3685
f 10269 3685 3686
f 10270 3686 3687
f 10271 3687 3688
f 10272 3688 3722
f 10273 3722 3723
f 10274 3723 3726
f 10275 3726 3724
f 10276 3724 3725
f 10277 3725 3727
f 10278 3727 3729
f 10279 3729 3728
f 10280 3728 3730
f 10281 3730 3731
f 10282 3731 3732
f 10283 3732 3733
f 10284 3733 3734
f 10285 3734 3708
f 10286 3708 3736
f 10287 3736 3735
f 10288 3782 3464
f 10289 3783 3782
f 10290 3784 3783
f 10291 3785 3784
f 10292 3786 3785
f 10293 3787 3786
f 10294 3788 3787
f 10295 3789 3788
f 10296 3790 3789
f 10297 3791 3790
f 10298 3792 3791
f 10299 3793 3792
f 10300 3794 3793
f 10301 3795 3794
f 10302 3796 3795
f 10303 3797 3796
f 10304 3798 3797
f 10305 3799 3798
f 10306 3800 3799
f 10307 3801 3800
f 10308 3802 3801
f 10309 3803 3802
f 10310 3804 3803
f 10311 3805 3804
f 10312 3806 3805
f 10313 3807 3806
f 10314 3808 3807
f 10315 3809 3808
f 10316 3810 3809
f 10317 3811 3810
f 10318 3812 3811
f 10319 3813 3812
f 10320 3814 3813
f 10321 3815 3814
f 10322 3816 3815
f 10323 3817 3816
f 10324 3818 3817
f 10325 3819 3818
f 10326 3820 3819
f 10327 3821 3820
f 10328 3822 3821
f 10329 3823 3822
f 10330 3824 3823
f 10331 3825 3824
f 10332 3826 3825
f 10333 3827 3826
f 10334 3828 3827
f 10335 3829 3828
f 10336 3830 3829
f 10337 3735 3737
f 10338 3737 3738
f 10339 3738 3739
f 10340 3831 3830
f 10341 3832 3831
f 10342 3833 3832
f 10343 3834 3833
f 10344 3739 3740
f 10345 3740 3741
f 10346 3741 3742
f 10347 3742 3743
f 10348 3743 3745
f 10349 3745 3744
f 10350 3744 3746
f 10351 3746 3761
f 10352 3761 3748
f 10353 3748 3762
f 10354 3762 3764
f 10355 3764 3765
f 10356 3765 3766
f 10357 3766 3767
f 10358 3767 3768
f 10359 3768 3769
f 10360 3769 3770
f 10361 3770 3771
f 10362 3771 3772
f 10363 3772 3774
f 10364 3774 3775
f 10365 3775 3776
f 10366 3776 3777
f 10367 3777 3778
f 10368 3778 3779
f 10369 3779 3780
f 10370 3780 3781
f 10371 3781 4059
f 10372 4059 4057
f 10373 4057 4058
f 10374 4058 4060
f 10375 4060 4061
f 10376 4061 4062
f 10377 4062 4063
f 10378 4063 4064
f 10379 4064 4065
f 10380 4065 4066
f 10381 4066 3926
f 10382 3926 4067
f 10383 4067 4068
f 10384 4068 4069
f 10385 3835 3834
f 10386 3836 3835
f 10387 3837 3836
f 10388 3838 3837
f 10389 3839 3838
f 10390 3840 3839
f 10391 3841 3840
f 10392 3842 3841
f 10393 3843 3842
f 10394 3844 3843
f 10395 3845 3844
f 10396 3846 3845
f 10397 3847 3846
f 10398 4069 4070
f 10399 4070 4071
f 10400 4071 4072
f 10401 4072 4073
f 9920 9969 3316
f 9969 9970 3317
f 9970 9975 3318
f 9975 9976 3319
f 9976 9968 3320
f 9968 9965 3321
f 9965 9977 3322
f 9977 9978 3323
f 9978 9979 3324
f 9979 9980 3325
f 9980 9981 3326
f 9981 9982 3327
f 9982 9983 3328
f 9983 9984 3329
f 9984 9985 3330
f 9985 9986 3331
f 9986 9987 3332
f 9987 9988 3333
f 9988 9967 3334
f 9967 9989 3335
f 9989 9990 3336
f 9990 9991 3337
f 9991 9992 3338
f 9992 9993 3339
f 9993 9994 3340
f 9994 9995 3341
f 9995 9996 3342
f 9996 9997 3343
f 9997 9998 3344
f 9998 9999 3345
f 9999 10000 3346
f 10000 10001 3347
f 10001 10002 3348
f 10002 10003 3349
f 10003 10004 3350
f 10004 10005 3351
f 10005 10006 3352
f 10006 10007 3353
f 10007 10008 3354
f 10008 10009 3355
f 10009 10010 3356
f 10010 9966 3357
f 9966 9971 3358
f 9971 10011 3359
f 10011 10012 3360
f 10012 10013 3361
f 10013 10014 3362
f 10014 10015 3363
f 10015 10016 3364
f 10016 10017 3365
f 10017 10018 3366
f 10018 10019 3367
f 10019 10020 3368
f 10020 10021 3369
f 10021 10022 3370
f 10022 10023 3371
f 10023 10024 3372
f 10024 10025 3373
f 10025 10026 3374
f 10026 10027 3375
f 10027 10028 3376
f 9964 859 10029
f 10029 833 10030
f 10030 861 10031
f 10031 866 10032
f 10032 868 9974
f 9974 867 9973
f 9973 869 10033
f 10033 870 10034
f 10034 871 10035
f 10035 872 10036
f 10036 873 10037
f 10037 864 10038
f 10038 876 10039
f 10039 875 10040
f 10040 877 10041
f 10041 878 10042
f 10042 879 10043
f 10043 880 10044
f 10044 882 10045
f 10045 881 10046
f 10046 883 10047
f 10047 3269 10048
f 10048 3271 10049
f 10049 3270 10050
f 10050 3272 10051
f 10051 3273 10052
f 10052 3275 10053
f 10053 3274 9972
f 9972 3277 10054
f 10054 3276 10055
f 10055 3278 10056
f 10056 3466 10057
f 10057 3465 10058
f 10058 3467 10059
f 10059 3468 10060
f 10060 1243 10061
f 10061 3469 10062
f 10062 3470 10063
f 10063 3471 10064
f 10064 3472 10065
f 10065 3473 10066
f 10066 3474 10067
f 10028 10068 3377
f 10068 10069 3378
f 10069 10070 3379
f 10070 10071 3380
f 10071 10072 3381
f 10072 10073 3382
f 10073 10074 3383
f 10074 10075 3384
f 10075 10076 3385
f 10076 10077 3386
f 10077 10078 3387
f 10078 10079 3388
f 10079 10080 3389
f 10080 10081 3390
f 10081 10082 3391
f 10082 10083 3392
f 10083 10084 3393
f 10084 10085 3394
f 10085 10086 3395
f 10086 10087 3396
f 10087 10088 3397
f 10088 10089 3398
f 10089 10090 3399
f 10090 10091 3400
f 10091 10092 3401
f 10092 10093 3402
f 10093 10094 3403
f 10094 10095 3404
f 10095 10096 3405
f 10096 10097 3406
f 10097 10098 3407
f 10098 10099 3408
f 10099 10100 3409
f 10100 10101 3410
f 10101 10102 3411
f 10102 10103 3412
f 10103 10104 3413
f 10104 10105 3414
f 10105 10106 3415
f 10106 10107 3416
f 10107 10108 3417
f 10108 10109 3418
f 10109 10110 3419
f 10110 10111 3420
f 10111 10112 3421
f 10112 10113 3422
f 10113 10114 3423
f 10114 10115 3424
f 10115 10116 3425
f 10116 10117 3426
f 10117 10118 3427
f 10118 10119 3428
f 10119 10120 3429
f 10120 10121 3430
f 10121 10122 3431
f 10122 10123 3432
f 10123 10124 3433
f 9918 9975 9970
f 9918 9976 9975
f 9918 9968 9976
f 9917 9965 9968
f 9862 10010 9967
f 9965 9967 9977
f 9977 9967 9978
f 9978 9967 9979
f 9979 9967 9980
f 9981 9983 9982
f 9981 9984 9983
f 9980 9988 9981
f 9981 9985 9984
f 9981 9986 9985
f 9862 9966 10010
f 9981 9987 9986
f 9981 9988 9987
f 9980 9967 9988
f 9993 9995 9994
f 9992 10000 9993
f 9993 9996 9995
f 9993 9997 9996
f 9888 9971 9966
f 9967 10010 9989
f 9989 10010 9990
f 9993 9998 9997
f 9993 9999 9998
f 9990 10010 9991
f 9991 10009 9992
f 9949 9950 10053
f 9950 9973 10033
f 9993 10000 9999
f 9992 10008 10000
f 9992 10009 10008
f 10000 10007 10001
f 9991 10010 10009
f 10001 10006 10002
f 10002 10004 10003
f 10002 10005 10004
f 10002 10006 10005
f 10001 10007 10006
f 10000 10008 10007
f 10014 10016 10015
f 10014 10017 10016
f 10014 10018 10017
f 10013 10021 10014
f 10014 10019 10018
f 10014 10020 10019
f 10012 10068 10013
f 10014 10021 10020
f 10013 10068 10021
f 10023 10025 10024
f 10021 10028 10022
f 10022 10027 10023
f 10023 10026 10025
f 10023 10027 10026
f 10022 10028 10027
f 10021 10068 10028
f 10012 10078 10068
f 9962 9963 10032
f 9963 9964 10031
f 9964 10029 10031
f 9963 10031 10032
f 9962 10032 9974
f 9961 9974 9973
f 10029 10030 10031
f 9950 10033 10053
f 10033 10034 10041
f 10034 10035 10040
f 10035 10036 10039
f 10036 10037 10039
f 10035 10039 10040
f 10034 10040 10041
f 10037 10038 10039
f 10033 10041 10042
f 9949 10053 9972
f 10033 10042 10043
f 10033 10043 10053
f 9889 9972 10153
f 10043 10044 10051
f 10044 10045 10050
f 10045 10046 10049
f 10046 10047 10049
f 10045 10049 10050
f 10047 10048 10049
f 10044 10050 10051
f 10043 10051 10052
f 10043 10052 10053
f 10056 10057 10064
f 10057 10058 10063
f 10058 10059 10062
f 10059 10060 10062
f 10054 10055 10131
f 10055 10056 10131
f 10058 10062 10063
f 10060 10061 10062
f 10057 10063 10064
f 10056 10064 10065
f 9972 10054 10142
f 10056 10065 10131
f 10054 10131 10132
f 10065 10066 10130
f 9889 10391 9971
f 10068 10078 10069
f 10069 10078 10070
f 10070 10077 10071
f 10072 10074 10073
f 10071 10076 10072
f 10072 10075 10074
f 10072 10076 10075
f 10071 10077 10076
f 10012 10098 10078
f 10070 10078 10077
f 10078 10088 10079
f 10079 10088 10080
f 10080 10087 10081
f 10082 10084 10083
f 10081 10086 10082
f 10082 10085 10084
f 10082 10086 10085
f 10081 10087 10086
f 10012 10108 10098
f 10080 10088 10087
f 10078 10098 10088
f 10088 10098 10089
f 10089 10098 10090
f 10090 10097 10091
f 10092 10094 10093
f 10091 10096 10092
f 10092 10095 10094
f 10092 10096 10095
f 10091 10097 10096
f 10090 10098 10097
f 10012 10175 10108
f 10098 10108 10099
f 10099 10108 10100
f 10102 10104 10103
f 10100 10107 10101
f 10101 10106 10102
f 10102 10105 10104
f 10102 10106 10105
f 10101 10107 10106
f 10100 10108 10107
f 10012 10176 10175
f 10109 10118 10110
f 10112 10114 10113
f 10110 10117 10111
f 10111 10116 10112
f 10112 10115 10114
f 10112 10116 10115
f 10111 10117 10116
f 10110 10118 10117
f 10108 10175 10109
f 10109 10173 10118
f 10118 10173 10119
f 10119 10172 10120
f 10121 10123 10122
f 10120 10171 10121
f 10109 10174 10173
f 10109 10175 10174
f 10121 10124 10123
f 10120 10172 10171
f 10121 10171 10124
f 10067 3476 10125
f 10125 3475 10126
f 10126 1253 10127
f 10127 3478 10128
f 10128 3477 10129
f 10129 3479 10130
f 10130 3481 10131
f 10131 3480 10132
f 10132 3490 10133
f 10133 3489 10134
f 10134 3492 10135
f 10135 3491 10136
f 10136 3484 10137
f 10137 3494 10138
f 10138 3495 10139
f 10139 3497 10140
f 10140 3496 10141
f 10141 3498 10142
f 10142 3500 10143
f 10143 3499 10144
f 10144 3502 10145
f 10145 3501 10146
f 10146 3503 10147
f 10147 3505 10148
f 10148 3506 10149
f 10149 3508 10150
f 10150 3507 10151
f 10151 3509 10152
f 10152 3511 10153
f 10153 3510 10154
f 10154 3512 10155
f 10155 3514 10156
f 10156 3513 10157
f 10157 3515 10158
f 10158 3554 10159
f 10159 3553 10160
f 10160 3530 10161
f 10161 3555 10162
f 10162 3556 10163
f 10163 3557 10164
f 10164 3558 10165
f 10165 3559 10166
f 10166 3561 10167
f 10167 3560 10168
f 10168 3562 10169
f 10169 3539 10170
f 10170 3563 10201
f 10124 10171 3434
f 10171 10172 3435
f 10172 10173 3436
f 10173 10174 3437
f 10174 10175 3438
f 10175 10176 3439
f 10176 10177 3440
f 10177 10178 3441
f 10178 10179 3442
f 10179 10180 3443
f 10180 10181 3444
f 10181 10182 3445
f 10182 10183 3448
f 10183 10184 3446
f 10184 10185 3447
f 10185 10186 3449
f 10186 10187 3450
f 10187 10188 3451
f 10188 10189 3452
f 10189 10190 3453
f 10190 10191 3454
f 10191 10192 3455
f 10192 10193 3456
f 10193 10194 3457
f 10194 10195 3458
f 10195 10196 3459
f 10196 10197 3460
f 10197 10198 3461
f 10198 10199 3462
f 10199 10200 3463
f 10201 3564 10202
f 10202 3565 10203
f 10203 3566 10204
f 10204 3568 10205
f 10205 3567 10206
f 10206 3570 10207
f 10207 3569 10208
f 10208 3582 10209
f 10209 3572 10210
f 10210 3584 10211
f 10211 3583 10212
f 10212 3585 10213
f 10213 3586 10214
f 10214 3587 10215
f 10215 3588 10216
f 10216 3590 10217
f 10217 3589 10218
f 10218 3591 10219
f 10219 3593 10220
f 10220 3592 10221
f 10221 3594 10222
f 10222 3595 10223
f 10223 3596 10224
f 10224 3597 10225
f 10225 3599 10226
f 10226 3633 10227
f 10227 3634 10228
f 10228 3635 10229
f 10229 3636 10230
f 10230 3637 10231
f 10231 3638 10232
f 10232 3639 10233
f 10233 3640 10234
f 10234 3641 10235
f 10235 3642 10236
f 10236 3643 10237
f 10237 3644 10238
f 10238 3645 10239
f 10239 3646 10240
f 10240 3647 10241
f 10241 3648 10242
f 10242 3618 10243
f 10243 3649 10244
f 10244 3650 10245
f 10245 3651 10246
f 10246 3652 10247
f 10247 3653 10248
f 10248 3654 10249
f 10249 3655 10250
f 10250 3656 10251
f 10251 3657 10252
f 10252 3658 10253
f 10253 3669 10254
f 10254 3670 10255
f 10255 3671 10256
f 10256 3672 10257
f 10257 3673 10258
f 10258 3674 10259
f 10259 3675 10260
f 10260 3676 10261
f 10261 3677 10262
f 10262 3678 10263
f 10263 3679 10264
f 10264 3680 10265
f 10265 3681 10266
f 10266 3682 10267
f 10267 3684 10268
f 10268 3685 10269
f 10269 3686 10270
f 10270 3687 10271
f 10271 3688 10272
f 10272 3722 10273
f 10273 3723 10274
f 10274 3726 10275
f 10275 3724 10276
f 10276 3725 10277
f 10277 3727 10278
f 10278 3729 10279
f 10279 3728 10280
f 10280 3730 10281
f 10281 3731 10282
f 10282 3732 10283
f 10283 3733 10284
f 10284 3734 10285
f 10285 3708 10286
f 10286 3736 10287
f 10287 3735 10337
f 10066 10067 10129
f 10067 10125 10128
f 10125 10126 10128
f 10067 10128 10129
f 10126 10127 10128
f 10066 10129 10130
f 10065 10130 10131
f 10054 10132 10142
f 9972 10142 10152
f 10132 10133 10140
f 10133 10134 10139
f 10134 10135 10138
f 10135 10136 10138
f 10136 10137 10138
f 10134 10138 10139
f 10133 10139 10140
f 10132 10140 10141
f 10132 10141 10142
f 9972 10152 10153
f 10142 10143 10150
f 10143 10144 10149
f 10144 10145 10148
f 10145 10146 10148
f 10144 10148 10149
f 10146 10147 10148
f 10143 10149 10150
f 10142 10150 10151
f 10142 10151 10152
f 9889 10153 10392
f 10156 10157 10164
f 10157 10158 10163
f 10158 10159 10162
f 10154 10155 10204
f 10159 10160 10162
f 10160 10161 10162
f 10158 10162 10163
f 10157 10163 10164
f 10155 10156 10204
f 10156 10164 10165
f 10153 10154 10215
f 10156 10165 10204
f 10154 10204 10205
f 10165 10166 10203
f 10166 10167 10202
f 10167 10168 10201
f 10168 10169 10201
f 10167 10201 10202
f 10169 10170 10201
f 9971 10390 10011
f 10011 10390 10012
f 10166 10202 10203
f 10165 10203 10204
f 10154 10205 10215
f 10012 10307 10176
f 10119 10173 10172
f 10178 10187 10179
f 10179 10186 10180
f 10181 10183 10182
f 10180 10185 10181
f 10181 10184 10183
f 10181 10185 10184
f 10180 10186 10185
f 10179 10187 10186
f 10176 10198 10177
f 10177 10198 10178
f 10178 10196 10187
f 10187 10196 10188
f 10190 10192 10191
f 10178 10197 10196
f 10178 10198 10197
f 10188 10195 10189
f 10189 10194 10190
f 10190 10193 10192
f 10190 10194 10193
f 10189 10195 10194
f 10188 10196 10195
f 10176 10307 10198
f 10153 10215 10216
f 10205 10206 10213
f 10206 10207 10212
f 10207 10208 10211
f 10208 10209 10211
f 10207 10211 10212
f 10206 10212 10213
f 10209 10210 10211
f 10205 10213 10214
f 10205 10214 10215
f 10153 10216 10258
f 10219 10220 10227
f 10220 10221 10226
f 10221 10222 10225
f 10222 10223 10225
f 10221 10225 10226
f 10220 10226 10227
f 10219 10227 10228
f 10217 10218 10237
f 10218 10219 10237
f 10223 10224 10225
f 10216 10217 10248
f 10219 10228 10237
f 10217 10237 10238
f 10228 10229 10236
f 10229 10230 10235
f 10230 10231 10234
f 10153 10258 10259
f 10217 10238 10248
f 10231 10232 10234
f 10232 10233 10234
f 10230 10234 10235
f 10229 10235 10236
f 10228 10236 10237
f 10216 10248 10258
f 10238 10239 10246
f 10239 10240 10245
f 10240 10241 10244
f 10241 10242 10244
f 10240 10244 10245
f 10242 10243 10244
f 10239 10245 10246
f 10238 10246 10247
f 10012 10388 10307
f 9889 10392 10391
f 10238 10247 10248
f 10012 10389 10388
f 10012 10390 10389
f 9971 10391 10390
f 10248 10249 10256
f 10249 10250 10255
f 10250 10251 10254
f 10251 10252 10254
f 10250 10254 10255
f 10252 10253 10254
f 10249 10255 10256
f 10248 10256 10257
f 10153 10259 10393
f 10248 10257 10258
f 10262 10263 10270
f 10263 10264 10269
f 10264 10265 10268
f 10265 10266 10268
f 10260 10261 10280
f 10261 10262 10280
f 10266 10267 10268
f 10264 10268 10269
f 10263 10269 10270
f 10262 10270 10271
f 10259 10260 10344
f 10262 10271 10280
f 10260 10280 10281
f 10271 10272 10279
f 10272 10273 10278
f 10273 10274 10277
f 10274 10275 10277
f 10273 10277 10278
f 10272 10278 10279
f 10271 10279 10280
f 10275 10276 10277
f 10260 10281 10344
f 10259 10344 10345
f 10281 10282 10338
f 10282 10283 10337
f 10283 10284 10287
f 10284 10285 10287
f 10283 10287 10337
f 10282 10337 10338
f 10285 10286 10287
f 10281 10338 10339
f 10281 10339 10344
f 10200 10288 3464
f 10288 10289 3782
f 10289 10290 3783
f 10290 10291 3784
f 10291 10292 3785
f 10292 10293 3786
f 10293 10294 3787
f 10294 10295 3788
f 10295 10296 3789
f 10296 10297 3790
f 10297 10298 3791
f 10298 10299 3792
f 10299 10300 3793
f 10300 10301 3794
f 10301 10302 3795
f 10302 10303 3796
f 10303 10304 3797
f 10304 10305 3798
f 10305 10306 3799
f 10306 10307 3800
f 10307 10308 3801
f 10308 10309 3802
f 10309 10310 3803
f 10310 10311 3804
f 10311 10312 3805
f 10312 10313 3806
f 10313 10314 3807
f 10314 10315 3808
f 10315 10316 3809
f 10316 10317 3810
f 10317 10318 3811
f 10318 10319 3812
f 10319 10320 3813
f 10320 10321 3814
f 10321 10322 3815
f 10322 10323 3816
f 10323 10324 3817
f 10324 10325 3818
f 10325 10326 3819
f 10326 10327 3820
f 10327 10328 3821
f 10328 10329 3822
f 10329 10330 3823
f 10330 10331 3824
f 10331 10332 3825
f 10332 10333 3826
f 10333 10334 3827
f 10334 10335 3828
f 10335 10336 3829
f 10337 3737 10338
f 10338 3738 10339
f 10339 3739 10344
f 10336 10340 3830
f 10340 10341 3831
f 10341 10342 3832
f 10342 10343 3833
f 10343 10385 3834
f 10344 3740 10345
f 10345 3741 10346
f 10346 3742 10347
f 10347 3743 10348
f 10348 3745 10349
f 10349 3744 10350
f 10350 3746 10351
f 10351 3761 10352
f 10352 3748 10353
f 10353 3762 10354
f 10354 3764 10355
f 10355 3765 10356
f 10356 3766 10357
f 10357 3767 10358
f 10358 3768 10359
f 10359 3769 10360
f 10360 3770 10361
f 10361 3771 10362
f 10362 3772 10363
f 10363 3774 10364
f 10364 3775 10365
f 10365 3776 10366
f 10366 3777 10367
f 10367 3778 10368
f 10368 3779 10369
f 10369 3780 10370
f 10370 3781 10371
f 10371 4059 10372
f 10372 4057 10373
f 10373 4058 10374
f 10374 4060 10375
f 10375 4061 10376
f 10376 4062 10377
f 10377 4063 10378
f 10378 4064 10379
f 10379 4065 10380
f 10380 4066 10381
f 10381 3926 10382
f 10382 4067 10383
f 10383 4068 10384
f 10384 4069 10398
f 10385 10386 3835
f 10386 10387 3836
f 10387 10388 3837
f 10388 10389 3838
f 10389 10390 3839
f 10390 10391 3840
f 10391 10392 3841
f 10392 10393 3842
f 10393 10394 3843
f 10394 10395 3844
f 10395 10396 3845
f 10396 10397 3846
f 10398 4070 10399
f 10399 4071 10400
f 10400 4072 10401
f 10401 4073 10402
f 10397 10403 3847
f 10200 10296 10288
f 10288 10296 10289
f 10289 10296 10290
f 10291 10293 10292
f 10290 10295 10291
f 10291 10294 10293
f 10198 10307 10199
f 10291 10295 10294
f 10290 10296 10295
f 10199 10307 10200
f 10200 10305 10296
f 10296 10304 10297
f 10297 10304 10298
f 10298 10303 10299
f 10299 10303 10300
f 10300 10302 10301
f 10200 10306 10305
f 10200 10307 10306
f 10298 10304 10303
f 10296 10305 10304
f 10300 10303 10302
f 10309 10319 10310
f 10310 10319 10311
f 10311 10318 10312
f 10312 10317 10313
f 10313 10315 10314
f 10313 10316 10315
f 10312 10318 10317
f 10313 10317 10316
f 10309 10320 10319
f 10311 10319 10318
f 10309 10331 10320
f 10153 10393 10392
f 10320 10331 10321
f 10321 10331 10322
f 10307 10388 10308
f 10308 10388 10309
f 10322 10331 10323
f 10323 10330 10324
f 10324 10329 10325
f 10325 10329 10326
f 10326 10328 10327
f 10326 10329 10328
f 10324 10330 10329
f 10323 10331 10330
f 10309 10387 10331
f 10259 10345 10394
f 10331 10387 10332
f 10309 10388 10387
f 10332 10387 10333
f 10333 10387 10334
f 10334 10387 10335
f 10335 10386 10336
f 10336 10386 10340
f 10340 10386 10341
f 10341 10385 10342
f 10342 10385 10343
f 10348 10349 10356
f 10349 10350 10355
f 10350 10351 10354
f 10351 10352 10354
f 10346 10347 10366
f 10347 10348 10366
f 10350 10354 10355
f 10352 10353 10354
f 10349 10355 10356
f 10348 10356 10357
f 10345 10346 10377
f 10348 10357 10366
f 10346 10366 10367
f 10357 10358 10365
f 10358 10359 10364
f 10359 10360 10363
f 10360 10361 10363
f 10359 10363 10364
f 10361 10362 10363
f 10358 10364 10365
f 10357 10365 10366
f 10259 10394 10393
f 10346 10367 10377
f 10345 10377 10394
f 10367 10368 10375
f 10368 10369 10374
f 10369 10370 10373
f 10370 10371 10373
f 10369 10373 10374
f 10371 10372 10373
f 10368 10374 10375
f 10367 10375 10376
f 10367 10376 10377
f 10377 10378 10398
f 10378 10379 10384
f 10379 10380 10383
f 10380 10381 10383
f 10379 10383 10384
f 10381 10382 10383
f 10378 10384 10398
f 10377 10398 10399
f 10377 10399 10400
f 10335 10387 10386
f 10341 10386 10385
f 10394 10377 10395
f 10377 10396 10395
f 10377 10400 10396
f 10400 10401 10396
f 10396 10401 10402
f 10396 10402 10404
f 10396 10404 10405
f 10396 10405 10406
f 10396 10406 10407
f 10396 10407 10397
f 10402 4073 4074
f 10404 4074 4075
f 10405 4075 4076
f 10406 4076 4077
f 10408 4077 4078
f 10409 4078 4079
f 10410 4079 4080
f 10403 4102 3847
f 10411 4080 4097
f 10412 4097 4098
f 10407 4098 4099
f 10413 4099 4100
f 10414 4100 4101
f 10415 4101 4102
f 10402 4074 10404
f 10404 4075 10405
f 10405 4076 10406
f 10406 4077 10408
f 10408 4078 10409
f 10409 4079 10410
f 10410 4080 10411
f 10411 4097 10412
f 10412 4098 10407
f 10407 4099 10413
f 10413 4100 10414
f 10414 4101 10415
f 10403 10415 4102
f 10406 10408 10407
f 10408 10409 10412
f 10409 10410 10412
f 10408 10412 10407
f 10410 10411 10412
f 10397 10407 10413
f 10397 10413 10414
f 10397 10414 10415
f 10397 10415 10403

