# https://github.com/mikedh/trimesh
v 2.59999990 0.00000000 0.00000000
v 2.50000000 0.00000000 0.00000000
v 2.00000000 2.00000000 0.00000000
v 0.00000000 2.50000000 0.00000000
v 2.59999990 2.00000000 0.00000000
v 2.59999990 0.00000000 18.52010155
v 2.59999990 2.00000000 18.52010155
v 0.00000000 71.50000000 0.00000000
v 0.00000000 2.50000000 24.00000000
v 43.59999847 0.00000000 0.00000000
v 43.59999847 2.00000000 0.00000000
v 48.40000153 0.00000000 0.00000000
v 44.90398407 4.90398455 0.00000000
v 45.05641937 4.77030230 0.00000000
v 44.77030182 5.05641985 0.00000000
v 44.46326065 5.79768419 0.00000000
v 44.50281525 5.59883070 0.00000000
v 44.45000076 6.00000000 0.00000000
v 44.65766144 5.22499990 0.00000000
v 44.56798553 5.40684080 0.00000000
v 45.22499847 4.65766048 0.00000000
v 45.40684128 4.56798649 0.00000000
v 45.59883118 4.50281477 0.00000000
v 45.79768372 4.46326065 0.00000000
v 46.00000000 4.44999981 0.00000000
v 46.20231628 4.46326065 0.00000000
v 46.40116882 4.50281477 0.00000000
v 43.59999847 2.00000000 5.00000000
v 45.40684128 4.56798649 4.59999990
v 45.59883118 4.50281477 4.59999990
v 45.79768372 4.46326065 4.59999990
v 44.46326065 6.20231581 0.00000000
v 44.50281525 6.40116930 0.00000000
v 43.59999847 9.00000000 0.00000000
v 44.56798553 6.59315920 0.00000000
v 44.65766144 6.77500010 0.00000000
v 44.77030182 6.94358015 0.00000000
v 44.90398407 7.09601545 0.00000000
v 45.05641937 7.22969770 0.00000000
v 45.22499847 7.34233952 0.00000000
v 45.40684128 7.43201351 0.00000000
v 45.59883118 7.49718523 0.00000000
v 48.40000153 9.00000000 0.00000000
v 44.50281525 5.59883070 4.59999990
v 44.46326065 5.79768419 4.59999990
v 43.59999847 9.00000000 5.00000000
v 44.45000076 6.00000000 4.59999990
v 44.46326065 6.20231581 4.59999990
v 44.50281525 6.40116930 4.59999990
v 44.56798553 6.59315920 4.59999990
v 44.65766144 5.22499990 4.59999990
v 44.77030182 5.05641985 4.59999990
v 44.90398407 4.90398455 4.59999990
v 45.05641937 4.77030230 4.59999990
v 44.56798553 5.40684080 4.59999990
v 45.22499847 4.65766048 4.59999990
v 44.65766144 6.77500010 4.59999990
v 44.77030182 6.94358015 4.59999990
v 44.90398407 7.09601545 4.59999990
v 45.05641937 7.22969770 4.59999990
v 45.22499847 7.34233952 4.59999990
v 45.40684128 7.43201351 4.59999990
v 45.59883118 7.49718523 4.59999990
v 45.79768372 7.53673935 0.00000000
v 45.79768372 7.53673935 4.59999990
v 46.00000000 7.55000019 0.00000000
v 46.00000000 7.55000019 4.59999990
v 46.00000000 4.44999981 4.59999990
v 43.59999847 2.00000000 12.00000000
v 48.40000153 9.00000000 5.00000000
v 46.00000000 6.00000000 4.59999990
v 43.59999847 2.00000000 18.52010155
v 2.59999990 1.00000000 17.52010155
v 2.59999990 0.00000000 20.47989845
v 2.00000000 2.00000000 22.00000000
v 2.50000000 0.00000000 24.00000000
v 2.59999990 1.00000000 21.47989845
v 2.59999990 2.00000000 20.47989845
v 17.83493614 44.63000107 24.00000000
v 43.59999847 0.00000000 20.47989845
v 43.59999847 1.00000000 21.47989845
v 2.00000000 72.00000000 22.00000000
v 18.23223305 44.11223221 22.00000000
v 18.47809601 43.89661789 22.00000000
v 18.75000000 43.71493530 22.00000000
v 19.04329109 43.57030106 22.00000000
v 19.35295296 43.46518707 22.00000000
v 19.67368507 43.40138626 22.00000000
v 20.00000000 43.38000107 22.00000000
v 17.69030190 44.92329025 22.00000000
v 17.83493614 44.63000107 22.00000000
v 18.01661682 44.35809708 22.00000000
v 17.52138710 45.55368423 22.00000000
v 17.58518600 45.23295212 22.00000000
v 17.50000000 45.88000107 22.00000000
v 18.23223305 44.11223221 24.00000000
v 18.01661682 44.35809708 24.00000000
v 18.47809601 43.89661789 24.00000000
v 18.75000000 43.71493530 24.00000000
v 19.04329109 43.57030106 24.00000000
v 19.35295296 43.46518707 24.00000000
v 19.67368507 43.40138626 24.00000000
v 20.00000000 43.38000107 24.00000000
v 20.32631493 43.40138626 24.00000000
v 20.64704704 43.46518707 24.00000000
v 20.95670891 43.57030106 24.00000000
v 21.25000000 43.71493530 24.00000000
v 21.52190399 43.89661789 24.00000000
v 21.76776695 44.11223221 24.00000000
v 21.98338318 44.35809708 24.00000000
v 22.16506386 44.63000107 24.00000000
v 33.00000000 40.88000107 22.00000000
v 33.00000000 40.88000107 24.00000000
v 43.59999847 0.00000000 18.52010155
v 43.59999847 1.00000000 17.52010155
v 48.40000153 0.00000000 20.47989845
v 48.40000153 2.00000000 18.52010155
v 43.59999847 2.00000000 20.47989845
v 38.87564850 3.58989143 24.00000000
v 38.87564850 4.03140259 24.00000000
v 38.96362305 3.50193548 24.00000000
v 90.00000000 2.00000000 22.00000000
v 53.03639603 3.50193644 24.00000000
v 38.47564697 3.10193563 23.00000000
v 38.87564850 3.58989143 23.00000000
v 38.96362305 3.50193548 23.00000000
v 38.96334457 3.58963275 23.00000000
v 38.87564850 4.03140259 23.00000000
v 40.10701752 5.08512592 23.00000000
v 40.63474655 4.73330593 23.00000000
v 40.72270203 4.64535093 23.00000000
v 40.89861298 4.55739594 23.00000000
v 38.96334457 3.58963275 24.00000000
v 41.26953888 4.03141737 24.00000000
v 40.63474655 4.73330593 24.00000000
v 40.10701752 5.08512592 24.00000000
v 40.72270203 4.64535093 24.00000000
v 40.89861298 4.55739594 24.00000000
v 39.66724396 5.52490091 23.00000000
v 39.75519943 5.43694592 23.00000000
v 39.84315491 5.34899092 23.00000000
v 39.57928848 5.70081091 23.00000000
v 39.13951492 6.49240541 23.00000000
v 39.22747040 6.31649542 23.00000000
v 39.05155945 6.75627041 23.00000000
v 39.57928848 5.96643257 23.00000000
v 40.01906204 5.17308092 23.00000000
v 39.93110657 5.26103592 23.00000000
v 39.93095779 5.34859896 23.00000000
v 40.10675812 5.17282248 23.00000000
v 39.84268570 5.43684101 23.00000000
v 39.66704178 5.70048809 23.00000000
v 39.75487518 5.52470016 23.00000000
v 40.01886368 5.26071310 23.00000000
v 39.40337753 6.31649542 23.00000000
v 39.13944626 6.75572634 23.00000000
v 39.22736359 6.49193954 23.00000000
v 39.40348053 6.40398455 23.00000000
v 39.49133301 6.40445042 23.00000000
v 39.75519943 6.05438757 23.00000000
v 39.75473404 5.96653748 23.00000000
v 39.84315491 6.14234257 23.00000000
v 39.66724014 6.49240541 23.00000000
v 39.84304810 6.05485344 23.00000000
v 39.93110657 6.23029757 23.00000000
v 39.93095779 6.14273453 23.00000000
v 40.10701752 6.31825256 23.00000000
v 40.10669708 6.23049831 23.00000000
v 40.19497299 6.40620756 23.00000000
v 40.19458008 6.31840181 23.00000000
v 39.49172211 6.49225616 23.00000000
v 39.66738892 6.57996845 23.00000000
v 39.75519562 6.58036041 23.00000000
v 39.75566101 6.66821051 23.00000000
v 39.84315109 6.66831541 23.00000000
v 40.01906204 6.75627041 23.00000000
v 40.28292847 6.49416256 23.00000000
v 39.84347534 6.75606966 23.00000000
v 40.01926041 6.84390259 23.00000000
v 40.10701752 6.84422541 23.00000000
v 40.19497299 6.93218040 23.00000000
v 40.37088394 6.58211756 23.00000000
v 40.10712051 6.93171453 23.00000000
v 40.01906204 5.17308092 24.00000000
v 40.10675812 5.17282248 24.00000000
v 40.37088013 5.08512592 23.00000000
v 39.75519943 5.43694592 24.00000000
v 39.84315491 5.34899092 24.00000000
v 39.84268570 5.43684101 24.00000000
v 39.66724396 5.52490091 24.00000000
v 39.57928848 5.70081091 24.00000000
v 39.66704178 5.70048809 24.00000000
v 39.75487518 5.52470016 24.00000000
v 39.93110657 5.26103592 24.00000000
v 39.93095779 5.34859896 24.00000000
v 40.01886368 5.26071310 24.00000000
v 39.22747040 6.31649542 24.00000000
v 39.13951492 6.49240541 24.00000000
v 39.05155945 6.75627041 24.00000000
v 39.40337753 6.31649542 24.00000000
v 39.13944626 6.75572634 24.00000000
v 39.22736359 6.49193954 24.00000000
v 39.40348053 6.40398455 24.00000000
v 39.49133301 6.40445042 24.00000000
v 39.57928848 5.96643257 24.00000000
v 39.75473404 5.96653748 24.00000000
v 39.75519943 6.05438757 24.00000000
v 39.84304810 6.05485344 24.00000000
v 39.84315491 6.14234257 24.00000000
v 39.93095779 6.14273453 24.00000000
v 39.93110657 6.23029757 24.00000000
v 40.10669708 6.23049831 24.00000000
v 40.10701752 6.31825256 24.00000000
v 40.19458008 6.31840181 24.00000000
v 39.49172211 6.49225616 24.00000000
v 39.66724014 6.49240541 24.00000000
v 39.66738892 6.57996845 24.00000000
v 39.75519562 6.58036041 24.00000000
v 39.75566101 6.66821051 24.00000000
v 39.84315109 6.66831541 24.00000000
v 40.19497299 6.40620756 24.00000000
v 39.84347534 6.75606966 24.00000000
v 40.01906204 6.75627041 24.00000000
v 40.01926041 6.84390259 24.00000000
v 40.10701752 6.84422541 24.00000000
v 40.10712051 6.93171453 24.00000000
v 40.28282166 6.40667343 24.00000000
v 40.19497299 6.93218040 24.00000000
v 40.28292847 6.49416256 24.00000000
v 40.37088394 6.58211756 24.00000000
v 38.47564697 3.10193563 22.60000038
v 38.47564697 14.89806461 23.00000000
v 39.05155945 7.46166706 23.00000000
v 39.13951492 7.54962206 23.00000000
v 39.13925552 7.46192598 23.00000000
v 39.05155945 8.07559490 23.00000000
v 39.22747040 7.63757706 23.00000000
v 39.13951111 8.07559490 23.00000000
v 39.22707748 7.54977131 23.00000000
v 39.31542206 7.72553205 23.00000000
v 39.31531906 7.63804293 23.00000000
v 39.40337753 7.81348705 23.00000000
v 39.40317917 7.72585440 23.00000000
v 39.22746658 8.16354942 23.00000000
v 39.40337753 8.25150490 23.00000000
v 39.57928848 7.90144205 23.00000000
v 39.57896423 7.81368780 23.00000000
v 40.19536209 7.01998615 23.00000000
v 40.28292465 7.02013540 23.00000000
v 39.66724396 7.98939705 23.00000000
v 39.66685104 7.90159130 23.00000000
v 39.49133301 8.33945942 23.00000000
v 39.75519943 8.07735157 23.00000000
v 39.75509262 7.98986292 23.00000000
v 39.13961792 8.16308403 23.00000000
v 39.05155945 8.51710606 23.00000000
v 39.13951492 8.78099155 23.00000000
v 39.13944626 8.51767063 23.00000000
v 39.22785950 8.25135517 23.00000000
v 39.40352631 8.33906746 23.00000000
v 39.49143600 8.42694855 23.00000000
v 39.57928467 8.42741489 23.00000000
v 39.22747040 8.95690155 23.00000000
v 39.22736359 8.78145790 23.00000000
v 39.31542206 9.13281155 23.00000000
v 39.31522369 8.95722389 23.00000000
v 39.40337753 9.30872154 23.00000000
v 39.40333939 9.13343716 23.00000000
v 39.84315491 8.16530704 23.00000000
v 39.84295273 8.07767487 23.00000000
v 39.75519562 8.51536942 23.00000000
v 39.57967758 8.51522064 23.00000000
v 39.84315109 8.60332489 23.00000000
v 39.75534439 8.60293293 23.00000000
v 39.84325790 8.69081402 23.00000000
v 39.93110657 8.69127941 23.00000000
v 40.01906204 8.25326157 23.00000000
v 40.01874161 8.16550732 23.00000000
v 40.10701752 8.34121704 23.00000000
v 40.10662460 8.25341129 23.00000000
v 40.19497299 8.42917156 23.00000000
v 40.19487000 8.34168243 23.00000000
v 40.10701752 8.77923489 23.00000000
v 40.28292847 8.51712704 23.00000000
v 39.93149948 8.77908516 23.00000000
v 40.19497299 8.86718941 23.00000000
v 40.10721588 8.86686707 23.00000000
v 40.19543839 8.95503998 23.00000000
v 40.28292465 8.95514488 23.00000000
v 39.05155945 7.46166706 24.00000000
v 39.13925552 7.46192598 24.00000000
v 39.13951492 7.54962206 24.00000000
v 39.05155945 8.07559490 24.00000000
v 39.22707748 7.54977131 24.00000000
v 39.22747040 7.63757706 24.00000000
v 39.31531906 7.63804293 24.00000000
v 39.31542206 7.72553205 24.00000000
v 39.40317917 7.72585440 24.00000000
v 39.40337753 7.81348705 24.00000000
v 39.57896423 7.81368780 24.00000000
v 40.19536209 7.01998615 24.00000000
v 39.57928848 7.90144205 24.00000000
v 39.66685104 7.90159130 24.00000000
v 39.66724396 7.98939705 24.00000000
v 39.75509262 7.98986292 24.00000000
v 39.75519943 8.07735157 24.00000000
v 39.84295273 8.07767487 24.00000000
v 39.13951111 8.07559490 24.00000000
v 39.22746658 8.16354942 24.00000000
v 39.40337753 8.25150490 24.00000000
v 40.28292465 7.02013540 24.00000000
v 39.13961792 8.16308403 24.00000000
v 39.05155945 8.51710606 24.00000000
v 39.13944626 8.51767063 24.00000000
v 39.22785950 8.25135517 24.00000000
v 39.40352631 8.33906746 24.00000000
v 39.49133301 8.33945942 24.00000000
v 39.49143600 8.42694855 24.00000000
v 39.13951492 8.78099155 24.00000000
v 39.22736359 8.78145790 24.00000000
v 39.22747040 8.95690155 24.00000000
v 39.31522369 8.95722389 24.00000000
v 39.31542206 9.13281155 24.00000000
v 39.40333939 9.13343716 24.00000000
v 39.84315491 8.16530704 24.00000000
v 39.57928467 8.42741489 24.00000000
v 39.57967758 8.51522064 24.00000000
v 39.75519562 8.51536942 24.00000000
v 39.75534439 8.60293293 24.00000000
v 39.84315109 8.60332489 24.00000000
v 40.01874161 8.16550732 24.00000000
v 40.01906204 8.25326157 24.00000000
v 40.10662460 8.25341129 24.00000000
v 40.10701752 8.34121704 24.00000000
v 40.19487000 8.34168243 24.00000000
v 40.19497299 8.42917156 24.00000000
v 39.84325790 8.69081402 24.00000000
v 39.93110657 8.69127941 24.00000000
v 39.93149948 8.77908516 24.00000000
v 40.10701752 8.77923489 24.00000000
v 40.10721588 8.86686707 24.00000000
v 40.19497299 8.86718941 24.00000000
v 40.19543839 8.95503998 24.00000000
v 39.40337753 9.30872154 24.00000000
v 40.28272629 8.42949390 24.00000000
v 40.28292847 8.51712704 24.00000000
v 40.28292465 8.95514488 24.00000000
v 41.07452393 4.46944094 23.00000000
v 41.25043106 4.38148642 23.00000000
v 41.69020462 4.38148642 23.00000000
v 42.30589294 4.20557642 23.00000000
v 40.89822006 4.64520168 23.00000000
v 41.07413101 4.55724669 23.00000000
v 41.24996567 4.46933651 23.00000000
v 42.92157364 4.20557642 23.00000000
v 43.18544388 4.11937857 23.00000000
v 43.18464661 4.03142881 23.00000000
v 41.69040680 4.46911860 23.00000000
v 41.77816010 4.46944094 23.00000000
v 41.77826691 4.55693007 23.00000000
v 41.86611557 4.55739594 23.00000000
v 41.86650848 4.64520168 23.00000000
v 41.95407104 4.64535093 23.00000000
v 42.30589294 4.38324308 23.00000000
v 42.12998199 4.73330593 23.00000000
v 42.39384842 4.47119808 23.00000000
v 42.39358902 4.38350201 23.00000000
v 42.21793365 4.82126093 23.00000000
v 42.48180389 4.55915308 23.00000000
v 42.48169708 4.47166395 23.00000000
v 42.65771103 4.64710808 23.00000000
v 42.65732193 4.55930233 23.00000000
v 42.92228317 4.29351330 23.00000000
v 43.36135101 4.29353142 23.00000000
v 40.89822006 4.64520168 24.00000000
v 41.07452393 4.46944094 24.00000000
v 41.07413101 4.55724669 24.00000000
v 41.24996567 4.46933651 24.00000000
v 41.25043106 4.38148642 24.00000000
v 41.69020462 4.38148642 24.00000000
v 41.69040680 4.46911860 24.00000000
v 41.77816010 4.46944094 24.00000000
v 41.77826691 4.55693007 24.00000000
v 41.86611557 4.55739594 24.00000000
v 42.30589294 4.38324308 24.00000000
v 42.39358902 4.38350201 24.00000000
v 42.39384842 4.47119808 24.00000000
v 42.30589294 4.20557642 24.00000000
v 42.48169708 4.47166395 24.00000000
v 42.48180389 4.55915308 24.00000000
v 42.65732193 4.55930233 24.00000000
v 42.65771103 4.64710808 24.00000000
v 42.92157364 4.20557642 24.00000000
v 42.92228317 4.29351330 24.00000000
v 41.86650848 4.64520168 24.00000000
v 41.95407104 4.64535093 24.00000000
v 43.18464661 4.03142881 24.00000000
v 42.12998199 4.73330593 24.00000000
v 42.21793365 4.82126093 24.00000000
v 43.18544388 4.11937857 24.00000000
v 89.50000000 0.00000000 24.00000000
v 53.52435303 3.10193563 22.60000038
v 53.03639603 3.50193644 23.00000000
v 43.62521744 4.20733356 23.00000000
v 43.62442398 4.11938381 23.00000000
v 43.36189270 4.38141823 23.00000000
v 43.62521362 4.38148642 23.00000000
v 43.80112457 4.46944094 23.00000000
v 43.97703552 4.29528809 23.00000000
v 43.62567902 4.46933651 23.00000000
v 43.97649384 4.20740128 23.00000000
v 44.15294647 4.38324308 23.00000000
v 44.15240097 4.29535627 23.00000000
v 44.06499100 4.55739594 23.00000000
v 43.80183411 4.55737829 23.00000000
v 44.06509399 4.64488506 23.00000000
v 44.15294647 4.64535093 23.00000000
v 44.32885742 4.47119808 23.00000000
v 44.32823181 4.38328218 23.00000000
v 44.32885361 4.73330593 23.00000000
v 44.50476837 4.55915308 23.00000000
v 44.50450897 4.47145700 23.00000000
v 44.50476456 4.82126093 23.00000000
v 44.68067551 4.64710808 23.00000000
v 44.68028641 4.55930233 23.00000000
v 43.62442398 4.11938381 24.00000000
v 43.36135101 4.29353142 24.00000000
v 43.36189270 4.38141823 24.00000000
v 43.62521744 4.20733356 24.00000000
v 43.62521362 4.38148642 24.00000000
v 43.62567902 4.46933651 24.00000000
v 43.80112457 4.46944094 24.00000000
v 43.97649384 4.20740128 24.00000000
v 43.97703552 4.29528809 24.00000000
v 44.15240097 4.29535627 24.00000000
v 43.80183411 4.55737829 24.00000000
v 44.15294647 4.38324308 24.00000000
v 44.06499100 4.55739594 24.00000000
v 44.32823181 4.38328218 24.00000000
v 44.32885742 4.47119808 24.00000000
v 44.50450897 4.47145700 24.00000000
v 44.50476837 4.55915308 24.00000000
v 44.06509399 4.64488506 24.00000000
v 44.15294647 4.64535093 24.00000000
v 44.15333557 4.73315668 24.00000000
v 44.32885361 4.73330593 24.00000000
v 44.68028641 4.55930233 24.00000000
v 44.68067551 4.64710808 24.00000000
v 40.63474655 4.82301807 23.00000000
v 40.37108231 5.17275810 23.00000000
v 40.45883560 5.17308092 23.00000000
v 40.72270203 4.91097307 23.00000000
v 40.54679108 5.26103592 23.00000000
v 40.72244263 4.73304749 23.00000000
v 40.72244263 4.82327652 23.00000000
v 40.81065750 4.99892807 23.00000000
v 40.81026459 4.91112232 23.00000000
v 40.63474655 5.34899092 23.00000000
v 40.89861298 5.08688307 23.00000000
v 40.89850616 4.99939394 23.00000000
v 40.98656845 5.17483807 23.00000000
v 40.98636627 5.08720541 23.00000000
v 40.45894241 5.26057005 23.00000000
v 40.54718399 5.34884167 23.00000000
v 40.81065750 5.43694592 23.00000000
v 40.63506699 5.43674517 23.00000000
v 40.89860916 5.52490091 23.00000000
v 40.81085587 5.52457809 23.00000000
v 40.89871597 5.61238956 23.00000000
v 40.98656464 5.61285591 23.00000000
v 41.16247940 5.26279306 23.00000000
v 41.16201019 5.17494297 23.00000000
v 41.25043106 5.35074806 23.00000000
v 41.25032806 5.26325893 23.00000000
v 41.33838654 5.43870306 23.00000000
v 41.33823776 5.35114002 23.00000000
v 41.07452011 5.70081091 23.00000000
v 40.98695755 5.70066166 23.00000000
v 41.07477951 5.78850698 23.00000000
v 41.25043106 5.78876591 23.00000000
v 41.51429749 5.52665806 23.00000000
v 41.51397324 5.43890333 23.00000000
v 41.33838654 5.87672043 23.00000000
v 41.60225296 5.61461258 23.00000000
v 41.60214615 5.52712393 23.00000000
v 41.42634201 5.96467543 23.00000000
v 41.69020844 5.70256758 23.00000000
v 41.68974304 5.61471748 23.00000000
v 40.28282166 6.40667343 23.00000000
v 40.37068176 6.49448490 23.00000000
v 40.54679489 6.67007256 23.00000000
v 40.54647064 6.58231831 23.00000000
v 40.63474655 6.75802755 23.00000000
v 40.63435745 6.67022181 23.00000000
v 40.45883560 7.10809040 23.00000000
v 40.72270203 6.84598255 23.00000000
v 40.72259903 6.75849342 23.00000000
v 40.81065750 6.93393755 23.00000000
v 40.81045914 6.84630489 23.00000000
v 41.25063324 5.87639809 23.00000000
v 41.33853531 5.96428347 23.00000000
v 41.42680740 6.05252552 23.00000000
v 41.51429749 6.05263042 23.00000000
v 41.77816391 5.79052258 23.00000000
v 41.69020462 6.14058542 23.00000000
v 41.51468658 6.14043617 23.00000000
v 41.95439148 4.73310518 23.00000000
v 42.13018036 4.82093859 23.00000000
v 42.30588913 4.90921593 23.00000000
v 42.21804047 4.90875006 23.00000000
v 42.30628204 4.99702168 23.00000000
v 42.39384460 4.99717093 23.00000000
v 41.77796173 5.70289040 23.00000000
v 42.74566650 4.73506308 23.00000000
v 42.74520111 4.64721298 23.00000000
v 42.65771103 5.17308092 23.00000000
v 42.83362198 4.82301807 23.00000000
v 42.39416885 5.08492517 23.00000000
v 42.48180008 5.08512592 23.00000000
v 42.48212433 5.17288017 23.00000000
v 42.83347321 4.73545504 23.00000000
v 42.92157745 4.91097307 23.00000000
v 42.92137527 4.82334089 23.00000000
v 42.74566650 5.26103592 23.00000000
v 43.00953293 4.99892807 23.00000000
v 42.83362198 5.34899092 23.00000000
v 43.00933075 4.91129589 23.00000000
v 43.18544388 5.08688307 23.00000000
v 42.65790939 5.26071310 23.00000000
v 42.74576950 5.34852505 23.00000000
v 42.83401108 5.43679667 23.00000000
v 42.92157364 5.43694592 23.00000000
v 43.09748459 5.52490091 23.00000000
v 42.92183304 5.52464199 23.00000000
v 41.95407104 5.87847757 23.00000000
v 41.95368195 5.79067183 23.00000000
v 42.04202652 5.96643257 23.00000000
v 42.04156113 5.87858248 23.00000000
v 41.77816010 6.22854042 23.00000000
v 41.69040680 6.22821808 23.00000000
v 41.77826691 6.31602955 23.00000000
v 41.86611557 6.31649542 23.00000000
v 42.12998199 6.05438757 23.00000000
v 41.95407104 6.40445042 23.00000000
v 42.12983322 5.96682453 23.00000000
v 42.21793747 6.14234257 23.00000000
v 42.21773529 6.05471039 23.00000000
v 42.12998199 6.49240541 23.00000000
v 42.39384842 6.23029757 23.00000000
v 42.39358902 6.14260101 23.00000000
v 41.86650848 6.40430117 23.00000000
v 41.95433044 6.49214697 23.00000000
v 42.13018036 6.58003759 23.00000000
v 42.21793365 6.58036041 23.00000000
v 42.48180389 6.31825256 23.00000000
v 42.21804047 6.66784954 23.00000000
v 42.30588913 6.66831541 23.00000000
v 42.30628204 6.75612116 23.00000000
v 42.39384460 6.75627041 23.00000000
v 42.48141098 6.23044682 23.00000000
v 42.56975555 6.40620756 23.00000000
v 42.56965256 6.31871843 23.00000000
v 42.65771103 6.49416256 23.00000000
v 42.65751266 6.40652990 23.00000000
v 42.56975555 6.84422541 23.00000000
v 42.83362198 6.58211756 23.00000000
v 42.39416885 6.84402466 23.00000000
v 42.65771103 6.93218040 23.00000000
v 42.56995773 6.93185759 23.00000000
v 42.83322906 6.49431181 23.00000000
v 42.92157745 6.67007256 23.00000000
v 42.92111206 6.58222246 23.00000000
v 42.74566650 7.02013540 23.00000000
v 43.00953293 6.75802755 23.00000000
v 43.00938416 6.67046452 23.00000000
v 43.00952911 7.19604492 23.00000000
v 43.18544388 6.84598255 23.00000000
v 40.37088013 5.08512592 24.00000000
v 40.37108231 5.17275810 24.00000000
v 40.45883560 5.17308092 24.00000000
v 40.72244263 4.73304749 24.00000000
v 40.63474655 4.82301807 24.00000000
v 40.72244263 4.82327652 24.00000000
v 40.72270203 4.91097307 24.00000000
v 40.81026459 4.91112232 24.00000000
v 40.81065750 4.99892807 24.00000000
v 40.89850616 4.99939394 24.00000000
v 40.89861298 5.08688307 24.00000000
v 40.98636627 5.08720541 24.00000000
v 40.45894241 5.26057005 24.00000000
v 40.54679108 5.26103592 24.00000000
v 40.54718399 5.34884167 24.00000000
v 40.63474655 5.34899092 24.00000000
v 40.63506699 5.43674517 24.00000000
v 40.81065750 5.43694592 24.00000000
v 40.81085587 5.52457809 24.00000000
v 40.89860916 5.52490091 24.00000000
v 40.89871597 5.61238956 24.00000000
v 40.98656845 5.17483807 24.00000000
v 41.16201019 5.17494297 24.00000000
v 41.16247940 5.26279306 24.00000000
v 41.25032806 5.26325893 24.00000000
v 41.25043106 5.35074806 24.00000000
v 41.33823776 5.35114002 24.00000000
v 40.98656464 5.61285591 24.00000000
v 40.98695755 5.70066166 24.00000000
v 41.07452011 5.70081091 24.00000000
v 41.33838654 5.43870306 24.00000000
v 41.51397324 5.43890333 24.00000000
v 41.51429749 5.52665806 24.00000000
v 41.60214615 5.52712393 24.00000000
v 41.60225296 5.61461258 24.00000000
v 41.68974304 5.61471748 24.00000000
v 41.07477951 5.78850698 24.00000000
v 41.25043106 5.78876591 24.00000000
v 41.33838654 5.87672043 24.00000000
v 41.69020844 5.70256758 24.00000000
v 41.42634201 5.96467543 24.00000000
v 40.37068176 6.49448490 24.00000000
v 40.54647064 6.58231831 24.00000000
v 40.54679489 6.67007256 24.00000000
v 40.63435745 6.67022181 24.00000000
v 40.63474655 6.75802755 24.00000000
v 40.72259903 6.75849342 24.00000000
v 40.72270203 6.84598255 24.00000000
v 40.81045914 6.84630489 24.00000000
v 40.81065750 6.93393755 24.00000000
v 40.98617554 6.93408632 23.00000000
v 40.98617554 6.93408632 24.00000000
v 41.25063324 5.87639809 24.00000000
v 41.33853531 5.96428347 24.00000000
v 41.42680740 6.05252552 24.00000000
v 41.51429749 6.05263042 24.00000000
v 41.51468658 6.14043617 24.00000000
v 40.45883560 7.10809040 24.00000000
v 41.69020462 6.14058542 24.00000000
v 41.77816391 5.79052258 24.00000000
v 41.95439148 4.73310518 24.00000000
v 42.13018036 4.82093859 24.00000000
v 42.21804047 4.90875006 24.00000000
v 42.30588913 4.90921593 24.00000000
v 42.30628204 4.99702168 24.00000000
v 42.39384460 4.99717093 24.00000000
v 41.77796173 5.70289040 24.00000000
v 42.74520111 4.64721298 24.00000000
v 42.74566650 4.73506308 24.00000000
v 42.39416885 5.08492517 24.00000000
v 42.48180008 5.08512592 24.00000000
v 42.48212433 5.17288017 24.00000000
v 42.65771103 5.17308092 24.00000000
v 42.83347321 4.73545504 24.00000000
v 42.83362198 4.82301807 24.00000000
v 42.92137527 4.82334089 24.00000000
v 42.92157745 4.91097307 24.00000000
v 43.00933075 4.91129589 24.00000000
v 43.00953293 4.99892807 24.00000000
v 42.65790939 5.26071310 24.00000000
v 42.74566650 5.26103592 24.00000000
v 42.74576950 5.34852505 24.00000000
v 42.83362198 5.34899092 24.00000000
v 42.83401108 5.43679667 24.00000000
v 42.92157364 5.43694592 24.00000000
v 42.92183304 5.52464199 24.00000000
v 43.09748459 5.52490091 24.00000000
v 43.09768677 5.61253309 23.00000000
v 43.18518448 4.99918652 24.00000000
v 43.18544388 5.08688307 24.00000000
v 43.09768677 5.61253309 24.00000000
v 43.27339554 5.17483807 24.00000000
v 41.95368195 5.79067183 24.00000000
v 41.95407104 5.87847757 24.00000000
v 42.04156113 5.87858248 24.00000000
v 42.04202652 5.96643257 24.00000000
v 41.69040680 6.22821808 24.00000000
v 41.77816010 6.22854042 24.00000000
v 41.77826691 6.31602955 24.00000000
v 41.86611557 6.31649542 24.00000000
v 42.12983322 5.96682453 24.00000000
v 42.12998199 6.05438757 24.00000000
v 42.21773529 6.05471039 24.00000000
v 42.21793747 6.14234257 24.00000000
v 42.39358902 6.14260101 24.00000000
v 42.39384842 6.23029757 24.00000000
v 41.86650848 6.40430117 24.00000000
v 41.95407104 6.40445042 24.00000000
v 41.95433044 6.49214697 24.00000000
v 42.12998199 6.49240541 24.00000000
v 42.13018036 6.58003759 24.00000000
v 42.21793365 6.58036041 24.00000000
v 42.21804047 6.66784954 24.00000000
v 42.30588913 6.66831541 24.00000000
v 42.30628204 6.75612116 24.00000000
v 42.39384460 6.75627041 24.00000000
v 42.48141098 6.23044682 24.00000000
v 42.48180389 6.31825256 24.00000000
v 42.56965256 6.31871843 24.00000000
v 42.56975555 6.40620756 24.00000000
v 42.65751266 6.40652990 24.00000000
v 42.65771103 6.49416256 24.00000000
v 42.39416885 6.84402466 24.00000000
v 42.56975555 6.84422541 24.00000000
v 42.56995773 6.93185759 24.00000000
v 42.83322906 6.49431181 24.00000000
v 42.83362198 6.58211756 24.00000000
v 42.92111206 6.58222246 24.00000000
v 42.92157745 6.67007256 24.00000000
v 43.00938416 6.67046452 24.00000000
v 43.00953293 6.75802755 24.00000000
v 42.65771103 6.93218040 24.00000000
v 43.18518448 6.75828600 24.00000000
v 42.74566650 7.02013540 24.00000000
v 43.18544388 6.84598255 24.00000000
v 43.00952911 7.19604492 24.00000000
v 40.28324890 7.10788965 23.00000000
v 40.54679108 7.19604492 23.00000000
v 40.45898438 7.19565344 23.00000000
v 40.54725647 7.28389502 23.00000000
v 40.63474655 7.28399992 23.00000000
v 40.81065750 7.37195492 23.00000000
v 40.98656845 7.02189207 23.00000000
v 41.07452393 7.10984707 23.00000000
v 40.63500595 7.37169647 23.00000000
v 40.89860916 7.45990992 23.00000000
v 40.81080627 7.45951796 23.00000000
v 40.89871597 7.54739904 23.00000000
v 40.98656464 7.54786491 23.00000000
v 41.07441711 7.02235842 23.00000000
v 41.16247940 7.19780207 23.00000000
v 41.16232681 7.11023903 23.00000000
v 41.25043106 7.28575706 23.00000000
v 41.16247559 7.63581991 23.00000000
v 41.25023270 7.19812489 23.00000000
v 41.42634201 7.37371206 23.00000000
v 41.42587662 7.28586197 23.00000000
v 41.51429749 7.46166706 23.00000000
v 41.51419449 7.37417793 23.00000000
v 41.60225296 7.54962206 23.00000000
v 41.60210419 7.46205902 23.00000000
v 40.98695755 7.63567066 23.00000000
v 41.25043106 7.72377491 23.00000000
v 41.16267776 7.72345257 23.00000000
v 41.25053406 7.81126404 23.00000000
v 41.33838654 7.81172991 23.00000000
v 41.42634201 7.89968491 23.00000000
v 41.33877945 7.89953566 23.00000000
v 41.42659760 7.98738146 23.00000000
v 41.60224915 7.98763990 23.00000000
v 41.69020462 8.07559490 23.00000000
v 41.60240173 8.07520294 23.00000000
v 40.28272629 8.42949390 23.00000000
v 40.45883942 8.60508156 23.00000000
v 40.45851517 8.51732731 23.00000000
v 40.54679489 8.69303703 23.00000000
v 40.54640198 8.60523129 23.00000000
v 40.37088013 9.04309940 23.00000000
v 40.63474655 8.78099155 23.00000000
v 40.63464355 8.69350243 23.00000000
v 40.28303146 9.04263306 23.00000000
v 40.37120438 9.13085365 23.00000000
v 40.54679108 9.13105488 23.00000000
v 40.54699326 9.21868706 23.00000000
v 40.63474655 9.21900940 23.00000000
v 40.72270203 8.86894703 23.00000000
v 40.72250366 8.78131390 23.00000000
v 40.89861298 8.95690155 23.00000000
v 40.89828873 8.86914730 23.00000000
v 40.72270203 9.30696392 23.00000000
v 40.98656845 9.04485607 23.00000000
v 40.98617554 8.95705128 23.00000000
v 40.81065750 9.39491940 23.00000000
v 41.07452393 9.13281155 23.00000000
v 41.07441711 9.04532242 23.00000000
v 41.16247940 9.22076607 23.00000000
v 41.16227722 9.13313389 23.00000000
v 41.77816391 7.63757706 23.00000000
v 41.77783966 7.54982281 23.00000000
v 41.86611938 7.72553205 23.00000000
v 41.86572647 7.63772631 23.00000000
v 41.95407104 7.81348705 23.00000000
v 41.95396805 7.72599792 23.00000000
v 41.77816010 8.16354942 23.00000000
v 41.95407104 8.25150490 23.00000000
v 42.04202652 8.33945942 23.00000000
v 42.04202652 7.90144205 23.00000000
v 42.04182816 7.81380939 23.00000000
v 42.74566650 8.86718941 23.00000000
v 42.21793747 7.98939705 23.00000000
v 42.21761322 7.90164280 23.00000000
v 42.30589294 8.07735157 23.00000000
v 42.30550003 7.98954630 23.00000000
v 42.65781403 7.01966906 23.00000000
v 42.74605560 7.10794115 23.00000000
v 42.83362198 7.10809040 23.00000000
v 42.83387756 7.19578648 23.00000000
v 43.00973129 7.28367758 23.00000000
v 43.09748459 7.28399992 23.00000000
v 41.69031143 8.16308403 23.00000000
v 41.77855301 8.25135517 23.00000000
v 42.12998199 8.42741489 23.00000000
v 42.21793365 8.51536942 23.00000000
v 41.95426941 8.33913708 23.00000000
v 42.39384460 8.60332489 23.00000000
v 42.48180008 8.69127941 23.00000000
v 42.56975555 8.77923489 23.00000000
v 42.39384842 8.16530704 23.00000000
v 42.39374161 8.07781792 23.00000000
v 42.04212952 8.42694855 23.00000000
v 42.13037109 8.51522064 23.00000000
v 42.21825790 8.60312366 23.00000000
v 42.48180389 8.25326157 23.00000000
v 42.48160172 8.16562939 23.00000000
v 42.65771103 8.34121704 23.00000000
v 42.65724564 8.25336647 23.00000000
v 42.74566650 8.42917156 23.00000000
v 42.74556351 8.34168243 23.00000000
v 42.39399338 8.69088745 23.00000000
v 42.83362198 8.51712704 23.00000000
v 42.83347321 8.42956352 23.00000000
v 43.00953293 8.60508156 23.00000000
v 43.00920868 8.51732731 23.00000000
v 43.09748840 8.69303703 23.00000000
v 43.09709549 8.60523129 23.00000000
v 42.48190689 8.77876854 23.00000000
v 42.57022095 8.86708450 23.00000000
v 42.83362198 8.95514488 23.00000000
v 42.74586487 8.95482159 23.00000000
v 42.92157364 9.04309940 23.00000000
v 43.18544388 8.78099155 23.00000000
v 42.83372498 9.04263306 23.00000000
v 42.92196655 9.13090515 23.00000000
v 43.00952911 9.13105488 23.00000000
v 43.00985336 9.21880913 23.00000000
v 43.18544006 9.21900940 23.00000000
v 40.28324890 7.10788965 24.00000000
v 40.45898438 7.19565344 24.00000000
v 40.54679108 7.19604492 24.00000000
v 40.54725647 7.28389502 24.00000000
v 40.63474655 7.28399992 24.00000000
v 40.63500595 7.37169647 24.00000000
v 40.81065750 7.37195492 24.00000000
v 40.81080627 7.45951796 24.00000000
v 40.89860916 7.45990992 24.00000000
v 40.89871597 7.54739904 24.00000000
v 40.98656845 7.02189207 24.00000000
v 41.07441711 7.02235842 24.00000000
v 41.07452393 7.10984707 24.00000000
v 41.16232681 7.11023903 24.00000000
v 41.16247940 7.19780207 24.00000000
v 41.25023270 7.19812489 24.00000000
v 41.25043106 7.28575706 24.00000000
v 41.42587662 7.28586197 24.00000000
v 41.42634201 7.37371206 24.00000000
v 41.51419449 7.37417793 24.00000000
v 41.51429749 7.46166706 24.00000000
v 41.60210419 7.46205902 24.00000000
v 40.98656464 7.54786491 24.00000000
v 40.98695755 7.63567066 24.00000000
v 41.16247559 7.63581991 24.00000000
v 41.16267776 7.72345257 24.00000000
v 41.25043106 7.72377491 24.00000000
v 41.25053406 7.81126404 24.00000000
v 41.60225296 7.54962206 24.00000000
v 41.33838654 7.81172991 24.00000000
v 41.33877945 7.89953566 24.00000000
v 41.42634201 7.89968491 24.00000000
v 41.42659760 7.98738146 24.00000000
v 41.60224915 7.98763990 24.00000000
v 41.60240173 8.07520294 24.00000000
v 41.77783966 7.54982281 24.00000000
v 41.69020462 8.07559490 24.00000000
v 41.77816391 7.63757706 24.00000000
v 40.45851517 8.51732731 24.00000000
v 40.45883942 8.60508156 24.00000000
v 40.54640198 8.60523129 24.00000000
v 40.54679489 8.69303703 24.00000000
v 40.63464355 8.69350243 24.00000000
v 40.28303146 9.04263306 24.00000000
v 40.37088013 9.04309940 24.00000000
v 40.37120438 9.13085365 24.00000000
v 40.54679108 9.13105488 24.00000000
v 40.54699326 9.21868706 24.00000000
v 40.63474655 8.78099155 24.00000000
v 40.72250366 8.78131390 24.00000000
v 40.72270203 8.86894703 24.00000000
v 40.89828873 8.86914730 24.00000000
v 40.89861298 8.95690155 24.00000000
v 40.98617554 8.95705128 24.00000000
v 40.63474655 9.21900940 24.00000000
v 40.63484955 9.30649853 23.00000000
v 40.98656845 9.04485607 24.00000000
v 41.07441711 9.04532242 24.00000000
v 41.07452393 9.13281155 24.00000000
v 41.16227722 9.13313389 24.00000000
v 41.16247940 9.22076607 24.00000000
v 41.33806610 9.22096729 23.00000000
v 41.33806610 9.22096729 24.00000000
v 40.72270203 9.30696392 24.00000000
v 40.81065750 9.39491940 24.00000000
v 41.86572647 7.63772631 24.00000000
v 41.86611938 7.72553205 24.00000000
v 41.95396805 7.72599792 24.00000000
v 41.95407104 7.81348705 24.00000000
v 42.04182816 7.81380939 24.00000000
v 42.04202652 7.90144205 24.00000000
v 42.21761322 7.90164280 24.00000000
v 42.21793747 7.98939705 24.00000000
v 42.30550003 7.98954630 24.00000000
v 42.30589294 8.07735157 24.00000000
v 42.39374161 8.07781792 24.00000000
v 42.65781403 7.01966906 24.00000000
v 42.74605560 7.10794115 24.00000000
v 42.83362198 7.10809040 24.00000000
v 42.83387756 7.19578648 24.00000000
v 43.00973129 7.28367758 24.00000000
v 43.09748459 7.28399992 24.00000000
v 43.09763336 7.37156296 23.00000000
v 41.77816010 8.16354942 24.00000000
v 41.95407104 8.25150490 24.00000000
v 43.09763336 7.37156296 24.00000000
v 41.69031143 8.16308403 24.00000000
v 41.77855301 8.25135517 24.00000000
v 41.95426941 8.33913708 24.00000000
v 42.04202652 8.33945942 24.00000000
v 42.39384842 8.16530704 24.00000000
v 42.04212952 8.42694855 24.00000000
v 42.12998199 8.42741489 24.00000000
v 42.13037109 8.51522064 24.00000000
v 42.21793365 8.51536942 24.00000000
v 42.21825790 8.60312366 24.00000000
v 42.39384460 8.60332489 24.00000000
v 42.48160172 8.16562939 24.00000000
v 42.48180389 8.25326157 24.00000000
v 42.65724564 8.25336647 24.00000000
v 42.65771103 8.34121704 24.00000000
v 42.74556351 8.34168243 24.00000000
v 42.74566650 8.42917156 24.00000000
v 42.83347321 8.42956352 24.00000000
v 42.83362198 8.51712704 24.00000000
v 43.00920868 8.51732731 24.00000000
v 43.00953293 8.60508156 24.00000000
v 43.09709549 8.60523129 24.00000000
v 43.09748840 8.69303703 24.00000000
v 42.39399338 8.69088745 24.00000000
v 42.48180008 8.69127941 24.00000000
v 42.48190689 8.77876854 24.00000000
v 42.56975555 8.77923489 24.00000000
v 42.57022095 8.86708450 24.00000000
v 42.74566650 8.86718941 24.00000000
v 42.74586487 8.95482159 24.00000000
v 42.83362198 8.95514488 24.00000000
v 42.83372498 9.04263306 24.00000000
v 42.92157364 9.04309940 24.00000000
v 42.92196655 9.13090515 24.00000000
v 43.00952911 9.13105488 24.00000000
v 43.00985336 9.21880913 24.00000000
v 43.18544388 8.78099155 24.00000000
v 43.18544006 9.21900940 24.00000000
v 43.18518448 4.99918652 23.00000000
v 43.27339554 5.17483807 23.00000000
v 43.27307510 5.08708382 23.00000000
v 43.36135101 5.26279306 23.00000000
v 43.18544006 5.61285591 23.00000000
v 43.36096191 5.17498732 23.00000000
v 43.44930649 5.35074806 23.00000000
v 43.44920349 5.26325893 23.00000000
v 43.27339554 5.70081091 23.00000000
v 43.18558884 5.70041895 23.00000000
v 43.27349854 5.78829956 23.00000000
v 43.36135101 5.78876591 23.00000000
v 43.53726196 5.43870306 23.00000000
v 43.53725815 5.87672043 23.00000000
v 43.53705978 5.35107040 23.00000000
v 43.71317291 5.52665806 23.00000000
v 43.71284866 5.43890333 23.00000000
v 43.62521362 5.96467543 23.00000000
v 43.80112839 5.61461258 23.00000000
v 43.80080414 5.52685833 23.00000000
v 43.97703552 6.22854042 23.00000000
v 44.15333557 4.73315668 23.00000000
v 44.59272003 4.90921593 23.00000000
v 44.32947922 4.82122231 23.00000000
v 44.50502396 4.90895748 23.00000000
v 43.88908005 5.70256758 23.00000000
v 43.88869095 5.61476183 23.00000000
v 43.97703552 5.79052258 23.00000000
v 43.97693253 5.70303392 23.00000000
v 43.36181641 5.87661600 23.00000000
v 43.71316910 6.05263042 23.00000000
v 43.53746033 5.96435308 23.00000000
v 43.62536240 6.05223846 23.00000000
v 43.80112457 6.14058542 23.00000000
v 43.71363449 6.14048052 23.00000000
v 43.18518448 6.75828600 23.00000000
v 43.27339554 6.93393755 23.00000000
v 43.27300644 6.84613180 23.00000000
v 44.06499100 5.87847757 23.00000000
v 44.06479263 5.79084539 23.00000000
v 44.24090195 5.96643257 23.00000000
v 44.24064255 5.87873650 23.00000000
v 43.80151749 6.22839117 23.00000000
v 43.97723389 6.31617308 23.00000000
v 44.06499100 6.31649542 23.00000000
v 44.15294647 6.40445042 23.00000000
v 44.24089813 6.49240541 23.00000000
v 44.32885742 6.05438757 23.00000000
v 44.32853317 5.96663332 23.00000000
v 44.32885361 6.58036041 23.00000000
v 44.41681290 6.14234257 23.00000000
v 44.41634750 6.05449247 23.00000000
v 44.50476837 6.23029757 23.00000000
v 44.50461578 6.14273453 23.00000000
v 44.59272003 6.75627041 23.00000000
v 44.06509399 6.40398455 23.00000000
v 44.15333557 6.49225616 23.00000000
v 44.24122238 6.58015966 23.00000000
v 44.50476456 6.66831541 23.00000000
v 44.32917786 6.66811466 23.00000000
v 44.50496674 6.75594759 23.00000000
v 44.76863098 4.73506308 23.00000000
v 44.76816559 4.64721298 23.00000000
v 44.68067551 4.99717093 23.00000000
v 44.76863098 5.08512592 23.00000000
v 44.85658646 4.82301807 23.00000000
v 44.85643768 4.73545504 23.00000000
v 44.85658264 5.17308092 23.00000000
v 44.59291840 4.99684858 23.00000000
v 44.68077850 5.08466005 23.00000000
v 44.76902008 5.17293167 23.00000000
v 44.94453812 5.26103592 23.00000000
v 45.03249741 4.91097307 23.00000000
v 45.03217316 4.82321882 23.00000000
v 45.12045288 4.99892807 23.00000000
v 45.12012863 4.91117382 23.00000000
v 45.03249359 5.34899092 23.00000000
v 45.12044907 5.43694592 23.00000000
v 45.20840454 5.08688307 23.00000000
v 45.20801544 4.99907732 23.00000000
v 45.29636002 5.17483807 23.00000000
v 45.29589462 5.08698797 23.00000000
v 44.85668945 5.26057005 23.00000000
v 44.94486237 5.34879017 23.00000000
v 45.03264236 5.43655396 23.00000000
v 45.20840454 5.52490091 23.00000000
v 45.29636002 5.61285591 23.00000000
v 45.12091446 5.52479601 23.00000000
v 45.20872498 5.61265516 23.00000000
v 45.38431549 5.35074806 23.00000000
v 45.38416672 5.17523003 23.00000000
v 45.47227097 5.43870306 23.00000000
v 45.47180557 5.35085297 23.00000000
v 45.56022644 5.61461258 23.00000000
v 45.38431549 5.78876591 23.00000000
v 45.29661942 5.78850698 23.00000000
v 45.47227097 5.87672043 23.00000000
v 45.56015778 5.43924665 23.00000000
v 45.56022263 6.05263042 23.00000000
v 45.82409286 6.05438757 23.00000000
v 45.64818192 5.70256758 23.00000000
v 45.64771652 5.61471748 23.00000000
v 45.73613739 5.87847757 23.00000000
v 45.73603058 5.70303392 23.00000000
v 44.59272003 6.31825256 23.00000000
v 44.59225464 6.23040247 23.00000000
v 44.68067551 6.40620756 23.00000000
v 44.68047714 6.31857491 23.00000000
v 44.76863098 6.93218040 23.00000000
v 44.68067551 6.84422541 23.00000000
v 44.84376526 7.01998663 23.00000000
v 44.85612106 6.40631247 23.00000000
v 44.85658646 6.49416256 23.00000000
v 44.94454193 6.58211756 23.00000000
v 44.94443512 6.49462843 23.00000000
v 44.59282303 6.84375954 23.00000000
v 44.68106461 6.93203115 23.00000000
v 44.94453812 7.02013540 23.00000000
v 45.03249741 6.67007256 23.00000000
v 45.03234863 6.58250952 23.00000000
v 45.03249359 7.10809040 23.00000000
v 45.12045288 6.75802755 23.00000000
v 45.12025070 6.67039490 23.00000000
v 45.12044907 7.19604492 23.00000000
v 45.29636002 6.84598255 23.00000000
v 45.29610443 6.75828600 23.00000000
v 45.20840454 7.28399992 23.00000000
v 45.38478088 5.87661600 23.00000000
v 45.47237396 6.05216455 23.00000000
v 45.56029129 6.31595135 23.00000000
v 45.64817810 6.31649542 23.00000000
v 45.91204453 6.31825256 23.00000000
v 46.00000000 6.67007256 23.00000000
v 45.82383347 5.87873650 23.00000000
v 45.91200638 6.05501270 23.00000000
v 45.38431549 6.93393755 23.00000000
v 45.38399506 6.84618282 23.00000000
v 45.64843750 6.49214697 23.00000000
v 45.73613358 6.49240541 23.00000000
v 45.99996185 6.31887770 23.00000000
v 45.73615265 6.84351635 23.00000000
v 45.82408905 6.84422541 23.00000000
v 45.82408905 7.19780207 23.00000000
v 43.27307510 5.08708382 24.00000000
v 43.36096191 5.17498732 24.00000000
v 43.36135101 5.26279306 24.00000000
v 43.44920349 5.26325893 24.00000000
v 43.44930649 5.35074806 24.00000000
v 43.18544006 5.61285591 24.00000000
v 43.18558884 5.70041895 24.00000000
v 43.27339554 5.70081091 24.00000000
v 43.53705978 5.35107040 24.00000000
v 43.53726196 5.43870306 24.00000000
v 43.71284866 5.43890333 24.00000000
v 43.71317291 5.52665806 24.00000000
v 43.80080414 5.52685833 24.00000000
v 43.80112839 5.61461258 24.00000000
v 44.32947922 4.82122231 24.00000000
v 44.50476456 4.82126093 24.00000000
v 44.50502396 4.90895748 24.00000000
v 43.88869095 5.61476183 24.00000000
v 43.88908005 5.70256758 24.00000000
v 43.97693253 5.70303392 24.00000000
v 43.97703552 5.79052258 24.00000000
v 43.27349854 5.78829956 24.00000000
v 43.36135101 5.78876591 24.00000000
v 43.53725815 5.87672043 24.00000000
v 43.62521362 5.96467543 24.00000000
v 44.59272003 4.90921593 24.00000000
v 43.36181641 5.87661600 24.00000000
v 43.53746033 5.96435308 24.00000000
v 43.62536240 6.05223846 24.00000000
v 43.71316910 6.05263042 24.00000000
v 43.71363449 6.14048052 24.00000000
v 43.80112457 6.14058542 24.00000000
v 43.27300644 6.84613180 24.00000000
v 43.27339554 6.93393755 24.00000000
v 43.36124802 6.93440342 23.00000000
v 43.36124802 6.93440342 24.00000000
v 44.06479263 5.79084539 24.00000000
v 44.06499100 5.87847757 24.00000000
v 44.24064255 5.87873650 24.00000000
v 43.80151749 6.22839117 24.00000000
v 43.97703552 6.22854042 24.00000000
v 43.97723389 6.31617308 24.00000000
v 44.06499100 6.31649542 24.00000000
v 44.24090195 5.96643257 24.00000000
v 44.32853317 5.96663332 24.00000000
v 44.32885742 6.05438757 24.00000000
v 44.41634750 6.05449247 24.00000000
v 44.41681290 6.14234257 24.00000000
v 44.50461578 6.14273453 24.00000000
v 44.50476837 6.23029757 24.00000000
v 44.06509399 6.40398455 24.00000000
v 44.15294647 6.40445042 24.00000000
v 44.15333557 6.49225616 24.00000000
v 44.24089813 6.49240541 24.00000000
v 44.24122238 6.58015966 24.00000000
v 44.32885361 6.58036041 24.00000000
v 44.32917786 6.66811466 24.00000000
v 44.50476456 6.66831541 24.00000000
v 44.50496674 6.75594759 24.00000000
v 44.59225464 6.23040247 24.00000000
v 44.59272003 6.31825256 24.00000000
v 44.68067551 6.40620756 24.00000000
v 44.59272003 6.75627041 24.00000000
v 44.76816559 4.64721298 24.00000000
v 44.76863098 4.73506308 24.00000000
v 44.85643768 4.73545504 24.00000000
v 44.85658646 4.82301807 24.00000000
v 44.59291840 4.99684858 24.00000000
v 44.68067551 4.99717093 24.00000000
v 44.68077850 5.08466005 24.00000000
v 44.76863098 5.08512592 24.00000000
v 44.76902008 5.17293167 24.00000000
v 44.85658264 5.17308092 24.00000000
v 45.03217316 4.82321882 24.00000000
v 45.03249741 4.91097307 24.00000000
v 45.12012863 4.91117382 24.00000000
v 45.12045288 4.99892807 24.00000000
v 45.20801544 4.99907732 24.00000000
v 45.20840454 5.08688307 24.00000000
v 45.29589462 5.08698797 24.00000000
v 44.85668945 5.26057005 24.00000000
v 44.94453812 5.26103592 24.00000000
v 44.94486237 5.34879017 24.00000000
v 45.03249359 5.34899092 24.00000000
v 45.03264236 5.43655396 24.00000000
v 45.12044907 5.43694592 24.00000000
v 45.12091446 5.52479601 24.00000000
v 45.20840454 5.52490091 24.00000000
v 45.20872498 5.61265516 24.00000000
v 45.29636002 5.17483807 24.00000000
v 45.38416672 5.17523003 24.00000000
v 45.38431549 5.35074806 24.00000000
v 45.47180557 5.35085297 24.00000000
v 45.47227097 5.43870306 24.00000000
v 45.56015778 5.43924665 24.00000000
v 45.29636002 5.61285591 24.00000000
v 45.56022644 5.61461258 24.00000000
v 45.64771652 5.61471748 24.00000000
v 45.64818192 5.70256758 24.00000000
v 45.73603058 5.70303392 24.00000000
v 45.29661942 5.78850698 24.00000000
v 45.73613739 5.87847757 24.00000000
v 45.38431549 5.78876591 24.00000000
v 44.68047714 6.31857491 24.00000000
v 44.85612106 6.40631247 24.00000000
v 44.85658646 6.49416256 24.00000000
v 44.94443512 6.49462843 24.00000000
v 44.59282303 6.84375954 24.00000000
v 44.68067551 6.84422541 24.00000000
v 44.68106461 6.93203115 24.00000000
v 44.94454193 6.58211756 24.00000000
v 45.03234863 6.58250952 24.00000000
v 45.03249741 6.67007256 24.00000000
v 45.12025070 6.67039490 24.00000000
v 45.12045288 6.75802755 24.00000000
v 45.29610443 6.75828600 24.00000000
v 45.38478088 5.87661600 24.00000000
v 45.47227097 5.87672043 24.00000000
v 45.47237396 6.05216455 24.00000000
v 45.56022263 6.05263042 24.00000000
v 45.56029129 6.31595135 24.00000000
v 45.82383347 5.87873650 24.00000000
v 45.82409286 6.05438757 24.00000000
v 45.91200638 6.05501270 24.00000000
v 45.91204453 6.31825256 24.00000000
v 45.99996185 6.31887770 24.00000000
v 45.29636002 6.84598255 24.00000000
v 45.38399506 6.84618282 24.00000000
v 45.38431549 6.93393755 24.00000000
v 45.47180557 6.93404198 23.00000000
v 45.47180557 6.93404198 24.00000000
v 45.64817810 6.31649542 24.00000000
v 45.64843750 6.49214697 24.00000000
v 45.73613358 6.49240541 24.00000000
v 46.00000000 6.67007256 24.00000000
v 45.73615265 6.84351635 24.00000000
v 44.76863098 6.93218040 24.00000000
v 44.94453812 7.02013540 24.00000000
v 45.82408905 6.84422541 24.00000000
v 46.08795166 6.67086697 24.00000000
v 45.82408905 7.19780207 24.00000000
v 38.47564697 14.89806461 22.60000038
v 43.36135101 7.02189207 23.00000000
v 43.18544006 7.37195492 23.00000000
v 43.44930649 7.10984707 23.00000000
v 43.44910812 7.02221489 23.00000000
v 43.27339554 7.45990992 23.00000000
v 43.18590546 7.45980501 23.00000000
v 43.44930649 7.54786491 23.00000000
v 43.62521744 7.19780207 23.00000000
v 43.62475204 7.10995197 23.00000000
v 43.71317291 7.28575706 23.00000000
v 43.53725815 7.63581991 23.00000000
v 43.71306610 7.19826794 23.00000000
v 43.80112839 7.37371206 23.00000000
v 43.80097580 7.28614902 23.00000000
v 43.27378845 7.54771566 23.00000000
v 43.44950485 7.63549757 23.00000000
v 43.62521362 7.72377491 23.00000000
v 43.53736496 7.72330904 23.00000000
v 43.62560654 7.81158066 23.00000000
v 43.71316910 7.81172991 23.00000000
v 43.97703552 7.46166706 23.00000000
v 43.71349335 7.89948416 23.00000000
v 43.88908005 7.89968491 23.00000000
v 43.97671509 7.37391281 23.00000000
v 44.06499100 7.54962206 23.00000000
v 44.06459808 7.46181631 23.00000000
v 44.15294647 7.63757706 23.00000000
v 44.15284348 7.55008793 23.00000000
v 43.97703552 7.98763990 23.00000000
v 44.24090195 7.72553205 23.00000000
v 43.88922882 7.98724794 23.00000000
v 43.97713852 8.07512856 23.00000000
v 44.06499100 8.07559490 23.00000000
v 44.24089813 8.16354942 23.00000000
v 44.24069977 7.63789940 23.00000000
v 44.41681290 7.81348705 23.00000000
v 44.41641998 7.72568130 23.00000000
v 44.32885361 8.25150490 23.00000000
v 44.50476837 7.90144205 23.00000000
v 44.50466156 7.81395292 23.00000000
v 44.68067551 8.51536942 23.00000000
v 43.18533707 8.69350243 23.00000000
v 43.27339554 8.86894703 23.00000000
v 43.27319717 8.78131390 23.00000000
v 43.44930649 8.95690155 23.00000000
v 43.44898605 8.86914730 23.00000000
v 43.27339554 9.30696392 23.00000000
v 43.53726196 9.04485607 23.00000000
v 43.36135101 9.39491940 23.00000000
v 43.53686905 8.95705128 23.00000000
v 43.62521744 9.13281155 23.00000000
v 43.62511063 9.04532242 23.00000000
v 43.71317291 9.22076607 23.00000000
v 43.71297073 9.13313389 23.00000000
v 44.06545639 8.16344452 23.00000000
v 44.24110031 8.25118256 23.00000000
v 44.41680908 8.33945942 23.00000000
v 44.32896042 8.33899403 23.00000000
v 44.50476456 8.42741489 23.00000000
v 44.41720200 8.42726517 23.00000000
v 44.76888657 7.01987648 23.00000000
v 44.94474030 7.10776758 23.00000000
v 45.03264236 7.19565344 23.00000000
v 45.38431549 7.37195492 23.00000000
v 45.12055588 7.28353405 23.00000000
v 45.20886993 7.37185001 23.00000000
v 44.59272003 7.98939705 23.00000000
v 44.59257126 7.90183401 23.00000000
v 44.68067551 8.07735157 23.00000000
v 44.68047714 7.98971939 23.00000000
v 45.47227097 7.02189207 23.00000000
v 45.47227097 7.45990992 23.00000000
v 45.56022644 7.10984707 23.00000000
v 45.56007767 7.02228403 23.00000000
v 45.64818192 7.19780207 23.00000000
v 45.64797974 7.11016989 23.00000000
v 45.38451385 7.45958757 23.00000000
v 45.56022263 7.54786491 23.00000000
v 45.64817810 7.63581991 23.00000000
v 45.91204453 7.89968491 23.00000000
v 45.47241974 7.54747295 23.00000000
v 45.56069183 7.63571501 23.00000000
v 45.82408905 7.72377491 23.00000000
v 45.64857101 7.72362566 23.00000000
v 45.82412720 7.89905977 23.00000000
v 44.85658646 8.16530704 23.00000000
v 44.85612106 8.07745647 23.00000000
v 44.94454193 8.25326157 23.00000000
v 44.94443512 8.16577244 23.00000000
v 44.85658264 8.69127941 23.00000000
v 44.50502396 8.51511097 23.00000000
v 44.76863098 8.60332489 23.00000000
v 44.68087387 8.60300159 23.00000000
v 44.76877975 8.69088745 23.00000000
v 44.85705185 8.77912998 23.00000000
v 44.94453812 8.77923489 23.00000000
v 45.03249741 8.34121704 23.00000000
v 45.03234863 8.25365353 23.00000000
v 45.20840454 8.42917156 23.00000000
v 45.20808411 8.34141731 23.00000000
v 45.12044907 8.86718941 23.00000000
v 45.20840454 8.95514488 23.00000000
v 45.29636002 8.51712704 23.00000000
v 45.29589462 8.42927647 23.00000000
v 45.29636002 9.04309940 23.00000000
v 44.94493103 8.86704063 23.00000000
v 45.12059784 8.95475292 23.00000000
v 45.20886993 9.04299450 23.00000000
v 45.38431549 8.60508156 23.00000000
v 45.38416672 8.51751900 23.00000000
v 45.47227097 8.69303703 23.00000000
v 45.47206879 8.60540390 23.00000000
v 45.82410812 7.99010611 23.00000000
v 45.82408905 8.42917156 23.00000000
v 45.91204453 7.98939705 23.00000000
v 45.73617172 8.42979717 23.00000000
v 45.73613358 8.69303703 23.00000000
v 45.38431549 9.13105488 23.00000000
v 45.47227097 9.21900940 23.00000000
v 45.29661942 9.13079548 23.00000000
v 45.38478088 9.21890450 23.00000000
v 43.36135101 7.02189207 24.00000000
v 43.44910812 7.02221489 24.00000000
v 43.44930649 7.10984707 24.00000000
v 43.18544006 7.37195492 24.00000000
v 43.18590546 7.45980501 24.00000000
v 43.27339554 7.45990992 24.00000000
v 43.62475204 7.10995197 24.00000000
v 43.62521744 7.19780207 24.00000000
v 43.71306610 7.19826794 24.00000000
v 43.71317291 7.28575706 24.00000000
v 43.80097580 7.28614902 24.00000000
v 43.80112839 7.37371206 24.00000000
v 43.27378845 7.54771566 24.00000000
v 43.44930649 7.54786491 24.00000000
v 43.44950485 7.63549757 24.00000000
v 43.53725815 7.63581991 24.00000000
v 43.53736496 7.72330904 24.00000000
v 43.62521362 7.72377491 24.00000000
v 43.62560654 7.81158066 24.00000000
v 43.71316910 7.81172991 24.00000000
v 43.71349335 7.89948416 24.00000000
v 43.97671509 7.37391281 24.00000000
v 43.97703552 7.46166706 24.00000000
v 44.06459808 7.46181631 24.00000000
v 44.06499100 7.54962206 24.00000000
v 44.15284348 7.55008793 24.00000000
v 44.15294647 7.63757706 24.00000000
v 43.88908005 7.89968491 24.00000000
v 43.88922882 7.98724794 24.00000000
v 43.97703552 7.98763990 24.00000000
v 43.97713852 8.07512856 24.00000000
v 44.24069977 7.63789940 24.00000000
v 44.24090195 7.72553205 24.00000000
v 44.41641998 7.72568130 24.00000000
v 44.41681290 7.81348705 24.00000000
v 44.50466156 7.81395292 24.00000000
v 44.50476837 7.90144205 24.00000000
v 44.06499100 8.07559490 24.00000000
v 44.59257126 7.90183401 24.00000000
v 44.24089813 8.16354942 24.00000000
v 44.59272003 7.98939705 24.00000000
v 44.32885361 8.25150490 24.00000000
v 43.18533707 8.69350243 24.00000000
v 43.27319717 8.78131390 24.00000000
v 43.27339554 8.86894703 24.00000000
v 43.44898605 8.86914730 24.00000000
v 43.44930649 8.95690155 24.00000000
v 43.18558884 9.30657291 23.00000000
v 43.53686905 8.95705128 24.00000000
v 43.53726196 9.04485607 24.00000000
v 43.62511063 9.04532242 24.00000000
v 43.62521744 9.13281155 24.00000000
v 43.71297073 9.13313389 24.00000000
v 43.71317291 9.22076607 24.00000000
v 43.88875961 9.22096729 23.00000000
v 43.88875961 9.22096729 24.00000000
v 44.06545639 8.16344452 24.00000000
v 44.24110031 8.25118256 24.00000000
v 44.32896042 8.33899403 24.00000000
v 44.41680908 8.33945942 24.00000000
v 44.41720200 8.42726517 24.00000000
v 44.50476456 8.42741489 24.00000000
v 43.27339554 9.30696392 24.00000000
v 43.36135101 9.39491940 24.00000000
v 44.50502396 8.51511097 24.00000000
v 44.68067551 8.07735157 24.00000000
v 44.94474030 7.10776758 24.00000000
v 45.03249359 7.10809040 24.00000000
v 45.03264236 7.19565344 24.00000000
v 45.12044907 7.19604492 24.00000000
v 45.12055588 7.28353405 24.00000000
v 45.20840454 7.28399992 24.00000000
v 45.20886993 7.37185001 24.00000000
v 44.68047714 7.98971939 24.00000000
v 44.85612106 8.07745647 24.00000000
v 45.47227097 7.02189207 24.00000000
v 45.56007767 7.02228403 24.00000000
v 45.56022644 7.10984707 24.00000000
v 45.64797974 7.11016989 24.00000000
v 45.38431549 7.37195492 24.00000000
v 45.38451385 7.45958757 24.00000000
v 45.47227097 7.45990992 24.00000000
v 45.64818192 7.19780207 24.00000000
v 45.47241974 7.54747295 24.00000000
v 45.56022263 7.54786491 24.00000000
v 45.56069183 7.63571501 24.00000000
v 45.64817810 7.63581991 24.00000000
v 45.64857101 7.72362566 24.00000000
v 45.82408905 7.72377491 24.00000000
v 45.82412720 7.89905977 24.00000000
v 45.91204453 7.89968491 24.00000000
v 45.91204453 7.98939705 24.00000000
v 44.76888657 7.01987648 24.00000000
v 45.82410812 7.99010611 24.00000000
v 44.85658646 8.16530704 24.00000000
v 44.94443512 8.16577244 24.00000000
v 44.68067551 8.51536942 24.00000000
v 44.68087387 8.60300159 24.00000000
v 44.76863098 8.60332489 24.00000000
v 44.94454193 8.25326157 24.00000000
v 45.03234863 8.25365353 24.00000000
v 45.03249741 8.34121704 24.00000000
v 45.20808411 8.34141731 24.00000000
v 45.20840454 8.42917156 24.00000000
v 45.29589462 8.42927647 24.00000000
v 44.76877975 8.69088745 24.00000000
v 44.85658264 8.69127941 24.00000000
v 44.85705185 8.77912998 24.00000000
v 44.94453812 8.77923489 24.00000000
v 44.94493103 8.86704063 24.00000000
v 45.12044907 8.86718941 24.00000000
v 45.12059784 8.95475292 24.00000000
v 45.20840454 8.95514488 24.00000000
v 45.20886993 9.04299450 24.00000000
v 45.29636002 8.51712704 24.00000000
v 45.38416672 8.51751900 24.00000000
v 45.38431549 8.60508156 24.00000000
v 45.47206879 8.60540390 24.00000000
v 45.47227097 8.69303703 24.00000000
v 45.82408905 8.42917156 24.00000000
v 45.73617172 8.42979717 24.00000000
v 45.29636002 9.04309940 24.00000000
v 45.29661942 9.13079548 24.00000000
v 45.38431549 9.13105488 24.00000000
v 45.38478088 9.21890450 24.00000000
v 45.73613358 8.69303703 24.00000000
v 45.47227097 9.21900940 24.00000000
v 39.49133301 9.48463154 23.00000000
v 39.49126434 9.30926514 23.00000000
v 39.57928848 9.57258606 23.00000000
v 39.57882309 9.48473644 23.00000000
v 39.66724396 9.74849606 23.00000000
v 39.66704178 9.57290936 23.00000000
v 39.75519943 9.83645153 23.00000000
v 39.75494003 9.74875450 23.00000000
v 39.84315491 9.92440605 23.00000000
v 39.84283066 9.83665180 23.00000000
v 39.93110657 10.01236153 23.00000000
v 39.93071747 9.92455578 23.00000000
v 40.01906204 10.10031605 23.00000000
v 40.01895905 10.01282692 23.00000000
v 40.10701752 10.18827152 23.00000000
v 40.10681915 10.10063839 23.00000000
v 40.19497299 10.27622604 23.00000000
v 40.19450760 10.18837643 23.00000000
v 39.49126434 9.30926514 24.00000000
v 39.49133301 9.48463154 24.00000000
v 39.57882309 9.48473644 24.00000000
v 39.57928848 9.57258606 24.00000000
v 39.66704178 9.57290936 24.00000000
v 39.66724396 9.74849606 24.00000000
v 39.75494003 9.74875450 24.00000000
v 39.75519943 9.83645153 24.00000000
v 39.84283066 9.83665180 24.00000000
v 39.84315491 9.92440605 24.00000000
v 39.93071747 9.92455578 24.00000000
v 39.93110657 10.01236153 24.00000000
v 40.01895905 10.01282692 24.00000000
v 40.01906204 10.10031605 24.00000000
v 40.10681915 10.10063839 24.00000000
v 40.10701752 10.18827152 24.00000000
v 40.19450760 10.18837643 24.00000000
v 40.19497299 10.27622604 24.00000000
v 40.28272629 10.27654839 24.00000000
v 40.28292847 10.36418056 23.00000000
v 40.45883942 10.45213604 23.00000000
v 40.54679489 10.54009056 23.00000000
v 40.72270203 10.62804604 23.00000000
v 40.81065750 10.71600056 23.00000000
v 41.07452393 10.80395603 23.00000000
v 40.72309113 9.39476967 23.00000000
v 40.98656464 9.48287392 23.00000000
v 40.81097794 9.48267365 23.00000000
v 40.28272629 10.27654839 23.00000000
v 40.45844650 10.36433029 23.00000000
v 41.07452011 9.57082939 23.00000000
v 41.16247559 9.65878391 23.00000000
v 41.33838654 9.30872154 23.00000000
v 41.42634201 9.39667606 23.00000000
v 40.98671341 9.57043743 23.00000000
v 41.07462692 9.65831852 23.00000000
v 41.33838654 9.74673939 23.00000000
v 41.16294098 9.74663448 23.00000000
v 41.42594910 9.30887032 23.00000000
v 41.51429749 9.48463154 23.00000000
v 41.51419449 9.39714241 23.00000000
v 41.60225296 9.57258606 23.00000000
v 41.60205078 9.48495388 23.00000000
v 41.33858490 9.83437157 23.00000000
v 41.42634201 9.83469391 23.00000000
v 41.51429749 9.92264938 23.00000000
v 41.60224915 10.01060390 23.00000000
v 41.77816391 9.66054153 23.00000000
v 41.42644501 9.92218304 23.00000000
v 41.51468658 10.01045513 23.00000000
v 41.60257339 10.09835815 23.00000000
v 41.77816010 10.09855938 23.00000000
v 40.54668808 10.45260239 23.00000000
v 40.72244263 10.54034996 23.00000000
v 40.81055450 10.62851143 23.00000000
v 41.07397842 10.71606922 23.00000000
v 41.25043106 10.89191055 23.00000000
v 41.25017548 10.80421448 23.00000000
v 41.51429749 10.97986603 23.00000000
v 41.51383209 10.89201546 23.00000000
v 41.77783966 9.57278728 23.00000000
v 41.86611938 9.74849606 23.00000000
v 41.86572647 9.66069031 23.00000000
v 41.95407104 9.83645153 23.00000000
v 41.95396805 9.74896240 23.00000000
v 41.86611557 10.18651390 23.00000000
v 42.04202652 9.92440605 23.00000000
v 42.04182816 9.83677387 23.00000000
v 41.77830887 10.18612194 23.00000000
v 41.95407104 10.27446938 23.00000000
v 41.86621857 10.27400303 23.00000000
v 41.95453644 10.36231899 23.00000000
v 42.12998199 10.36242390 23.00000000
v 42.21793747 10.01236153 23.00000000
v 42.21761322 9.92460728 23.00000000
v 42.30589294 10.10031605 23.00000000
v 42.30550003 10.01251030 23.00000000
v 42.21793365 10.45037937 23.00000000
v 42.39384842 10.18827152 23.00000000
v 42.39374161 10.10078239 23.00000000
v 42.30588913 10.53833389 23.00000000
v 42.48180389 10.27622604 23.00000000
v 42.48160172 10.18859386 23.00000000
v 42.65771103 10.36418056 23.00000000
v 42.65739059 10.27642632 23.00000000
v 42.74566650 10.45213604 23.00000000
v 42.74534607 10.36438179 23.00000000
v 42.13018036 10.45005608 23.00000000
v 42.21804047 10.53786755 23.00000000
v 42.39384460 10.62628841 23.00000000
v 42.30628204 10.62613964 23.00000000
v 41.95407104 11.06782055 23.00000000
v 41.95336533 10.97988415 23.00000000
v 42.39416885 10.71404362 23.00000000
v 42.56975555 10.71424389 23.00000000
v 42.65771103 10.80219841 23.00000000
v 42.83362198 10.54009056 23.00000000
v 42.56985855 10.80173302 23.00000000
v 42.74566650 10.89015388 23.00000000
v 42.65797043 10.88989544 23.00000000
v 42.83322906 10.45228481 23.00000000
v 42.92157745 10.62804604 23.00000000
v 42.92147064 10.54055691 23.00000000
v 43.00953293 10.71600056 23.00000000
v 43.00933075 10.62836838 23.00000000
v 42.74566650 11.06782055 23.00000000
v 43.18544388 10.80395603 23.00000000
v 43.27339554 10.89191055 23.00000000
v 40.63484955 9.30649853 24.00000000
v 40.72309113 9.39476967 24.00000000
v 40.81097794 9.48267365 24.00000000
v 40.28292847 10.36418056 24.00000000
v 40.45844650 10.36433029 24.00000000
v 40.98656464 9.48287392 24.00000000
v 40.98671341 9.57043743 24.00000000
v 41.07452011 9.57082939 24.00000000
v 41.07462692 9.65831852 24.00000000
v 41.16247559 9.65878391 24.00000000
v 41.16294098 9.74663448 24.00000000
v 41.33838654 9.30872154 24.00000000
v 41.42594910 9.30887032 24.00000000
v 41.42634201 9.39667606 24.00000000
v 41.51419449 9.39714241 24.00000000
v 41.51429749 9.48463154 24.00000000
v 41.60205078 9.48495388 24.00000000
v 41.33838654 9.74673939 24.00000000
v 41.60225296 9.57258606 24.00000000
v 41.33858490 9.83437157 24.00000000
v 41.42634201 9.83469391 24.00000000
v 41.42644501 9.92218304 24.00000000
v 41.51429749 9.92264938 24.00000000
v 41.51468658 10.01045513 24.00000000
v 41.60224915 10.01060390 24.00000000
v 41.60257339 10.09835815 24.00000000
v 40.45883942 10.45213604 24.00000000
v 41.77783966 9.57278728 24.00000000
v 41.77816391 9.66054153 24.00000000
v 41.77816010 10.09855938 24.00000000
v 40.54668808 10.45260239 24.00000000
v 40.54679489 10.54009056 24.00000000
v 40.72244263 10.54034996 24.00000000
v 40.72270203 10.62804604 24.00000000
v 40.81055450 10.62851143 24.00000000
v 40.81065750 10.71600056 24.00000000
v 41.07397842 10.71606922 24.00000000
v 41.07452393 10.80395603 24.00000000
v 41.25017548 10.80421448 24.00000000
v 41.25043106 10.89191055 24.00000000
v 41.51383209 10.89201546 24.00000000
v 41.51429749 10.97986603 24.00000000
v 41.95336533 10.97988415 24.00000000
v 41.86572647 9.66069031 24.00000000
v 41.86611938 9.74849606 24.00000000
v 41.95396805 9.74896240 24.00000000
v 41.95407104 9.83645153 24.00000000
v 42.04182816 9.83677387 24.00000000
v 42.04202652 9.92440605 24.00000000
v 41.77830887 10.18612194 24.00000000
v 41.86611557 10.18651390 24.00000000
v 41.86621857 10.27400303 24.00000000
v 41.95407104 10.27446938 24.00000000
v 41.95453644 10.36231899 24.00000000
v 42.21761322 9.92460728 24.00000000
v 42.21793747 10.01236153 24.00000000
v 42.30550003 10.01251030 24.00000000
v 42.30589294 10.10031605 24.00000000
v 42.39374161 10.10078239 24.00000000
v 42.12998199 10.36242390 24.00000000
v 42.39384842 10.18827152 24.00000000
v 42.48160172 10.18859386 24.00000000
v 42.48180389 10.27622604 24.00000000
v 42.65739059 10.27642632 24.00000000
v 42.65771103 10.36418056 24.00000000
v 42.74534607 10.36438179 24.00000000
v 42.21793365 10.45037937 24.00000000
v 42.74566650 10.45213604 24.00000000
v 42.30588913 10.53833389 24.00000000
v 42.13018036 10.45005608 24.00000000
v 42.21804047 10.53786755 24.00000000
v 42.30628204 10.62613964 24.00000000
v 42.39384460 10.62628841 24.00000000
v 41.95407104 11.06782055 24.00000000
v 42.39416885 10.71404362 24.00000000
v 42.56975555 10.71424389 24.00000000
v 42.56985855 10.80173302 24.00000000
v 42.65771103 10.80219841 24.00000000
v 42.65797043 10.88989544 24.00000000
v 42.74566650 10.89015388 24.00000000
v 42.83322906 10.45228481 24.00000000
v 42.83362198 10.54009056 24.00000000
v 42.92147064 10.54055691 24.00000000
v 42.92157745 10.62804604 24.00000000
v 43.00933075 10.62836838 24.00000000
v 43.00953293 10.71600056 24.00000000
v 42.74566650 11.06782055 24.00000000
v 43.18505096 10.71615028 24.00000000
v 43.18544388 10.80395603 24.00000000
v 43.27339554 10.89191055 24.00000000
v 46.08795547 13.17871952 23.00000000
v 43.27349854 9.39445305 23.00000000
v 43.36181641 9.48276901 23.00000000
v 43.53725815 9.48287392 23.00000000
v 43.62521362 9.57082939 23.00000000
v 43.88908005 9.30872154 23.00000000
v 43.71316910 9.65878391 23.00000000
v 43.53746033 9.57050705 23.00000000
v 43.62532043 9.65831852 23.00000000
v 43.80112457 9.74673939 23.00000000
v 43.97703552 9.39667606 23.00000000
v 43.71356201 9.74658966 23.00000000
v 43.97657013 9.30882645 23.00000000
v 44.06499100 9.48463154 23.00000000
v 44.06484222 9.39706802 23.00000000
v 44.24090195 9.57258606 23.00000000
v 44.24057770 9.48483181 23.00000000
v 43.80144882 9.83449364 23.00000000
v 43.97703552 9.83469391 23.00000000
v 44.06499100 9.92264938 23.00000000
v 44.32885742 9.66054153 23.00000000
v 44.32846451 9.57273579 23.00000000
v 44.15294647 10.01060390 23.00000000
v 44.41681290 9.74849606 23.00000000
v 44.41670609 9.66100693 23.00000000
v 44.50476837 9.83645153 23.00000000
v 44.50456619 9.74881840 23.00000000
v 43.97718430 9.92225742 23.00000000
v 44.06509399 10.01013851 23.00000000
v 44.32885361 10.09855938 23.00000000
v 44.15341187 10.09845448 23.00000000
v 44.41680908 10.18651390 23.00000000
v 44.68067551 9.92440605 23.00000000
v 44.32896042 10.18604851 23.00000000
v 44.41706848 10.27420998 23.00000000
v 44.50476456 10.27446938 23.00000000
v 43.18505096 10.71615028 23.00000000
v 43.27329254 10.80442142 23.00000000
v 43.62521362 10.89191055 23.00000000
v 43.62567902 10.80406094 23.00000000
v 43.80112457 10.80395603 23.00000000
v 43.80183411 10.71601868 23.00000000
v 44.06499100 10.71600056 23.00000000
v 44.15333557 10.54024029 23.00000000
v 44.15294647 10.62804604 23.00000000
v 44.32885361 10.54009056 23.00000000
v 44.32947922 10.45217514 23.00000000
v 44.50476456 10.45213604 23.00000000
v 44.68028641 9.83660030 23.00000000
v 44.76863098 10.01236153 23.00000000
v 44.76852798 9.92487240 23.00000000
v 44.94479752 9.92466450 23.00000000
v 44.94453812 10.01236153 23.00000000
v 45.03249359 9.92440605 23.00000000
v 44.06509399 10.62851143 23.00000000
v 45.38478088 9.39678097 23.00000000
v 45.38431549 9.48463154 23.00000000
v 45.03264236 9.83684349 23.00000000
v 45.12091446 9.74860096 23.00000000
v 45.12044907 9.83645153 23.00000000
v 45.20872498 9.66074181 23.00000000
v 45.29636002 9.66054153 23.00000000
v 45.29655838 9.48495388 23.00000000
v 45.20840454 9.74849606 23.00000000
v 45.47227097 9.39667606 23.00000000
v 43.18558884 9.30657291 24.00000000
v 43.27349854 9.39445305 24.00000000
v 43.36181641 9.48276901 24.00000000
v 43.53725815 9.48287392 24.00000000
v 43.53746033 9.57050705 24.00000000
v 43.62521362 9.57082939 24.00000000
v 43.62532043 9.65831852 24.00000000
v 43.71316910 9.65878391 24.00000000
v 43.71356201 9.74658966 24.00000000
v 43.80112457 9.74673939 24.00000000
v 43.88908005 9.30872154 24.00000000
v 43.97657013 9.30882645 24.00000000
v 43.97703552 9.39667606 24.00000000
v 44.06484222 9.39706802 24.00000000
v 44.06499100 9.48463154 24.00000000
v 44.24057770 9.48483181 24.00000000
v 44.24090195 9.57258606 24.00000000
v 44.32846451 9.57273579 24.00000000
v 44.32885742 9.66054153 24.00000000
v 44.41670609 9.66100693 24.00000000
v 44.41681290 9.74849606 24.00000000
v 44.50456619 9.74881840 24.00000000
v 44.50476837 9.83645153 24.00000000
v 43.80144882 9.83449364 24.00000000
v 43.97703552 9.83469391 24.00000000
v 43.97718430 9.92225742 24.00000000
v 44.06499100 9.92264938 24.00000000
v 44.06509399 10.01013851 24.00000000
v 44.15294647 10.01060390 24.00000000
v 44.15341187 10.09845448 24.00000000
v 44.32885361 10.09855938 24.00000000
v 44.32896042 10.18604851 24.00000000
v 44.41680908 10.18651390 24.00000000
v 44.41706848 10.27420998 24.00000000
v 44.50476456 10.27446938 24.00000000
v 44.50476456 10.45213604 24.00000000
v 44.68067551 9.92440605 24.00000000
v 43.27329254 10.80442142 24.00000000
v 43.62567902 10.80406094 24.00000000
v 43.62521362 10.89191055 24.00000000
v 43.80112457 10.80395603 24.00000000
v 43.80183411 10.71601868 24.00000000
v 44.06509399 10.62851143 24.00000000
v 44.15333557 10.54024029 24.00000000
v 44.15294647 10.62804604 24.00000000
v 44.06499100 10.71600056 24.00000000
v 44.32885361 10.54009056 24.00000000
v 44.32947922 10.45217514 24.00000000
v 45.29636002 9.66054153 24.00000000
v 45.20840454 9.74849606 24.00000000
v 45.12091446 9.74860096 24.00000000
v 45.20872498 9.66074181 24.00000000
v 44.68028641 9.83660030 24.00000000
v 44.76852798 9.92487240 24.00000000
v 44.76863098 10.01236153 24.00000000
v 44.94453812 10.01236153 24.00000000
v 44.94479752 9.92466450 24.00000000
v 45.03249359 9.92440605 24.00000000
v 45.03264236 9.83684349 24.00000000
v 45.12044907 9.83645153 24.00000000
v 45.38431549 9.48463154 24.00000000
v 45.38478088 9.39678097 24.00000000
v 45.47227097 9.39667606 24.00000000
v 45.29655838 9.48495388 24.00000000
v 46.08795547 13.17871952 24.00000000
v 46.17591095 13.44260502 23.00000000
v 46.26386642 13.70646954 24.00000000
v 46.17591095 13.44260502 24.00000000
v 53.52435303 14.89806461 23.00000000
v 46.26386642 13.70646954 23.00000000
v 46.35182190 13.79442501 23.00000000
v 46.43977737 13.88237953 23.00000000
v 46.52772903 13.97033501 23.00000000
v 46.61568451 14.05828953 23.00000000
v 46.70363998 14.14624500 23.00000000
v 46.79159546 14.23419952 23.00000000
v 46.87955093 14.32215500 23.00000000
v 47.05546188 14.41010952 23.00000000
v 47.31932449 14.49806404 23.00000000
v 50.48570251 14.49806404 23.00000000
v 59.00000000 40.88000107 22.00000000
v 46.35182190 13.79442501 24.00000000
v 46.43977737 13.88237953 24.00000000
v 46.52772903 13.97033501 24.00000000
v 46.61568451 14.05828953 24.00000000
v 46.70363998 14.14624500 24.00000000
v 46.79159546 14.23419952 24.00000000
v 51.01343155 14.23419952 24.00000000
v 51.18934250 14.14624500 24.00000000
v 51.27729797 14.05828953 24.00000000
v 51.36525345 13.97033501 24.00000000
v 46.87955093 14.32215500 24.00000000
v 47.05546188 14.41010952 24.00000000
v 47.31932449 14.49806404 24.00000000
v 50.48570251 14.49806404 24.00000000
v 50.74956894 14.41010952 24.00000000
v 50.92547607 14.32215500 24.00000000
v 2.00000000 65.00000000 0.00000000
v 2.00000000 65.00000000 5.00000000
v 5.27030230 66.55641937 0.00000000
v 5.40398455 66.40398407 0.00000000
v 5.15766048 66.72499847 0.00000000
v 5.00281477 67.09883118 0.00000000
v 5.06798649 66.90683746 0.00000000
v 4.96326065 67.29768372 0.00000000
v 4.94999981 67.50000000 0.00000000
v 4.96326065 67.70231628 0.00000000
v 5.00281477 67.90116882 0.00000000
v 5.06798649 68.09316254 0.00000000
v 5.55641985 66.27030182 0.00000000
v 5.72499990 66.15766144 0.00000000
v 5.90684080 66.06798553 0.00000000
v 6.09883070 66.00281525 0.00000000
v 6.29768419 65.96325684 0.00000000
v 6.50000000 65.94999695 0.00000000
v 6.70231581 65.96325684 0.00000000
v 6.90116930 66.00281525 0.00000000
v 2.00000000 72.00000000 0.00000000
v 9.00000000 65.00000000 0.00000000
v 5.00281477 67.09883118 4.59999990
v 5.40398455 66.40398407 4.59999990
v 5.55641985 66.27030182 4.59999990
v 5.15766048 66.72499847 4.59999990
v 5.27030230 66.55641937 4.59999990
v 5.06798649 66.90683746 4.59999990
v 4.96326065 67.29768372 4.59999990
v 4.94999981 67.50000000 4.59999990
v 4.96326065 67.70231628 4.59999990
v 5.00281477 67.90116882 4.59999990
v 5.06798649 68.09316254 4.59999990
v 5.15766048 68.27500153 0.00000000
v 5.15766048 68.27500153 4.59999990
v 5.27030230 68.44358063 0.00000000
v 5.27030230 68.44358063 4.59999990
v 5.40398455 68.59601593 0.00000000
v 5.40398455 68.59601593 4.59999990
v 5.55641985 68.72969818 0.00000000
v 5.55641985 68.72969818 4.59999990
v 5.72499990 68.84233856 0.00000000
v 5.72499990 68.84233856 4.59999990
v 2.50000000 74.00000000 0.00000000
v 5.90684080 68.93201447 0.00000000
v 9.00000000 72.00000000 0.00000000
v 7.09315920 66.06798553 0.00000000
v 7.27500010 66.15766144 0.00000000
v 7.44358015 66.27030182 0.00000000
v 7.59601545 66.40398407 0.00000000
v 7.72969770 66.55641937 0.00000000
v 7.84233952 66.72499847 0.00000000
v 7.93201351 66.90683746 0.00000000
v 7.99718523 67.09883118 0.00000000
v 8.03673935 67.29768372 0.00000000
v 8.05000019 67.50000000 0.00000000
v 8.03673935 67.70231628 0.00000000
v 7.99718523 67.90116882 0.00000000
v 7.93201351 68.09316254 0.00000000
v 5.72499990 66.15766144 4.59999990
v 5.90684080 66.06798553 4.59999990
v 6.09883070 66.00281525 4.59999990
v 6.29768419 65.96325684 4.59999990
v 6.50000000 65.94999695 4.59999990
v 6.70231581 65.96325684 4.59999990
v 6.90116930 66.00281525 4.59999990
v 7.09315920 66.06798553 4.59999990
v 7.27500010 66.15766144 4.59999990
v 7.44358015 66.27030182 4.59999990
v 7.59601545 66.40398407 4.59999990
v 7.72969770 66.55641937 4.59999990
v 7.84233952 66.72499847 4.59999990
v 7.93201351 66.90683746 4.59999990
v 5.90684080 68.93201447 4.59999990
v 6.09883070 68.99718475 0.00000000
v 6.09883070 68.99718475 4.59999990
v 6.29768419 69.03674316 0.00000000
v 6.29768419 69.03674316 4.59999990
v 6.50000000 69.05000305 0.00000000
v 6.50000000 69.05000305 4.59999990
v 6.70231581 69.03674316 0.00000000
v 6.70231581 69.03674316 4.59999990
v 6.90116930 68.99718475 0.00000000
v 6.90116930 68.99718475 4.59999990
v 7.09315920 68.93201447 0.00000000
v 7.09315920 68.93201447 4.59999990
v 7.93201351 68.09316254 4.59999990
v 7.84233952 68.27500153 0.00000000
v 7.99718523 67.09883118 4.59999990
v 8.03673935 67.29768372 4.59999990
v 8.05000019 67.50000000 4.59999990
v 8.03673935 67.70231628 4.59999990
v 7.99718523 67.90116882 4.59999990
v 7.44358015 68.72969818 0.00000000
v 7.59601545 68.59601593 0.00000000
v 7.59601545 68.59601593 4.59999990
v 7.44358015 68.72969818 4.59999990
v 7.27500010 68.84233856 0.00000000
v 7.72969770 68.44358063 0.00000000
v 7.72969770 68.44358063 4.59999990
v 7.84233952 68.27500153 4.59999990
v 7.27500010 68.84233856 4.59999990
v 9.00000000 65.00000000 5.00000000
v 6.50000000 67.50000000 4.59999990
v 9.00000000 72.00000000 5.00000000
v 18.00000000 72.00000000 2.00000000
v 29.00000000 74.00000000 2.00000000
v 18.00000000 74.00000000 2.00000000
v 9.00000000 72.00000000 12.00000000
v 2.50000000 74.00000000 24.00000000
v 2.00000000 72.00000000 12.00000000
v 18.00000000 72.00000000 14.00000000
v 18.00000000 74.00000000 14.00000000
v 29.00000000 72.00000000 2.00000000
v 89.50000000 74.00000000 0.00000000
v 83.00000000 72.00000000 0.00000000
v 33.00000000 72.00000000 2.00000000
v 44.00000000 74.00000000 2.00000000
v 33.00000000 74.00000000 2.00000000
v 44.00000000 72.00000000 2.00000000
v 29.00000000 74.00000000 14.00000000
v 33.00000000 72.00000000 14.00000000
v 29.00000000 72.00000000 14.00000000
v 33.00000000 74.00000000 14.00000000
v 44.00000000 74.00000000 14.00000000
v 48.00000000 74.00000000 2.00000000
v 44.00000000 72.00000000 14.00000000
v 48.00000000 72.00000000 14.00000000
v 0.00000000 71.50000000 24.00000000
v 20.32631493 43.40138626 22.00000000
v 17.69030190 44.92329025 24.00000000
v 17.52138710 45.55368423 24.00000000
v 17.58518600 45.23295212 24.00000000
v 17.50000000 45.88000107 24.00000000
v 17.52138710 46.20631409 22.00000000
v 17.52138710 46.20631409 24.00000000
v 20.64704704 43.46518707 22.00000000
v 20.95670891 43.57030106 22.00000000
v 21.25000000 43.71493530 22.00000000
v 21.52190399 43.89661789 22.00000000
v 21.76776695 44.11223221 22.00000000
v 21.98338318 44.35809708 22.00000000
v 22.16506386 44.63000107 22.00000000
v 22.30969810 44.92329025 22.00000000
v 22.30969810 44.92329025 24.00000000
v 22.41481400 45.23295212 22.00000000
v 22.41481400 45.23295212 24.00000000
v 22.47861290 45.55368423 22.00000000
v 22.47861290 45.55368423 24.00000000
v 22.50000000 45.88000107 22.00000000
v 22.50000000 45.88000107 24.00000000
v 22.47861290 46.20631409 22.00000000
v 22.47861290 46.20631409 24.00000000
v 17.58518600 46.52704620 22.00000000
v 17.69030190 46.83670807 22.00000000
v 17.83493614 47.13000107 22.00000000
v 17.58518600 46.52704620 24.00000000
v 17.69030190 46.83670807 24.00000000
v 17.83493614 47.13000107 24.00000000
v 18.01661682 47.40190506 24.00000000
v 18.01661682 47.40190506 22.00000000
v 18.23223305 47.64776611 22.00000000
v 18.23223305 47.64776611 24.00000000
v 18.47809601 47.86338425 22.00000000
v 18.47809601 47.86338425 24.00000000
v 18.75000000 48.04506302 22.00000000
v 18.75000000 48.04506302 24.00000000
v 19.04329109 48.18969727 22.00000000
v 19.04329109 48.18969727 24.00000000
v 19.35295296 48.29481506 22.00000000
v 19.35295296 48.29481506 24.00000000
v 19.67368507 48.35861206 22.00000000
v 19.67368507 48.35861206 24.00000000
v 20.00000000 48.38000107 22.00000000
v 20.00000000 48.38000107 24.00000000
v 20.32631493 48.35861206 24.00000000
v 20.32631493 48.35861206 22.00000000
v 20.64704704 48.29481506 22.00000000
v 20.64704704 48.29481506 24.00000000
v 21.52190399 47.86338425 22.00000000
v 21.52190399 47.86338425 24.00000000
v 21.25000000 48.04506302 22.00000000
v 20.95670891 48.18969727 22.00000000
v 20.95670891 48.18969727 24.00000000
v 21.25000000 48.04506302 24.00000000
v 22.16506386 47.13000107 22.00000000
v 22.30969810 46.83670807 22.00000000
v 22.30969810 46.83670807 24.00000000
v 21.98338318 47.40190506 22.00000000
v 22.16506386 47.13000107 24.00000000
v 22.41481400 46.52704620 22.00000000
v 22.41481400 46.52704620 24.00000000
v 21.98338318 47.40190506 24.00000000
v 21.76776695 47.64776611 22.00000000
v 21.76776695 47.64776611 24.00000000
v 28.00000000 42.88000107 22.00000000
v 28.00000000 48.88000107 22.00000000
v 33.00000000 50.88000107 24.00000000
v 33.00000000 50.88000107 22.00000000
v 28.00000000 42.88000107 19.00000000
v 28.00000000 48.88000107 19.00000000
v 32.00000000 42.88000107 19.00000000
v 32.00000000 48.88000107 19.00000000
v 32.00000000 42.88000107 22.00000000
v 32.00000000 48.88000107 22.00000000
v 59.00000000 50.88000107 24.00000000
v 90.00000000 72.00000000 22.00000000
v 89.50000000 74.00000000 24.00000000
v 48.40000153 2.00000000 0.00000000
v 46.59315872 4.56798649 0.00000000
v 46.77500153 4.65766048 0.00000000
v 46.94358063 4.77030230 0.00000000
v 47.09601593 4.90398455 0.00000000
v 47.22969818 5.05641985 0.00000000
v 47.34233856 5.22499990 0.00000000
v 47.43201447 5.40684080 0.00000000
v 47.49718475 5.59883070 0.00000000
v 47.53673935 5.79768419 0.00000000
v 47.54999924 6.00000000 0.00000000
v 46.20231628 4.46326065 4.59999990
v 46.40116882 4.50281477 4.59999990
v 46.59315872 4.56798649 4.59999990
v 48.40000153 2.00000000 5.00000000
v 47.53673935 6.20231581 0.00000000
v 47.49718475 6.40116930 0.00000000
v 46.20231628 7.53673935 0.00000000
v 46.40116882 7.49718523 0.00000000
v 46.59315872 7.43201351 0.00000000
v 46.77500153 7.34233952 0.00000000
v 46.94358063 7.22969770 0.00000000
v 47.43201447 6.59315920 0.00000000
v 47.34233856 6.77500010 0.00000000
v 47.09601593 7.09601545 0.00000000
v 47.22969818 6.94358015 0.00000000
v 46.77500153 4.65766048 4.59999990
v 46.94358063 4.77030230 4.59999990
v 47.09601593 4.90398455 4.59999990
v 47.22969818 5.05641985 4.59999990
v 47.34233856 5.22499990 4.59999990
v 47.43201447 6.59315920 4.59999990
v 47.34233856 6.77500010 4.59999990
v 47.43201447 5.40684080 4.59999990
v 47.49718475 5.59883070 4.59999990
v 47.53673935 5.79768419 4.59999990
v 47.54999924 6.00000000 4.59999990
v 47.53673935 6.20231581 4.59999990
v 47.49718475 6.40116930 4.59999990
v 46.40116882 7.49718523 4.59999990
v 46.59315872 7.43201351 4.59999990
v 46.77500153 7.34233952 4.59999990
v 46.20231628 7.53673935 4.59999990
v 47.09601593 7.09601545 4.59999990
v 46.94358063 7.22969770 4.59999990
v 47.22969818 6.94358015 4.59999990
v 48.40000153 0.00000000 18.52010155
v 48.40000153 2.00000000 12.00000000
v 48.40000153 1.00000000 17.52010155
v 89.40000153 0.00000000 0.00000000
v 90.00000000 2.00000000 0.00000000
v 89.50000000 0.00000000 0.00000000
v 89.40000153 2.00000000 0.00000000
v 92.00000000 2.50000000 0.00000000
v 89.40000153 2.00000000 18.52010155
v 90.00000000 65.00000000 0.00000000
v 48.40000153 1.00000000 21.47989845
v 48.40000153 2.00000000 20.47989845
v 53.52435303 3.10193563 23.00000000
v 50.31025696 4.55925798 23.00000000
v 50.30979156 4.64710808 23.00000000
v 50.48570251 4.55915308 23.00000000
v 50.48602676 4.47139883 23.00000000
v 50.66161346 4.47119808 23.00000000
v 50.83814621 4.29532719 23.00000000
v 50.83752060 4.38324308 23.00000000
v 51.10138702 4.29528809 23.00000000
v 50.66223907 4.38328218 23.00000000
v 51.10209656 4.20735121 23.00000000
v 51.36525345 4.20733356 23.00000000
v 51.36587906 4.11941719 23.00000000
v 51.80502701 4.11937857 23.00000000
v 50.31025696 4.55925798 24.00000000
v 50.30979156 4.64710808 24.00000000
v 50.48602676 4.47139883 24.00000000
v 50.48570251 4.55915308 24.00000000
v 50.66161346 4.47119808 24.00000000
v 50.66223907 4.38328218 24.00000000
v 50.83814621 4.29532719 24.00000000
v 51.10138702 4.29528809 24.00000000
v 50.83752060 4.38324308 24.00000000
v 51.10209656 4.20735121 24.00000000
v 51.36587906 4.11941719 24.00000000
v 51.36525345 4.20733356 24.00000000
v 51.80502701 4.11937857 24.00000000
v 48.81470871 6.14273453 23.00000000
v 48.81455612 6.31825256 23.00000000
v 48.90251160 6.14234257 23.00000000
v 48.63868713 6.49478769 23.00000000
v 48.63864899 6.67007256 23.00000000
v 48.72660446 6.49416256 23.00000000
v 48.72680283 6.31857491 23.00000000
v 48.55073166 6.67069769 23.00000000
v 48.55069351 6.93393755 23.00000000
v 46.08795166 6.67086697 23.00000000
v 48.90251160 6.14234257 24.00000000
v 48.81470871 6.14273453 24.00000000
v 48.81455612 6.31825256 24.00000000
v 48.63868713 6.49478769 24.00000000
v 48.72680283 6.31857491 24.00000000
v 48.72660446 6.49416256 24.00000000
v 48.55073166 6.67069769 24.00000000
v 48.63864899 6.67007256 24.00000000
v 48.46274185 6.93473148 23.00000000
v 48.55069351 6.93393755 24.00000000
v 48.46274185 6.93473148 24.00000000
v 48.46273804 7.28575706 23.00000000
v 48.37480164 7.28646612 23.00000000
v 48.37482071 7.89905977 23.00000000
v 48.46273804 7.89968491 23.00000000
v 48.55069351 7.98763990 23.00000000
v 48.46320343 7.98753500 23.00000000
v 48.55108643 8.07544518 23.00000000
v 48.63864899 8.07559490 23.00000000
v 48.46273804 7.28575706 24.00000000
v 48.37480164 7.28646612 24.00000000
v 48.37482071 7.89905977 24.00000000
v 48.46273804 7.89968491 24.00000000
v 48.46320343 7.98753500 24.00000000
v 48.55069351 7.98763990 24.00000000
v 48.55108643 8.07544518 24.00000000
v 48.63864899 8.07559490 24.00000000
v 48.63927460 8.16351128 23.00000000
v 48.46299744 9.22102547 23.00000000
v 48.63864899 9.22076607 23.00000000
v 48.63864899 9.22076607 24.00000000
v 48.63944244 9.13281631 23.00000000
v 48.63944244 9.13281631 24.00000000
v 48.63927460 8.16351128 24.00000000
v 48.46299744 9.22102547 24.00000000
v 49.07888794 5.70267248 23.00000000
v 49.07842255 5.79052258 23.00000000
v 49.16637802 5.70256758 23.00000000
v 49.16677094 5.61476183 23.00000000
v 49.25433350 5.61461258 23.00000000
v 49.34239197 5.35121393 23.00000000
v 49.34228897 5.43870306 23.00000000
v 49.43024445 5.35074806 23.00000000
v 49.43063354 5.26294231 23.00000000
v 49.51819611 5.26279306 23.00000000
v 49.51839828 5.17516041 23.00000000
v 49.60615158 5.17483807 23.00000000
v 49.25453186 5.43902540 23.00000000
v 49.69457245 4.99903297 23.00000000
v 49.69410706 5.08688307 23.00000000
v 49.78206253 4.99892807 23.00000000
v 49.60630035 5.08727503 23.00000000
v 49.78238678 4.91117382 23.00000000
v 49.95797348 4.91097307 23.00000000
v 50.04647064 4.73513126 23.00000000
v 50.04592896 4.82301807 23.00000000
v 50.22183609 4.73506308 23.00000000
v 49.95807648 4.82348394 23.00000000
v 50.22194290 4.64757395 23.00000000
v 48.99057388 5.79098892 23.00000000
v 48.99046707 5.96643257 23.00000000
v 48.90266037 5.96682453 23.00000000
v 51.62911606 8.16354942 23.00000000
v 49.60615158 5.17483807 24.00000000
v 49.25433350 5.61461258 24.00000000
v 49.16637802 5.70256758 24.00000000
v 49.07888794 5.70267248 24.00000000
v 49.16677094 5.61476183 24.00000000
v 49.34228897 5.43870306 24.00000000
v 49.34239197 5.35121393 24.00000000
v 49.43024445 5.35074806 24.00000000
v 49.51819611 5.26279306 24.00000000
v 49.43063354 5.26294231 24.00000000
v 49.51839828 5.17516041 24.00000000
v 49.25453186 5.43902540 24.00000000
v 49.95797348 4.91097307 24.00000000
v 49.69457245 4.99903297 24.00000000
v 49.78206253 4.99892807 24.00000000
v 49.60630035 5.08727503 24.00000000
v 49.69410706 5.08688307 24.00000000
v 49.78238678 4.91117382 24.00000000
v 50.04647064 4.73513126 24.00000000
v 50.04592896 4.82301807 24.00000000
v 49.95807648 4.82348394 24.00000000
v 50.22194290 4.64757395 24.00000000
v 50.22183609 4.73506308 24.00000000
v 49.07842255 5.79052258 24.00000000
v 48.99057388 5.79098892 24.00000000
v 48.99046707 5.96643257 24.00000000
v 48.90266037 5.96682453 24.00000000
v 51.62911606 8.16354942 24.00000000
v 49.60615540 9.30696392 23.00000000
v 49.69411087 9.21900940 23.00000000
v 51.62911606 9.13281155 23.00000000
v 51.36525345 9.21900940 23.00000000
v 51.45320511 9.30696392 23.00000000
v 49.69411087 9.21900940 24.00000000
v 49.60615540 9.30696392 24.00000000
v 51.62911606 9.13281155 24.00000000
v 49.69385147 9.30670547 24.00000000
v 51.36525345 9.21900940 24.00000000
v 51.36535645 9.30649853 23.00000000
v 51.80582047 4.03142881 23.00000000
v 53.03639603 4.03142357 23.00000000
v 53.03665543 3.58963275 23.00000000
v 53.12435150 3.58989143 23.00000000
v 53.03665543 3.94372702 23.00000000
v 53.12435150 3.94344783 23.00000000
v 51.80582047 4.03142881 24.00000000
v 53.03639603 4.03142357 24.00000000
v 53.03665543 3.58963275 24.00000000
v 53.12435150 3.58989143 24.00000000
v 53.03665543 3.94372702 24.00000000
v 53.12435150 3.94344783 24.00000000
v 53.52435303 14.89806461 22.60000038
v 48.46273804 9.39667606 23.00000000
v 49.51819992 9.48287392 23.00000000
v 48.37478256 9.39755726 23.00000000
v 49.51819992 11.41788387 23.00000000
v 48.46273804 13.00107288 23.00000000
v 49.43024445 11.50583839 23.00000000
v 48.46273804 9.39667606 24.00000000
v 48.37478256 9.39755726 24.00000000
v 48.37486649 11.39929390 24.00000000
v 49.51819992 10.01234055 24.00000000
v 48.37493134 13.00068092 23.00000000
v 46.17576218 13.17913151 23.00000000
v 46.26382828 13.44322968 23.00000000
v 46.35156250 13.70672798 23.00000000
v 46.43945312 13.79462528 23.00000000
v 48.55069351 13.08902836 23.00000000
v 48.63864899 13.17698288 23.00000000
v 48.46288681 13.08863640 23.00000000
v 48.55079651 13.17651653 23.00000000
v 46.17576218 13.17913151 24.00000000
v 46.26382828 13.44322968 24.00000000
v 46.35156250 13.70672798 24.00000000
v 46.43945312 13.79462528 24.00000000
v 49.43024445 11.50583839 24.00000000
v 48.46273804 13.00107288 24.00000000
v 48.37493134 13.00068092 24.00000000
v 48.55069351 13.08902836 24.00000000
v 48.63864899 13.17698288 24.00000000
v 48.46288681 13.08863640 24.00000000
v 48.55079651 13.17651653 24.00000000
v 48.63944244 13.26493263 23.00000000
v 48.63944244 13.26493263 24.00000000
v 49.16567230 13.26492023 23.00000000
v 49.51819992 10.01234055 23.00000000
v 49.60600662 9.48248196 23.00000000
v 49.60615540 10.18827152 23.00000000
v 49.69411087 10.27622604 23.00000000
v 49.60600662 10.01275349 23.00000000
v 49.69385147 9.30670547 23.00000000
v 49.69385147 10.18852997 23.00000000
v 49.51794052 11.50557995 23.00000000
v 51.62911606 11.41788387 23.00000000
v 51.54116058 9.39491940 23.00000000
v 51.45346451 9.39466095 23.00000000
v 51.54116058 10.10031605 23.00000000
v 51.36550903 10.18852997 23.00000000
v 51.36525345 10.27622604 23.00000000
v 51.45320511 10.18827152 23.00000000
v 51.45367432 10.10042095 23.00000000
v 49.51819992 9.48287392 24.00000000
v 49.60600662 10.01275349 24.00000000
v 49.60600662 9.48248196 24.00000000
v 49.60615540 10.18827152 24.00000000
v 49.69385147 10.18852997 24.00000000
v 49.69411087 10.27622604 24.00000000
v 51.36525345 10.27622604 24.00000000
v 49.51794052 11.50557995 24.00000000
v 49.51819992 11.41788387 24.00000000
v 51.36535645 9.30649853 24.00000000
v 51.45320511 9.30696392 24.00000000
v 51.45346451 9.39466095 24.00000000
v 51.54116058 9.39491940 24.00000000
v 51.36550903 10.18852997 24.00000000
v 51.54116058 10.10031605 24.00000000
v 51.45367432 10.10042095 24.00000000
v 51.45320511 10.18827152 24.00000000
v 51.62911606 11.41788387 24.00000000
v 49.16637802 13.17698288 23.00000000
v 49.34228897 13.08902836 23.00000000
v 49.43009567 13.08863640 23.00000000
v 49.34166336 13.17694378 23.00000000
v 51.54120255 13.44322968 23.00000000
v 51.54116058 13.70646954 23.00000000
v 51.62911606 13.44260502 23.00000000
v 51.36535645 13.79489040 23.00000000
v 51.36525345 13.97033501 23.00000000
v 51.45320511 13.79442501 23.00000000
v 51.45367432 13.70657444 23.00000000
v 49.43009567 13.08863640 24.00000000
v 49.16637802 13.17698288 24.00000000
v 49.34228897 13.08902836 24.00000000
v 49.16567230 13.26492023 24.00000000
v 49.34166336 13.17694378 24.00000000
v 51.36535645 13.79489040 24.00000000
v 51.54120255 13.44322968 24.00000000
v 51.62911606 13.44260502 24.00000000
v 51.54116058 13.70646954 24.00000000
v 51.45367432 13.70657444 24.00000000
v 51.45320511 13.79442501 24.00000000
v 46.52726364 13.88248444 23.00000000
v 46.61553574 13.97072697 23.00000000
v 46.70344162 14.05861187 23.00000000
v 46.79113007 14.14634991 23.00000000
v 46.87934875 14.23452187 23.00000000
v 47.05499649 14.32225895 23.00000000
v 47.31878281 14.41017723 23.00000000
v 46.52726364 13.88248444 24.00000000
v 46.61553574 13.97072697 24.00000000
v 46.70344162 14.05861187 24.00000000
v 46.79113007 14.14634991 24.00000000
v 46.87934875 14.23452187 24.00000000
v 47.05499649 14.32225895 24.00000000
v 47.31878281 14.41017723 24.00000000
v 50.48624802 14.41017723 23.00000000
v 50.74956894 14.41010952 23.00000000
v 50.75003433 14.32225895 23.00000000
v 50.92547607 14.32215500 23.00000000
v 50.92558289 14.23466587 23.00000000
v 51.01343155 14.23419952 23.00000000
v 51.27776337 13.97043991 23.00000000
v 51.27729797 14.05828953 23.00000000
v 51.18960190 14.05854797 23.00000000
v 51.18934250 14.14624500 23.00000000
v 51.01375580 14.14644527 23.00000000
v 50.48624802 14.41017723 24.00000000
v 50.75003433 14.32225895 24.00000000
v 50.92558289 14.23466587 24.00000000
v 51.01375580 14.14644527 24.00000000
v 51.18960190 14.05854797 24.00000000
v 51.27776337 13.97043991 24.00000000
v 89.40000153 0.00000000 20.47989845
v 89.40000153 1.00000000 21.47989845
v 92.00000000 2.50000000 24.00000000
v 59.00000000 40.88000107 24.00000000
v 89.40000153 0.00000000 18.52010155
v 89.40000153 1.00000000 17.52010155
v 89.40000153 2.00000000 20.47989845
v 92.00000000 71.50000000 24.00000000
v 69.83493805 44.63000107 22.00000000
v 72.00000000 43.38000107 24.00000000
v 70.23223114 44.11223221 22.00000000
v 70.47809601 43.89661789 22.00000000
v 70.75000000 43.71493530 22.00000000
v 71.04328918 43.57030106 22.00000000
v 71.35295105 43.46518707 22.00000000
v 70.01661682 44.35809708 22.00000000
v 71.67368317 43.40138626 22.00000000
v 72.00000000 43.38000107 22.00000000
v 72.32631683 43.40138626 22.00000000
v 72.64704895 43.46518707 22.00000000
v 72.95671082 43.57030106 22.00000000
v 73.25000000 43.71493530 22.00000000
v 73.52190399 43.89661789 22.00000000
v 73.76776886 44.11223221 22.00000000
v 73.98338318 44.35809708 22.00000000
v 74.16506195 44.63000107 22.00000000
v 72.32631683 43.40138626 24.00000000
v 72.64704895 43.46518707 24.00000000
v 72.95671082 43.57030106 24.00000000
v 73.25000000 43.71493530 24.00000000
v 73.52190399 43.89661789 24.00000000
v 73.76776886 44.11223221 24.00000000
v 73.98338318 44.35809708 24.00000000
v 74.16506195 44.63000107 24.00000000
v 74.30970001 44.92329025 24.00000000
v 74.41481781 45.23295212 24.00000000
v 74.47861481 45.55368423 24.00000000
v 74.50000000 45.88000107 24.00000000
v 48.00000000 72.00000000 2.00000000
v 59.00000000 74.00000000 2.00000000
v 59.00000000 72.00000000 2.00000000
v 63.00000000 72.00000000 2.00000000
v 74.00000000 74.00000000 2.00000000
v 63.00000000 74.00000000 2.00000000
v 48.00000000 74.00000000 14.00000000
v 59.00000000 74.00000000 14.00000000
v 63.00000000 72.00000000 14.00000000
v 59.00000000 72.00000000 14.00000000
v 63.00000000 74.00000000 14.00000000
v 90.00000000 72.00000000 0.00000000
v 92.00000000 71.50000000 0.00000000
v 90.00000000 65.00000000 5.00000000
v 74.00000000 72.00000000 2.00000000
v 83.00000000 72.00000000 5.00000000
v 74.00000000 74.00000000 14.00000000
v 83.00000000 65.00000000 0.00000000
v 84.00281525 67.90116882 0.00000000
v 84.40398407 66.40398407 0.00000000
v 84.55641937 66.27030182 0.00000000
v 84.72499847 66.15766144 0.00000000
v 84.90683746 66.06798553 0.00000000
v 85.09883118 66.00281525 0.00000000
v 84.00281525 67.09883118 0.00000000
v 84.06798553 66.90683746 0.00000000
v 83.96325684 67.29768372 0.00000000
v 84.27030182 66.55641937 0.00000000
v 84.15766144 66.72499847 0.00000000
v 83.94999695 67.50000000 0.00000000
v 83.96325684 67.70231628 0.00000000
v 84.06798553 68.09316254 0.00000000
v 84.00281525 67.09883118 4.59999990
v 84.72499847 66.15766144 4.59999990
v 84.55641937 66.27030182 4.59999990
v 84.40398407 66.40398407 4.59999990
v 84.15766144 66.72499847 4.59999990
v 84.27030182 66.55641937 4.59999990
v 84.06798553 66.90683746 4.59999990
v 83.00000000 65.00000000 5.00000000
v 84.90683746 66.06798553 4.59999990
v 85.09883118 66.00281525 4.59999990
v 85.29768372 65.96325684 0.00000000
v 85.29768372 65.96325684 4.59999990
v 85.50000000 65.94999695 0.00000000
v 85.50000000 65.94999695 4.59999990
v 85.70231628 65.96325684 0.00000000
v 85.70231628 65.96325684 4.59999990
v 85.90116882 66.00281525 0.00000000
v 85.90116882 66.00281525 4.59999990
v 86.09316254 66.06798553 0.00000000
v 86.09316254 66.06798553 4.59999990
v 86.27500153 66.15766144 0.00000000
v 83.96325684 67.29768372 4.59999990
v 83.94999695 67.50000000 4.59999990
v 83.96325684 67.70231628 4.59999990
v 84.00281525 67.90116882 4.59999990
v 84.06798553 68.09316254 4.59999990
v 84.15766144 68.27500153 0.00000000
v 84.15766144 68.27500153 4.59999990
v 84.27030182 68.44358063 0.00000000
v 84.27030182 68.44358063 4.59999990
v 84.40398407 68.59601593 0.00000000
v 84.40398407 68.59601593 4.59999990
v 84.55641937 68.72969818 0.00000000
v 84.55641937 68.72969818 4.59999990
v 84.72499847 68.84233856 0.00000000
v 84.72499847 68.84233856 4.59999990
v 84.90683746 68.93201447 0.00000000
v 84.90683746 68.93201447 4.59999990
v 85.09883118 68.99718475 0.00000000
v 85.09883118 68.99718475 4.59999990
v 85.29768372 69.03674316 0.00000000
v 85.29768372 69.03674316 4.59999990
v 85.50000000 69.05000305 0.00000000
v 85.50000000 69.05000305 4.59999990
v 85.70231628 69.03674316 0.00000000
v 85.70231628 69.03674316 4.59999990
v 85.90116882 68.99718475 0.00000000
v 85.90116882 68.99718475 4.59999990
v 86.09316254 68.93201447 0.00000000
v 86.09316254 68.93201447 4.59999990
v 86.27500153 68.84233856 0.00000000
v 86.27500153 68.84233856 4.59999990
v 86.44358063 66.27030182 0.00000000
v 86.59601593 66.40398407 0.00000000
v 86.72969818 66.55641937 0.00000000
v 86.84233856 66.72499847 0.00000000
v 86.93201447 66.90683746 0.00000000
v 86.99718475 67.09883118 0.00000000
v 87.03674316 67.29768372 0.00000000
v 87.05000305 67.50000000 0.00000000
v 87.03674316 67.70231628 0.00000000
v 86.99718475 67.90116882 0.00000000
v 86.93201447 68.09316254 0.00000000
v 86.27500153 66.15766144 4.59999990
v 86.44358063 66.27030182 4.59999990
v 86.59601593 66.40398407 4.59999990
v 86.72969818 66.55641937 4.59999990
v 86.84233856 66.72499847 4.59999990
v 86.93201447 66.90683746 4.59999990
v 86.93201447 68.09316254 4.59999990
v 86.84233856 68.27500153 0.00000000
v 86.99718475 67.09883118 4.59999990
v 87.03674316 67.29768372 4.59999990
v 87.05000305 67.50000000 4.59999990
v 87.03674316 67.70231628 4.59999990
v 86.99718475 67.90116882 4.59999990
v 86.44358063 68.72969818 0.00000000
v 86.44358063 68.72969818 4.59999990
v 86.59601593 68.59601593 0.00000000
v 86.59601593 68.59601593 4.59999990
v 86.72969818 68.44358063 0.00000000
v 86.72969818 68.44358063 4.59999990
v 86.84233856 68.27500153 4.59999990
v 85.50000000 67.50000000 4.59999990
v 83.00000000 72.00000000 12.00000000
v 74.00000000 72.00000000 14.00000000
v 90.00000000 72.00000000 12.00000000
v 59.00000000 50.88000107 22.00000000
v 60.00000000 42.88000107 19.00000000
v 60.00000000 48.88000107 19.00000000
v 64.00000000 42.88000107 19.00000000
v 60.00000000 42.88000107 22.00000000
v 64.00000000 48.88000107 19.00000000
v 64.00000000 42.88000107 22.00000000
v 60.00000000 48.88000107 22.00000000
v 69.69029999 44.92329025 22.00000000
v 64.00000000 48.88000107 22.00000000
v 69.69029999 44.92329025 24.00000000
v 69.58518219 45.23295212 24.00000000
v 69.52138519 45.55368423 24.00000000
v 69.50000000 45.88000107 24.00000000
v 69.52138519 46.20631409 24.00000000
v 69.58518219 46.52704620 24.00000000
v 69.69029999 46.83670807 24.00000000
v 71.04328918 43.57030106 24.00000000
v 70.75000000 43.71493530 24.00000000
v 71.35295105 43.46518707 24.00000000
v 71.67368317 43.40138626 24.00000000
v 70.01661682 44.35809708 24.00000000
v 69.83493805 44.63000107 24.00000000
v 70.23223114 44.11223221 24.00000000
v 70.47809601 43.89661789 24.00000000
v 69.83493805 47.13000107 24.00000000
v 70.01661682 47.40190506 24.00000000
v 69.58518219 45.23295212 22.00000000
v 69.52138519 45.55368423 22.00000000
v 69.50000000 45.88000107 22.00000000
v 69.52138519 46.20631409 22.00000000
v 69.58518219 46.52704620 22.00000000
v 69.69029999 46.83670807 22.00000000
v 69.83493805 47.13000107 22.00000000
v 70.01661682 47.40190506 22.00000000
v 74.30970001 44.92329025 22.00000000
v 74.41481781 45.23295212 22.00000000
v 74.47861481 45.55368423 22.00000000
v 74.50000000 45.88000107 22.00000000
v 74.47861481 46.20631409 22.00000000
v 74.47861481 46.20631409 24.00000000
v 70.23223114 47.64776611 22.00000000
v 70.23223114 47.64776611 24.00000000
v 70.47809601 47.86338425 22.00000000
v 70.47809601 47.86338425 24.00000000
v 70.75000000 48.04506302 22.00000000
v 70.75000000 48.04506302 24.00000000
v 71.04328918 48.18969727 22.00000000
v 71.04328918 48.18969727 24.00000000
v 71.35295105 48.29481506 22.00000000
v 71.35295105 48.29481506 24.00000000
v 71.67368317 48.35861206 22.00000000
v 71.67368317 48.35861206 24.00000000
v 72.00000000 48.38000107 24.00000000
v 72.00000000 48.38000107 22.00000000
v 72.32631683 48.35861206 22.00000000
v 72.32631683 48.35861206 24.00000000
v 72.64704895 48.29481506 22.00000000
v 72.64704895 48.29481506 24.00000000
v 72.95671082 48.18969727 22.00000000
v 72.95671082 48.18969727 24.00000000
v 73.25000000 48.04506302 22.00000000
v 73.25000000 48.04506302 24.00000000
v 74.41481781 46.52704620 22.00000000
v 74.41481781 46.52704620 24.00000000
v 74.30970001 46.83670807 22.00000000
v 74.30970001 46.83670807 24.00000000
v 74.16506195 47.13000107 22.00000000
v 73.98338318 47.40190506 22.00000000
v 74.16506195 47.13000107 24.00000000
v 73.52190399 47.86338425 22.00000000
v 73.52190399 47.86338425 24.00000000
v 73.98338318 47.40190506 24.00000000
v 73.76776886 47.64776611 22.00000000
v 73.76776886 47.64776611 24.00000000
f 1 2 3
f 3 2 4
f 1 3 5
f 1 6 2
f 1 5 6
f 3 7 5
f 3 4 8
f 4 9 8
f 10 11 12
f 11 13 14
f 11 15 13
f 11 16 17
f 11 18 16
f 11 19 15
f 11 20 19
f 11 17 20
f 11 21 22
f 11 22 23
f 11 14 21
f 11 23 24
f 11 24 25
f 11 25 26
f 11 26 27
f 10 28 11
f 22 29 23
f 23 30 24
f 24 31 25
f 11 32 18
f 11 33 32
f 11 34 33
f 33 34 35
f 35 34 36
f 36 34 37
f 34 38 37
f 34 39 38
f 34 40 39
f 34 41 40
f 34 42 41
f 34 43 42
f 17 44 20
f 17 16 45
f 11 46 34
f 16 18 47
f 18 32 48
f 32 33 49
f 33 35 50
f 15 19 51
f 13 15 52
f 13 53 14
f 14 54 21
f 19 20 55
f 22 21 56
f 35 36 57
f 36 37 58
f 37 38 59
f 38 39 60
f 39 40 61
f 40 41 62
f 41 42 63
f 42 64 65
f 64 66 67
f 11 28 46
f 22 56 29
f 23 29 30
f 24 30 31
f 31 68 25
f 10 69 28
f 20 44 55
f 17 45 44
f 16 47 45
f 18 48 47
f 32 49 48
f 33 50 49
f 15 51 52
f 13 52 53
f 14 53 54
f 21 54 56
f 19 55 51
f 35 57 50
f 36 58 57
f 37 59 58
f 38 60 59
f 39 61 60
f 40 62 61
f 41 63 62
f 42 65 63
f 64 67 65
f 34 46 70
f 53 52 71
f 52 51 71
f 51 55 71
f 44 71 55
f 54 71 56
f 29 56 71
f 29 71 30
f 30 71 31
f 31 71 68
f 53 71 54
f 44 45 71
f 45 47 71
f 47 48 71
f 48 49 71
f 49 50 71
f 50 57 71
f 57 58 71
f 58 59 71
f 59 60 71
f 60 61 71
f 61 62 71
f 62 63 71
f 63 65 71
f 65 67 71
f 28 69 46
f 46 69 70
f 10 72 69
f 5 73 6
f 5 7 73
f 6 74 2
f 3 75 7
f 74 76 2
f 73 74 6
f 73 7 77
f 73 77 74
f 7 78 77
f 7 75 78
f 79 9 76
f 74 77 80
f 74 80 76
f 78 81 77
f 3 82 75
f 75 83 84
f 75 85 86
f 75 84 85
f 75 86 87
f 75 87 88
f 75 88 89
f 75 90 91
f 75 92 83
f 75 91 92
f 75 93 94
f 75 94 90
f 75 95 93
f 96 97 76
f 79 76 97
f 98 96 76
f 98 76 99
f 100 99 76
f 100 76 101
f 101 76 102
f 102 76 103
f 103 76 104
f 104 76 105
f 105 76 106
f 106 76 107
f 107 76 108
f 108 76 109
f 109 76 110
f 110 76 111
f 75 89 112
f 111 76 113
f 10 114 115
f 10 115 72
f 10 116 114
f 69 72 117
f 78 118 81
f 119 120 76
f 119 76 121
f 77 81 80
f 78 75 122
f 121 76 123
f 120 113 76
f 115 114 72
f 114 118 72
f 72 118 117
f 114 80 118
f 114 116 80
f 80 81 118
f 78 122 118
f 124 125 126
f 125 127 126
f 128 129 130
f 128 130 131
f 128 131 132
f 125 119 127
f 126 127 133
f 125 128 120
f 126 133 121
f 127 119 133
f 125 120 119
f 119 121 133
f 128 134 120
f 120 135 136
f 120 137 135
f 120 138 137
f 128 139 140
f 128 140 141
f 128 142 139
f 128 143 144
f 128 145 143
f 128 146 142
f 128 144 146
f 128 147 129
f 128 148 147
f 128 149 148
f 128 141 149
f 147 150 129
f 140 151 141
f 139 142 152
f 140 139 153
f 147 148 154
f 144 155 146
f 143 145 156
f 144 143 157
f 155 158 159
f 146 160 161
f 155 160 146
f 159 162 160
f 155 159 160
f 159 163 162
f 160 162 164
f 162 163 165
f 162 165 166
f 165 167 168
f 167 169 170
f 159 171 163
f 163 172 173
f 165 163 173
f 173 174 175
f 165 173 167
f 167 175 169
f 167 173 175
f 175 176 169
f 169 176 177
f 175 178 176
f 176 179 180
f 176 180 177
f 180 181 182
f 180 183 181
f 147 184 150
f 129 150 185
f 129 136 186
f 140 187 151
f 141 188 149
f 141 151 189
f 139 190 153
f 142 191 152
f 139 152 192
f 140 153 193
f 148 194 154
f 148 149 195
f 147 154 196
f 120 187 190
f 120 188 187
f 120 190 191
f 120 197 198
f 120 198 199
f 120 191 197
f 147 196 184
f 129 185 136
f 150 184 185
f 120 136 184
f 120 184 194
f 120 194 188
f 184 136 185
f 140 193 187
f 141 189 188
f 151 187 189
f 139 192 190
f 152 191 192
f 153 190 193
f 148 195 194
f 154 194 196
f 149 188 195
f 187 188 189
f 190 192 191
f 187 193 190
f 188 194 195
f 184 196 194
f 144 197 155
f 155 200 158
f 143 198 157
f 145 199 156
f 143 156 201
f 144 157 202
f 158 203 159
f 159 204 171
f 142 146 205
f 146 161 206
f 161 160 207
f 160 164 208
f 164 162 209
f 162 166 210
f 166 165 211
f 165 168 212
f 168 167 213
f 167 170 214
f 171 215 163
f 163 216 172
f 172 217 173
f 173 218 174
f 174 219 175
f 175 220 178
f 170 169 221
f 178 222 176
f 176 223 179
f 179 224 180
f 180 225 183
f 183 226 181
f 155 197 200
f 191 205 197
f 197 205 200
f 143 201 198
f 156 199 201
f 144 202 197
f 157 198 202
f 158 200 203
f 159 203 204
f 171 204 215
f 198 201 199
f 197 202 198
f 200 204 203
f 142 205 191
f 146 206 205
f 161 207 206
f 160 208 207
f 164 209 208
f 162 210 209
f 166 211 210
f 165 212 211
f 168 213 212
f 167 214 213
f 170 221 214
f 205 206 207
f 200 205 207
f 204 207 209
f 200 207 204
f 204 209 216
f 207 208 209
f 209 211 216
f 209 210 211
f 211 212 213
f 213 214 221
f 163 215 216
f 172 216 217
f 173 217 218
f 174 218 219
f 175 219 220
f 178 220 222
f 169 227 221
f 176 222 223
f 179 223 224
f 180 224 225
f 183 225 226
f 181 226 228
f 204 216 215
f 216 218 217
f 211 218 216
f 218 220 219
f 211 213 218
f 213 221 220
f 213 220 218
f 220 221 223
f 221 229 223
f 220 223 222
f 223 225 224
f 223 229 225
f 225 230 228
f 225 228 226
f 231 232 124
f 124 232 125
f 125 232 128
f 128 232 145
f 233 234 235
f 233 236 234
f 234 236 237
f 236 238 237
f 234 237 239
f 237 240 241
f 240 242 243
f 238 240 237
f 240 244 242
f 238 244 240
f 242 244 245
f 242 246 247
f 242 245 246
f 181 248 249
f 246 250 251
f 246 252 250
f 250 253 254
f 238 255 244
f 256 257 258
f 244 259 245
f 246 245 252
f 245 260 252
f 252 261 262
f 257 263 264
f 263 265 266
f 265 267 268
f 250 262 253
f 250 252 262
f 253 262 269
f 253 269 270
f 269 262 271
f 262 272 271
f 269 271 273
f 271 274 273
f 273 275 276
f 269 277 278
f 269 273 277
f 277 279 280
f 279 281 282
f 273 276 277
f 277 276 279
f 279 276 281
f 281 276 283
f 281 283 284
f 276 285 283
f 283 286 284
f 283 287 286
f 286 288 289
f 145 233 290
f 233 235 291
f 235 234 292
f 236 293 238
f 234 239 294
f 239 237 295
f 237 241 296
f 241 240 297
f 240 243 298
f 243 242 299
f 242 247 300
f 181 228 248
f 248 301 249
f 247 246 302
f 246 251 303
f 251 250 304
f 250 254 305
f 254 253 306
f 253 270 307
f 145 290 199
f 233 291 290
f 235 292 291
f 290 291 292
f 234 294 292
f 238 293 308
f 239 295 294
f 237 296 295
f 241 297 296
f 240 298 297
f 243 299 298
f 242 300 299
f 290 292 293
f 292 295 293
f 293 295 308
f 292 294 295
f 295 296 297
f 297 298 299
f 308 295 297
f 308 297 299
f 308 299 309
f 299 310 309
f 299 300 302
f 299 302 310
f 228 301 248
f 228 311 301
f 247 302 300
f 246 303 302
f 251 304 303
f 250 305 304
f 254 306 305
f 253 307 306
f 302 303 304
f 302 304 310
f 304 305 306
f 238 308 255
f 255 312 244
f 236 256 313
f 256 258 314
f 244 309 259
f 259 315 245
f 245 310 260
f 260 316 252
f 252 317 261
f 261 318 262
f 258 257 319
f 257 264 320
f 264 263 321
f 263 266 322
f 266 265 323
f 265 268 324
f 270 269 325
f 262 326 272
f 272 327 271
f 271 328 274
f 274 329 273
f 273 330 275
f 269 278 331
f 278 277 332
f 277 280 333
f 280 279 334
f 279 282 335
f 282 281 336
f 275 337 276
f 276 338 285
f 285 339 283
f 283 340 287
f 287 341 286
f 286 342 288
f 288 343 289
f 236 313 293
f 255 308 312
f 256 314 313
f 258 319 314
f 244 312 309
f 259 309 315
f 245 315 310
f 260 310 316
f 252 316 317
f 261 317 318
f 308 309 312
f 313 314 319
f 309 310 315
f 304 317 310
f 310 317 316
f 317 326 318
f 257 320 319
f 264 321 320
f 263 322 321
f 266 323 322
f 265 324 323
f 268 344 324
f 319 320 321
f 321 322 323
f 323 324 344
f 270 325 307
f 262 318 326
f 272 326 327
f 271 327 328
f 274 328 329
f 273 329 330
f 275 330 337
f 269 331 325
f 278 332 331
f 277 333 332
f 280 334 333
f 279 335 334
f 282 336 335
f 281 345 336
f 304 306 317
f 306 326 317
f 306 325 326
f 306 307 325
f 325 328 326
f 325 332 328
f 326 328 327
f 328 332 330
f 328 330 329
f 330 338 337
f 325 331 332
f 332 333 334
f 334 335 336
f 330 332 334
f 330 334 338
f 334 336 338
f 336 346 338
f 338 346 340
f 276 337 338
f 285 338 339
f 283 339 340
f 287 340 341
f 286 341 342
f 288 342 343
f 338 340 339
f 340 342 341
f 342 347 343
f 128 348 349
f 128 349 350
f 128 132 348
f 128 350 351
f 132 131 352
f 132 353 348
f 348 354 349
f 128 351 355
f 128 355 356
f 128 356 357
f 350 358 359
f 359 360 361
f 350 359 351
f 359 361 351
f 361 362 363
f 361 363 364
f 361 364 351
f 364 363 365
f 364 366 367
f 364 365 366
f 366 368 369
f 366 369 370
f 369 371 372
f 355 373 374
f 132 138 353
f 132 352 375
f 128 357 134
f 348 376 354
f 348 353 377
f 349 354 378
f 349 379 350
f 132 375 138
f 120 134 376
f 120 376 138
f 138 375 137
f 353 138 377
f 348 377 376
f 354 376 378
f 349 378 379
f 350 379 380
f 134 379 376
f 138 376 377
f 376 379 378
f 134 380 379
f 350 380 358
f 358 381 359
f 359 382 360
f 360 383 361
f 361 384 362
f 351 364 385
f 364 367 386
f 367 366 387
f 351 388 355
f 366 370 389
f 370 369 390
f 369 372 391
f 372 371 392
f 355 393 373
f 373 394 374
f 358 380 381
f 359 381 382
f 360 382 383
f 361 383 384
f 384 395 362
f 351 385 388
f 364 386 385
f 367 387 386
f 134 387 380
f 134 388 385
f 134 385 387
f 380 382 381
f 382 384 383
f 380 387 382
f 384 396 395
f 382 387 384
f 134 397 388
f 384 387 396
f 387 398 396
f 385 386 387
f 387 390 399
f 134 357 397
f 355 388 393
f 366 389 387
f 370 390 389
f 369 391 390
f 372 392 391
f 373 393 394
f 387 389 390
f 390 391 392
f 388 397 393
f 393 397 400
f 393 400 394
f 80 401 76
f 231 124 402
f 124 126 403
f 355 374 356
f 356 404 405
f 356 374 404
f 374 406 407
f 374 407 404
f 404 408 409
f 404 407 408
f 407 410 408
f 404 409 411
f 409 412 413
f 408 414 409
f 408 415 414
f 409 414 412
f 414 416 417
f 412 414 417
f 412 418 419
f 412 420 418
f 412 417 420
f 418 421 422
f 418 423 421
f 421 424 425
f 126 121 403
f 357 356 400
f 356 405 426
f 374 427 406
f 406 428 407
f 405 404 429
f 407 430 410
f 410 431 408
f 408 432 415
f 404 411 433
f 411 409 434
f 409 413 435
f 415 436 414
f 413 412 437
f 414 438 416
f 412 419 439
f 419 418 440
f 418 422 441
f 422 421 442
f 357 400 397
f 394 427 374
f 356 426 400
f 406 427 428
f 405 429 426
f 404 433 429
f 407 428 430
f 410 430 431
f 408 431 432
f 415 432 436
f 394 400 427
f 400 426 427
f 427 429 428
f 427 426 429
f 428 429 430
f 429 433 430
f 430 433 431
f 431 433 432
f 411 434 433
f 409 435 434
f 413 437 435
f 414 436 438
f 438 443 416
f 412 439 437
f 419 440 439
f 418 441 440
f 422 442 441
f 432 433 434
f 432 434 436
f 436 434 438
f 434 435 438
f 437 439 438
f 435 437 438
f 438 439 443
f 439 444 443
f 439 440 444
f 440 445 444
f 441 442 446
f 440 441 446
f 421 425 447
f 425 424 448
f 421 447 442
f 425 448 447
f 186 449 130
f 129 186 130
f 186 450 451
f 186 451 449
f 451 452 449
f 451 453 452
f 130 454 131
f 449 452 455
f 452 453 456
f 452 456 457
f 456 453 458
f 456 458 459
f 456 459 460
f 459 461 462
f 451 463 453
f 453 464 458
f 459 458 465
f 458 466 465
f 459 465 461
f 465 467 461
f 465 468 467
f 467 469 470
f 467 471 461
f 461 471 472
f 467 470 471
f 471 470 473
f 471 473 474
f 473 475 476
f 473 470 477
f 470 478 477
f 477 479 480
f 473 477 475
f 477 480 475
f 475 481 482
f 475 480 481
f 481 480 483
f 481 483 484
f 481 484 485
f 484 486 487
f 484 487 488
f 169 177 489
f 180 182 177
f 177 182 490
f 182 491 492
f 181 491 182
f 181 249 491
f 491 493 494
f 491 249 493
f 493 495 496
f 493 496 497
f 496 498 499
f 480 500 483
f 484 483 486
f 483 501 486
f 486 502 503
f 486 503 487
f 503 504 487
f 503 505 504
f 503 506 505
f 363 507 365
f 365 508 368
f 366 365 368
f 369 368 509
f 368 510 509
f 509 511 512
f 487 504 513
f 369 509 371
f 509 512 371
f 371 514 515
f 512 514 371
f 514 516 517
f 512 518 519
f 512 519 514
f 519 520 516
f 514 519 516
f 514 517 521
f 517 522 523
f 516 522 517
f 522 524 525
f 516 524 522
f 525 524 526
f 522 525 527
f 525 526 528
f 516 529 524
f 524 530 526
f 526 531 532
f 526 532 528
f 532 533 528
f 532 534 533
f 504 505 535
f 504 535 536
f 535 537 538
f 535 539 537
f 505 540 539
f 535 505 539
f 539 541 542
f 537 539 542
f 537 542 543
f 542 544 543
f 537 543 545
f 543 544 546
f 543 546 547
f 546 544 548
f 546 549 550
f 546 548 549
f 542 551 544
f 544 552 548
f 548 553 554
f 549 548 554
f 549 554 555
f 554 556 557
f 554 557 555
f 557 558 559
f 549 555 560
f 555 561 562
f 557 561 555
f 557 559 561
f 559 563 561
f 561 563 564
f 563 565 566
f 559 565 563
f 559 567 565
f 565 568 566
f 565 569 568
f 563 566 570
f 566 571 572
f 568 571 566
f 568 573 571
f 571 573 574
f 571 574 575
f 574 576 577
f 186 578 450
f 450 579 451
f 451 580 463
f 130 135 454
f 131 137 352
f 131 454 581
f 130 449 582
f 449 455 583
f 455 452 584
f 452 457 585
f 457 456 586
f 456 460 587
f 460 459 588
f 459 462 589
f 463 590 453
f 453 591 464
f 464 592 458
f 458 593 466
f 466 594 465
f 465 595 468
f 468 596 467
f 467 597 469
f 469 598 470
f 462 461 599
f 461 472 600
f 472 471 601
f 471 474 602
f 474 473 603
f 473 476 604
f 470 605 478
f 478 606 477
f 477 607 479
f 476 475 608
f 475 482 609
f 482 481 610
f 481 485 611
f 485 484 612
f 484 488 613
f 136 578 186
f 450 578 579
f 451 579 580
f 454 135 581
f 130 582 135
f 131 581 137
f 449 583 582
f 455 584 583
f 452 585 584
f 352 137 375
f 457 586 585
f 456 587 586
f 460 588 587
f 459 589 588
f 136 135 582
f 136 582 578
f 578 580 579
f 578 582 580
f 580 582 584
f 580 584 591
f 135 137 581
f 582 583 584
f 584 586 591
f 584 585 586
f 586 593 591
f 586 588 593
f 586 587 588
f 588 589 599
f 463 580 590
f 453 590 591
f 464 591 592
f 458 592 593
f 466 593 594
f 465 594 595
f 468 595 596
f 467 596 597
f 469 597 598
f 470 598 605
f 580 591 590
f 591 593 592
f 593 595 594
f 588 599 593
f 593 599 595
f 595 601 597
f 595 597 596
f 597 605 598
f 462 599 589
f 461 600 599
f 472 601 600
f 471 602 601
f 474 603 602
f 473 604 603
f 478 605 606
f 477 606 607
f 479 607 614
f 476 608 604
f 475 609 608
f 482 610 609
f 481 611 610
f 485 612 611
f 484 613 612
f 595 599 601
f 599 600 601
f 597 601 605
f 601 603 605
f 601 602 603
f 603 604 608
f 603 607 605
f 605 607 606
f 607 615 614
f 603 608 607
f 607 608 615
f 608 609 610
f 608 610 615
f 610 616 615
f 610 612 616
f 610 611 612
f 612 617 618
f 612 613 617
f 169 489 227
f 489 177 229
f 177 490 619
f 490 182 230
f 182 492 620
f 492 491 621
f 491 494 622
f 494 493 623
f 493 497 624
f 497 496 625
f 496 499 626
f 499 498 627
f 498 628 629
f 479 614 480
f 480 615 500
f 500 630 483
f 483 616 501
f 501 631 486
f 486 618 502
f 502 632 503
f 503 633 506
f 506 634 505
f 489 229 227
f 177 619 229
f 490 230 619
f 182 620 230
f 492 621 620
f 491 622 621
f 494 623 622
f 493 624 623
f 497 625 624
f 496 626 625
f 499 627 626
f 498 629 627
f 221 227 229
f 225 229 230
f 229 619 230
f 230 620 621
f 228 230 621
f 228 621 311
f 621 622 623
f 621 623 311
f 623 625 635
f 623 624 625
f 625 626 627
f 480 614 615
f 500 615 630
f 483 630 616
f 501 616 631
f 486 631 618
f 502 618 632
f 503 632 633
f 506 633 634
f 505 634 636
f 615 616 630
f 612 618 616
f 616 618 631
f 618 633 632
f 618 617 633
f 633 617 637
f 633 637 636
f 633 636 634
f 362 395 363
f 363 396 507
f 507 638 365
f 365 398 508
f 508 639 368
f 368 399 510
f 510 640 509
f 509 641 511
f 511 642 512
f 512 643 518
f 488 487 617
f 487 513 644
f 513 504 637
f 371 515 645
f 515 514 646
f 518 647 519
f 519 648 520
f 520 649 516
f 516 650 529
f 514 521 651
f 521 517 652
f 517 523 653
f 523 522 654
f 522 527 655
f 527 525 656
f 529 657 524
f 524 658 530
f 530 659 526
f 526 660 531
f 531 661 532
f 532 662 534
f 534 663 533
f 533 664 665
f 363 395 396
f 507 396 638
f 365 638 398
f 508 398 639
f 368 639 399
f 510 399 640
f 509 640 641
f 511 641 642
f 512 642 643
f 518 643 647
f 396 398 638
f 398 399 639
f 387 399 398
f 390 641 399
f 399 641 640
f 641 643 642
f 488 617 613
f 487 644 617
f 513 637 644
f 617 644 637
f 371 645 392
f 515 646 645
f 519 647 648
f 520 648 649
f 516 649 650
f 514 651 646
f 521 652 651
f 517 653 652
f 523 654 653
f 522 655 654
f 527 656 655
f 525 666 656
f 390 392 641
f 641 392 643
f 392 645 646
f 643 392 646
f 646 652 648
f 643 648 647
f 643 646 648
f 648 650 649
f 648 652 650
f 646 651 652
f 652 653 654
f 650 652 654
f 654 656 658
f 650 654 658
f 656 660 658
f 654 655 656
f 656 667 660
f 529 650 657
f 524 657 658
f 530 658 659
f 526 659 660
f 531 660 661
f 532 661 662
f 534 662 663
f 533 663 664
f 665 664 668
f 650 658 657
f 658 660 659
f 660 662 661
f 660 667 662
f 662 669 664
f 662 664 663
f 504 536 670
f 536 535 671
f 535 538 672
f 538 537 673
f 505 636 540
f 540 674 539
f 539 675 541
f 541 676 542
f 542 677 551
f 537 545 678
f 545 543 679
f 543 547 680
f 547 546 681
f 546 550 682
f 550 549 683
f 551 684 544
f 544 685 552
f 552 686 548
f 548 687 553
f 553 688 554
f 554 689 556
f 556 690 557
f 557 691 558
f 558 692 559
f 559 693 567
f 549 560 694
f 560 555 695
f 555 562 696
f 562 561 697
f 561 564 698
f 564 563 699
f 567 700 565
f 565 701 569
f 569 702 568
f 563 570 703
f 570 566 704
f 566 572 705
f 572 571 706
f 571 575 707
f 575 574 708
f 504 670 637
f 536 671 670
f 535 672 671
f 538 673 672
f 540 636 674
f 539 674 675
f 541 675 676
f 542 676 677
f 537 678 673
f 545 679 678
f 543 680 679
f 547 681 680
f 546 682 681
f 550 683 682
f 637 671 636
f 637 670 671
f 671 672 673
f 671 673 675
f 636 675 674
f 671 675 636
f 675 677 676
f 673 677 675
f 673 679 677
f 677 679 685
f 673 678 679
f 679 681 685
f 679 680 681
f 681 687 685
f 681 682 683
f 681 683 687
f 551 677 684
f 544 684 685
f 552 685 686
f 548 686 687
f 553 687 688
f 554 688 689
f 556 689 690
f 557 690 691
f 558 691 692
f 559 692 693
f 567 693 700
f 677 685 684
f 685 687 686
f 687 689 688
f 683 689 687
f 683 695 689
f 689 691 690
f 689 695 691
f 691 693 692
f 549 694 683
f 560 695 694
f 555 696 695
f 562 697 696
f 683 694 695
f 695 696 697
f 561 698 697
f 564 699 698
f 563 703 699
f 565 700 701
f 569 701 702
f 568 702 709
f 570 704 703
f 566 705 704
f 572 706 705
f 571 707 706
f 575 708 707
f 574 710 708
f 691 695 697
f 691 697 693
f 693 697 699
f 697 698 699
f 699 704 701
f 693 699 701
f 693 701 700
f 701 704 709
f 701 709 702
f 699 703 704
f 704 705 706
f 709 704 706
f 709 706 711
f 706 708 711
f 706 707 708
f 708 712 713
f 249 714 495
f 493 249 495
f 496 495 715
f 495 716 715
f 715 717 718
f 496 715 498
f 498 715 718
f 498 718 719
f 498 720 628
f 498 719 720
f 719 721 720
f 718 722 719
f 719 723 721
f 719 724 723
f 723 725 726
f 720 721 727
f 721 728 729
f 723 728 721
f 728 726 730
f 723 726 728
f 730 726 731
f 728 730 732
f 730 731 733
f 730 733 734
f 733 735 736
f 735 737 738
f 726 739 731
f 733 731 740
f 731 741 740
f 740 742 743
f 733 740 735
f 735 743 737
f 735 740 743
f 737 743 744
f 743 745 744
f 744 746 747
f 737 744 747
f 737 747 748
f 747 749 748
f 281 284 750
f 284 751 752
f 751 753 754
f 286 289 284
f 284 289 751
f 751 289 755
f 751 755 753
f 753 756 757
f 753 755 756
f 289 758 755
f 755 759 760
f 755 760 756
f 760 761 762
f 756 763 764
f 760 763 756
f 763 765 766
f 760 762 763
f 763 767 765
f 763 762 767
f 765 768 769
f 765 767 770
f 765 770 768
f 768 770 771
f 768 771 772
f 771 773 774
f 737 775 776
f 775 777 778
f 777 779 780
f 737 748 781
f 737 781 782
f 737 782 783
f 779 784 785
f 737 786 775
f 784 787 788
f 775 786 777
f 787 789 790
f 568 791 573
f 573 792 793
f 574 573 793
f 793 794 576
f 574 793 576
f 576 795 796
f 748 797 781
f 781 798 782
f 737 783 799
f 737 799 800
f 782 801 783
f 737 800 802
f 777 786 779
f 737 802 803
f 737 803 804
f 779 786 784
f 789 805 806
f 784 786 787
f 783 807 799
f 799 808 800
f 737 804 786
f 800 809 802
f 805 810 811
f 787 786 789
f 789 786 805
f 810 812 813
f 812 814 815
f 805 786 810
f 802 816 803
f 810 786 812
f 812 786 814
f 814 817 818
f 814 786 817
f 817 786 819
f 817 819 820
f 819 821 822
f 803 823 804
f 804 824 786
f 819 786 825
f 786 826 825
f 819 825 821
f 825 827 821
f 821 827 828
f 825 829 827
f 827 830 831
f 827 831 828
f 831 832 833
f 249 311 714
f 714 834 495
f 495 635 716
f 716 835 715
f 715 836 717
f 717 837 718
f 718 838 722
f 722 839 719
f 719 840 724
f 724 841 723
f 723 842 725
f 725 843 726
f 628 720 844
f 720 727 845
f 727 721 846
f 721 729 847
f 729 728 848
f 728 732 849
f 732 730 850
f 730 734 851
f 734 733 852
f 733 736 853
f 736 735 854
f 735 738 855
f 726 856 739
f 739 857 731
f 731 858 741
f 741 859 740
f 740 860 742
f 742 861 743
f 738 737 862
f 743 863 745
f 745 864 744
f 744 865 746
f 746 866 747
f 747 867 749
f 749 868 748
f 301 311 249
f 714 311 834
f 495 834 635
f 716 635 835
f 715 835 836
f 717 836 837
f 718 837 838
f 722 838 839
f 719 839 840
f 724 840 841
f 723 841 842
f 311 635 834
f 623 635 311
f 625 836 635
f 635 836 835
f 836 838 837
f 625 627 836
f 627 838 836
f 627 840 838
f 627 629 844
f 627 844 840
f 840 844 846
f 838 840 839
f 840 846 842
f 840 842 841
f 725 842 843
f 726 843 856
f 842 856 843
f 628 844 629
f 720 845 844
f 727 846 845
f 721 847 846
f 729 848 847
f 728 849 848
f 732 850 849
f 730 851 850
f 734 852 851
f 733 853 852
f 736 854 853
f 735 855 854
f 738 862 855
f 844 845 846
f 846 847 848
f 842 846 848
f 848 850 856
f 842 848 856
f 850 858 856
f 848 849 850
f 850 852 858
f 850 851 852
f 852 853 854
f 854 855 862
f 739 856 857
f 731 857 858
f 741 858 859
f 740 859 860
f 742 860 861
f 743 861 863
f 737 869 862
f 745 863 864
f 744 864 865
f 746 865 866
f 747 866 867
f 749 867 868
f 748 868 870
f 856 858 857
f 852 860 858
f 858 860 859
f 860 863 861
f 852 854 860
f 854 862 863
f 854 863 860
f 862 865 863
f 862 871 867
f 863 865 864
f 865 867 866
f 862 867 865
f 867 870 868
f 281 750 345
f 750 284 346
f 284 752 872
f 752 751 873
f 751 754 874
f 754 753 875
f 753 757 876
f 289 347 758
f 758 877 755
f 755 878 759
f 759 879 760
f 760 880 761
f 761 881 762
f 757 756 882
f 756 764 883
f 764 763 884
f 763 766 885
f 766 765 886
f 765 769 887
f 762 888 889
f 769 768 890
f 768 772 891
f 772 771 892
f 771 774 893
f 774 773 894
f 773 895 896
f 750 346 345
f 284 872 346
f 752 873 872
f 751 874 873
f 754 875 874
f 336 345 346
f 340 346 873
f 346 872 873
f 873 874 875
f 343 347 289
f 753 876 875
f 758 347 877
f 755 877 878
f 759 878 879
f 760 879 880
f 761 880 881
f 762 881 888
f 757 882 876
f 756 883 882
f 764 884 883
f 763 885 884
f 766 886 885
f 765 887 886
f 342 873 347
f 340 873 342
f 873 875 347
f 347 875 878
f 875 876 882
f 875 882 878
f 878 882 884
f 347 878 877
f 878 880 879
f 878 884 880
f 880 888 881
f 882 883 884
f 884 885 886
f 880 886 888
f 880 884 886
f 886 897 888
f 886 890 897
f 886 887 890
f 890 898 897
f 890 892 898
f 769 890 887
f 768 891 890
f 772 892 891
f 771 893 892
f 774 894 893
f 773 896 894
f 890 891 892
f 892 894 898
f 892 893 894
f 737 776 869
f 776 775 871
f 775 778 899
f 778 777 900
f 777 780 901
f 780 779 902
f 779 785 903
f 785 784 904
f 784 788 905
f 788 787 906
f 787 790 907
f 790 789 908
f 789 806 909
f 568 709 791
f 791 910 573
f 573 711 792
f 792 911 793
f 793 912 794
f 794 913 576
f 576 713 795
f 795 914 796
f 796 915 916
f 776 871 869
f 775 899 871
f 778 900 899
f 777 901 900
f 780 902 901
f 779 903 902
f 785 904 903
f 784 905 904
f 788 906 905
f 787 907 906
f 790 908 907
f 789 909 908
f 862 869 871
f 867 871 900
f 871 899 900
f 900 901 902
f 867 900 870
f 900 902 870
f 870 902 917
f 902 903 904
f 902 904 917
f 904 905 906
f 904 906 918
f 906 907 908
f 709 910 791
f 573 910 711
f 792 711 911
f 793 911 912
f 794 912 913
f 576 913 713
f 795 713 914
f 796 914 915
f 916 915 919
f 709 711 910
f 711 912 911
f 708 912 711
f 912 713 913
f 708 713 912
f 713 915 914
f 748 870 797
f 797 920 781
f 781 917 798
f 798 921 782
f 782 918 801
f 801 922 783
f 783 923 807
f 806 805 924
f 807 925 799
f 799 926 808
f 808 927 800
f 800 928 809
f 809 929 802
f 802 930 816
f 805 811 931
f 811 810 932
f 810 813 933
f 813 812 934
f 812 815 935
f 815 814 936
f 814 818 937
f 818 817 938
f 817 820 939
f 820 819 940
f 819 822 941
f 822 821 942
f 816 943 803
f 803 944 823
f 823 945 804
f 804 946 824
f 824 947 786
f 786 948 826
f 826 949 825
f 825 950 829
f 829 951 827
f 827 952 830
f 830 953 831
f 831 954 832
f 832 955 833
f 797 870 920
f 781 920 917
f 798 917 921
f 782 921 918
f 801 918 922
f 783 922 923
f 807 923 925
f 806 924 909
f 799 925 926
f 808 926 927
f 800 927 928
f 809 928 929
f 802 929 930
f 816 930 943
f 870 917 920
f 917 918 921
f 904 918 917
f 918 923 922
f 906 923 918
f 906 908 923
f 908 926 923
f 908 924 926
f 908 909 924
f 924 928 926
f 924 932 928
f 923 926 925
f 926 928 927
f 928 932 930
f 928 930 929
f 805 931 924
f 811 932 931
f 810 933 932
f 813 934 933
f 812 935 934
f 815 936 935
f 814 937 936
f 818 938 937
f 817 939 938
f 820 940 939
f 819 941 940
f 822 942 941
f 924 931 932
f 932 933 934
f 934 935 936
f 930 932 934
f 930 944 943
f 930 934 944
f 934 936 944
f 936 946 944
f 936 938 946
f 936 937 938
f 938 940 948
f 938 939 940
f 940 941 942
f 803 943 944
f 823 944 945
f 804 945 946
f 824 946 947
f 786 947 948
f 826 948 949
f 825 949 950
f 829 950 951
f 827 951 952
f 830 952 953
f 831 953 954
f 832 954 955
f 944 946 945
f 938 948 946
f 946 948 947
f 940 950 948
f 948 950 949
f 940 942 950
f 950 942 952
f 942 956 952
f 950 952 951
f 952 954 953
f 952 956 954
f 954 957 955
f 525 528 958
f 528 959 960
f 533 959 528
f 533 961 959
f 533 962 961
f 959 961 963
f 961 964 965
f 961 962 964
f 533 665 962
f 964 962 966
f 962 967 966
f 966 968 969
f 964 966 970
f 966 969 970
f 970 969 971
f 964 970 972
f 970 973 974
f 970 971 975
f 973 976 977
f 970 978 973
f 417 979 420
f 418 420 423
f 421 423 980
f 420 981 423
f 423 982 980
f 976 983 984
f 983 985 986
f 969 987 971
f 970 975 988
f 971 989 975
f 975 990 988
f 970 988 991
f 973 978 976
f 970 991 978
f 988 992 991
f 574 577 993
f 577 994 995
f 976 978 983
f 983 978 985
f 985 978 996
f 985 996 997
f 996 998 999
f 991 1000 978
f 978 1001 1002
f 996 978 1002
f 996 1002 1003
f 996 1003 1004
f 998 1005 1006
f 996 1007 998
f 998 1007 1005
f 996 1004 1007
f 1005 1008 1009
f 1008 1010 1011
f 1005 1012 1008
f 1002 1013 1003
f 1003 1014 1004
f 1004 1015 1007
f 1005 1007 1016
f 1008 1012 1010
f 1005 1016 1012
f 1007 1017 1016
f 1016 1018 1012
f 421 980 424
f 424 1019 1020
f 424 980 1021
f 424 1022 1019
f 424 1021 1022
f 1019 1023 1024
f 1019 1025 1023
f 980 1026 1021
f 1021 1027 1022
f 1019 1022 1025
f 1022 1028 1025
f 1023 1025 1029
f 1023 1030 1031
f 1023 1029 1030
f 1030 1032 1033
f 1030 1029 1034
f 1030 1035 1032
f 1032 1036 1037
f 1036 1038 1039
f 1025 1040 1029
f 1029 1041 1034
f 1030 1034 1035
f 1034 1042 1035
f 1032 1043 1036
f 1032 1035 1043
f 1036 1043 1044
f 1035 1045 1043
f 1043 1046 1044
f 1036 1047 1038
f 1038 1047 1048
f 1036 1044 1047
f 1047 1049 1050
f 1047 1051 1049
f 1047 1044 1052
f 1044 1053 1052
f 1047 1052 1054
f 1049 1051 1055
f 1047 1054 1056
f 1047 1057 1051
f 1051 1058 1059
f 1051 1060 1058
f 1058 1060 1061
f 1010 1062 1063
f 1062 1064 1065
f 1010 1066 1062
f 1010 1012 1067
f 1062 1066 1064
f 1064 1068 1069
f 1070 1071 1072
f 1069 1068 1070
f 1010 1067 1066
f 1012 1073 1067
f 1067 1074 1066
f 1064 1066 1068
f 1070 1068 1075
f 1071 1076 1077
f 1070 1078 1071
f 1076 1079 1080
f 1070 1075 1078
f 1071 1081 1076
f 1079 1082 1083
f 1076 1084 1079
f 1052 1085 1054
f 1054 1086 1056
f 1056 1087 1088
f 1051 1057 1060
f 1047 1089 1057
f 1047 1056 1090
f 1060 1057 1091
f 1047 1090 1089
f 1056 1088 1090
f 1057 1089 1092
f 1082 1093 1094
f 1088 1095 1096
f 1088 1096 1090
f 1089 1090 1097
f 1096 1098 1099
f 1096 1099 1090
f 1099 1100 1090
f 525 958 666
f 958 528 667
f 528 960 1101
f 960 959 669
f 959 963 1102
f 963 961 1103
f 961 965 1104
f 965 964 1105
f 665 668 962
f 962 1106 967
f 967 1107 966
f 966 1108 968
f 964 972 1109
f 972 970 1110
f 970 974 1111
f 974 973 1112
f 973 977 1113
f 977 976 1114
f 416 443 417
f 417 444 979
f 979 445 420
f 420 446 981
f 981 1115 423
f 423 1116 982
f 982 1117 980
f 976 984 1118
f 984 983 1119
f 983 986 1120
f 986 985 1121
f 958 667 666
f 528 1101 667
f 960 669 1101
f 959 1102 669
f 656 666 667
f 667 1101 669
f 963 1103 1102
f 961 1104 1103
f 965 1105 1104
f 964 1109 1105
f 668 1106 962
f 967 1106 1107
f 966 1107 1108
f 968 1108 1122
f 972 1110 1109
f 970 1111 1110
f 974 1112 1111
f 973 1113 1112
f 977 1114 1113
f 976 1118 1114
f 662 667 669
f 664 669 1103
f 664 1103 1106
f 669 1102 1103
f 1103 1104 1105
f 1103 1105 1106
f 664 1106 668
f 1105 1108 1106
f 1106 1108 1107
f 1108 1123 1122
f 1105 1110 1108
f 1108 1110 1123
f 1110 1124 1123
f 1105 1109 1110
f 1110 1111 1112
f 1110 1112 1124
f 1112 1113 1114
f 1112 1114 1124
f 1114 1119 1125
f 417 443 444
f 979 444 445
f 420 445 446
f 981 446 1115
f 423 1115 1116
f 982 1116 1117
f 440 446 445
f 442 1116 1115
f 442 1115 446
f 1116 1126 1117
f 984 1119 1118
f 983 1120 1119
f 986 1121 1120
f 1114 1118 1119
f 1119 1120 1121
f 968 1122 969
f 969 1123 987
f 987 1127 971
f 971 1124 989
f 989 1128 975
f 975 1125 990
f 990 1129 988
f 988 1130 992
f 992 1131 991
f 991 1132 1000
f 574 993 710
f 993 577 712
f 577 995 1133
f 995 994 1134
f 994 1135 1136
f 985 997 1137
f 997 996 1138
f 996 999 1139
f 1000 1140 978
f 978 1141 1001
f 1001 1142 1002
f 1002 1143 1013
f 999 998 1144
f 998 1006 1145
f 1006 1005 1146
f 1005 1009 1147
f 1009 1008 1148
f 1008 1011 1149
f 1011 1010 1150
f 1013 1151 1003
f 1003 1152 1014
f 1014 1153 1004
f 1004 1154 1015
f 1015 1155 1007
f 1007 1156 1017
f 1017 1157 1016
f 1016 1158 1018
f 1018 1159 1012
f 969 1122 1123
f 987 1123 1127
f 971 1127 1124
f 989 1124 1128
f 975 1128 1125
f 990 1125 1129
f 988 1129 1130
f 992 1130 1131
f 991 1131 1132
f 1000 1132 1140
f 1123 1124 1127
f 1114 1125 1124
f 1124 1125 1128
f 1125 1130 1129
f 1119 1130 1125
f 1130 1121 1132
f 1130 1132 1131
f 993 712 710
f 577 1133 712
f 995 1134 1133
f 994 1136 1134
f 708 710 712
f 712 1133 1134
f 985 1137 1121
f 997 1138 1137
f 996 1139 1138
f 978 1140 1141
f 1001 1141 1142
f 1002 1142 1143
f 999 1144 1139
f 998 1145 1144
f 1006 1146 1145
f 1005 1147 1146
f 1009 1148 1147
f 1008 1149 1148
f 1011 1150 1149
f 1010 1160 1150
f 1119 1121 1130
f 1132 1121 1138
f 1121 1137 1138
f 1138 1139 1144
f 1138 1144 1141
f 1132 1141 1140
f 1132 1138 1141
f 1141 1143 1142
f 1141 1144 1143
f 1143 1146 1152
f 1144 1145 1146
f 1143 1144 1146
f 1146 1148 1152
f 1148 1154 1152
f 1146 1147 1148
f 1148 1149 1150
f 1148 1150 1154
f 1013 1143 1151
f 1003 1151 1152
f 1014 1152 1153
f 1004 1153 1154
f 1015 1154 1155
f 1007 1155 1156
f 1017 1156 1157
f 1016 1157 1158
f 1018 1158 1159
f 1143 1152 1151
f 1152 1154 1153
f 1150 1156 1154
f 1154 1156 1155
f 1150 1161 1156
f 1156 1161 1162
f 1156 1158 1157
f 1156 1162 1158
f 1158 1163 1159
f 424 1020 1164
f 1020 1019 1165
f 1019 1024 1166
f 1024 1023 1167
f 980 1126 1026
f 1026 1168 1021
f 1021 1169 1027
f 1027 1170 1022
f 1022 1171 1028
f 1028 1172 1025
f 1025 1173 1040
f 1023 1031 1174
f 1031 1030 1175
f 1030 1033 1176
f 1033 1032 1177
f 1032 1037 1178
f 1037 1036 1179
f 1036 1039 1180
f 1040 1181 1029
f 1029 1182 1041
f 1041 1183 1034
f 1034 1184 1042
f 1042 1185 1035
f 1035 1186 1045
f 1045 1187 1043
f 1043 1188 1046
f 1046 1189 1044
f 1039 1038 1190
f 1038 1048 1191
f 1048 1047 1192
f 1047 1050 1193
f 1050 1049 1194
f 1049 1055 1195
f 1044 1196 1053
f 1055 1051 1197
f 1051 1059 1198
f 1059 1058 1199
f 1058 1061 1200
f 424 1164 448
f 980 1117 1126
f 1020 1165 1164
f 1019 1166 1165
f 1024 1167 1166
f 1023 1174 1167
f 1026 1126 1168
f 1021 1168 1169
f 1027 1169 1170
f 1022 1170 1171
f 1028 1171 1172
f 1025 1172 1173
f 1031 1175 1174
f 1030 1176 1175
f 1033 1177 1176
f 1032 1178 1177
f 1037 1179 1178
f 1036 1180 1179
f 447 448 1116
f 442 447 1116
f 448 1164 1165
f 448 1165 1126
f 1116 448 1126
f 1126 1165 1166
f 1126 1167 1169
f 1126 1166 1167
f 1167 1174 1171
f 1126 1169 1168
f 1167 1170 1169
f 1167 1171 1170
f 1172 1174 1173
f 1171 1174 1172
f 1173 1174 1175
f 1173 1175 1176
f 1173 1176 1177
f 1177 1182 1181
f 1173 1177 1181
f 1177 1178 1182
f 1178 1179 1182
f 1179 1180 1190
f 1040 1173 1181
f 1029 1181 1182
f 1041 1182 1183
f 1034 1183 1184
f 1042 1184 1185
f 1035 1185 1186
f 1045 1186 1187
f 1043 1187 1188
f 1046 1188 1189
f 1044 1189 1196
f 1179 1184 1183
f 1179 1183 1182
f 1179 1185 1184
f 1179 1186 1185
f 1179 1190 1186
f 1186 1190 1192
f 1186 1192 1188
f 1186 1188 1187
f 1188 1192 1189
f 1039 1190 1180
f 1038 1191 1190
f 1048 1192 1191
f 1047 1193 1192
f 1050 1194 1193
f 1049 1195 1194
f 1053 1196 1201
f 1055 1197 1195
f 1051 1198 1197
f 1059 1199 1198
f 1058 1200 1199
f 1061 1202 1200
f 1190 1191 1192
f 1192 1193 1194
f 1192 1194 1196
f 1189 1192 1196
f 1194 1197 1196
f 1196 1203 1201
f 1196 1197 1203
f 1194 1195 1197
f 1197 1198 1203
f 1198 1199 1203
f 1199 1200 1202
f 1010 1063 1160
f 1063 1062 1161
f 1062 1065 1204
f 1065 1064 1162
f 1064 1069 1205
f 1069 1070 1206
f 1070 1072 1207
f 1012 1163 1073
f 1073 1208 1067
f 1067 1209 1074
f 1074 1210 1066
f 1072 1071 1211
f 1071 1077 1212
f 1077 1076 1213
f 1076 1080 1214
f 1080 1079 1215
f 1079 1083 1216
f 1053 1201 1052
f 1052 1203 1085
f 1085 1217 1054
f 1054 1218 1086
f 1086 1219 1056
f 1056 1220 1087
f 1087 1221 1088
f 1061 1060 1202
f 1060 1091 1222
f 1091 1057 1223
f 1057 1092 1224
f 1092 1089 1225
f 1089 1097 1226
f 1083 1082 1227
f 1082 1094 1228
f 1094 1093 1229
f 1093 1230 1231
f 1088 1232 1095
f 1095 1233 1096
f 1096 1234 1098
f 1097 1090 1235
f 1098 1236 1099
f 1063 1161 1160
f 1062 1204 1161
f 1065 1162 1204
f 1150 1160 1161
f 1161 1204 1162
f 1064 1205 1162
f 1069 1206 1205
f 1070 1207 1206
f 1012 1159 1163
f 1073 1163 1208
f 1067 1208 1209
f 1074 1209 1210
f 1066 1210 1237
f 1072 1211 1207
f 1071 1212 1211
f 1077 1213 1212
f 1076 1214 1213
f 1080 1215 1214
f 1079 1216 1215
f 1158 1206 1163
f 1158 1162 1206
f 1162 1205 1206
f 1206 1211 1209
f 1206 1207 1211
f 1206 1209 1163
f 1163 1209 1208
f 1209 1237 1210
f 1209 1211 1237
f 1237 1211 1213
f 1211 1212 1213
f 1237 1213 1215
f 1213 1214 1215
f 1237 1215 1238
f 1215 1216 1227
f 1215 1227 1238
f 1052 1201 1203
f 1085 1203 1217
f 1054 1217 1218
f 1086 1218 1219
f 1056 1219 1220
f 1087 1220 1221
f 1088 1221 1232
f 1060 1222 1202
f 1091 1223 1222
f 1057 1224 1223
f 1092 1225 1224
f 1089 1226 1225
f 1203 1218 1217
f 1199 1218 1203
f 1199 1202 1218
f 1218 1220 1219
f 1218 1202 1220
f 1220 1232 1221
f 1220 1202 1223
f 1202 1222 1223
f 1220 1223 1232
f 1223 1225 1232
f 1223 1224 1225
f 1083 1227 1216
f 1082 1228 1227
f 1094 1229 1228
f 1093 1231 1229
f 1095 1232 1233
f 1096 1233 1234
f 1097 1235 1226
f 1098 1234 1236
f 1099 1236 1239
f 1227 1228 1229
f 1232 1234 1233
f 1232 1225 1234
f 1225 1235 1234
f 1225 1226 1235
f 1234 1239 1236
f 1234 1235 1239
f 1239 1235 1240
f 1239 1240 1241
f 231 402 1242
f 576 994 577
f 796 1243 994
f 576 796 994
f 796 1244 1243
f 994 1243 1135
f 1243 1245 1246
f 1243 1244 1245
f 796 916 1244
f 1245 1244 1247
f 1244 1248 1247
f 1245 1247 1249
f 1245 1250 1251
f 1245 1249 1250
f 1250 1249 1252
f 1252 1249 1253
f 1250 1252 1254
f 1252 1255 1256
f 1252 1253 1255
f 1247 1257 1249
f 1249 1258 1253
f 1255 1253 1259
f 1253 1260 1259
f 1259 1261 1262
f 1255 1259 1263
f 1259 1262 1263
f 1262 1264 1265
f 1255 1263 1266
f 1263 1267 1268
f 1263 1265 1267
f 1262 1265 1263
f 1267 1269 1270
f 1267 1265 1269
f 1269 1271 1272
f 1269 1265 1271
f 1265 1273 1271
f 1271 1274 1275
f 1271 1275 1272
f 1275 1276 1272
f 1269 1272 1277
f 1272 1278 1279
f 1272 1276 1280
f 1278 1281 1282
f 1272 1283 1278
f 1278 1283 1281
f 821 828 1284
f 828 1285 1286
f 831 1285 828
f 1285 1287 1288
f 831 833 1285
f 1285 833 1287
f 1287 833 1289
f 1287 1289 1290
f 1290 1289 1291
f 1287 1290 1292
f 1290 1293 1294
f 1290 1291 1293
f 1293 1295 1296
f 1275 1297 1276
f 1276 1298 1280
f 1272 1280 1299
f 1280 1300 1299
f 1272 1299 1301
f 1272 1301 1283
f 1299 1302 1301
f 1066 1303 1068
f 1075 1304 1078
f 1071 1078 1081
f 1078 1305 1081
f 1076 1081 1084
f 1079 1306 1082
f 1079 1084 1306
f 1081 1307 1084
f 1084 1308 1306
f 1281 1309 1310
f 1309 1311 1312
f 1093 1313 1230
f 1082 1314 1093
f 1093 1314 1313
f 1082 1306 1314
f 1313 1315 1316
f 1315 1317 1318
f 1306 1319 1314
f 1313 1314 1320
f 1313 1321 1315
f 1315 1321 1317
f 1313 1320 1321
f 1317 1321 1100
f 1100 1322 1090
f 1314 1323 1320
f 1320 1324 1321
f 1100 1321 1325
f 1321 1326 1325
f 1100 1325 1322
f 1325 1327 1322
f 1281 1283 1309
f 1309 1283 1311
f 1311 1328 1329
f 1328 1330 1331
f 1311 1332 1328
f 1301 1333 1283
f 1311 1283 1334
f 1283 1335 1334
f 1311 1334 1332
f 1334 1336 1332
f 1328 1332 1337
f 1328 1337 1338
f 1330 1339 1340
f 1339 1341 1342
f 1328 1343 1330
f 1330 1344 1339
f 1328 1338 1343
f 1341 1345 1346
f 1339 1347 1341
f 1330 1343 1344
f 1338 1348 1343
f 1339 1344 1347
f 1343 1349 1344
f 1344 1350 1347
f 1345 1351 1352
f 1351 1353 1354
f 1355 1356 1357
f 1358 1359 1356
f 1341 1360 1345
f 1345 1361 1351
f 1341 1347 1360
f 1345 1360 1361
f 1347 1362 1360
f 1360 1363 1361
f 1135 1243 1364
f 1243 1246 1365
f 1246 1245 1366
f 916 919 1244
f 1244 1367 1248
f 1248 1368 1247
f 1247 1369 1257
f 1245 1251 1370
f 1251 1250 1371
f 1250 1254 1372
f 1254 1252 1373
f 1252 1256 1374
f 1256 1255 1375
f 1257 1376 1249
f 1249 1377 1258
f 1258 1378 1253
f 1253 1379 1260
f 1260 1380 1259
f 1259 1381 1261
f 1261 1382 1262
f 1262 1383 1264
f 1264 1384 1265
f 1255 1266 1385
f 1266 1263 1386
f 1263 1268 1387
f 1268 1267 1388
f 1267 1270 1389
f 1270 1269 1390
f 1265 1391 1273
f 1273 1392 1271
f 1271 1393 1274
f 1274 1394 1275
f 1269 1277 1395
f 1277 1272 1396
f 1272 1279 1397
f 1279 1278 1398
f 1278 1282 1399
f 1282 1281 1400
f 1135 1364 1136
f 1243 1365 1364
f 1246 1366 1365
f 919 1367 1244
f 1248 1367 1368
f 1247 1368 1369
f 1245 1370 1366
f 1251 1371 1370
f 1250 1372 1371
f 1254 1373 1372
f 1252 1374 1373
f 1256 1375 1374
f 713 712 1134
f 915 1134 1364
f 713 1134 915
f 915 1364 1367
f 1134 1136 1364
f 1364 1365 1366
f 1364 1366 1367
f 915 1367 919
f 1366 1369 1367
f 1367 1369 1368
f 1366 1377 1369
f 1366 1370 1371
f 1366 1371 1377
f 1371 1373 1377
f 1373 1379 1377
f 1371 1372 1373
f 1373 1374 1375
f 1373 1375 1379
f 1257 1369 1376
f 1249 1376 1377
f 1258 1377 1378
f 1253 1378 1379
f 1260 1379 1380
f 1259 1380 1381
f 1261 1381 1382
f 1262 1382 1383
f 1264 1383 1384
f 1265 1384 1391
f 1369 1377 1376
f 1377 1379 1378
f 1375 1381 1379
f 1379 1381 1380
f 1381 1383 1382
f 1375 1386 1381
f 1381 1386 1383
f 1383 1391 1384
f 1255 1385 1375
f 1266 1386 1385
f 1263 1387 1386
f 1268 1388 1387
f 1375 1385 1386
f 1386 1387 1388
f 1267 1389 1388
f 1270 1390 1389
f 1269 1395 1390
f 1273 1391 1392
f 1271 1392 1393
f 1274 1393 1394
f 1275 1394 1401
f 1277 1396 1395
f 1272 1397 1396
f 1279 1398 1397
f 1278 1399 1398
f 1282 1400 1399
f 1281 1402 1400
f 1383 1386 1388
f 1383 1388 1391
f 1388 1389 1390
f 1388 1390 1391
f 1390 1396 1393
f 1390 1393 1391
f 1391 1393 1392
f 1393 1401 1394
f 1393 1396 1401
f 1401 1396 1403
f 1390 1395 1396
f 1396 1397 1398
f 1396 1398 1403
f 1398 1399 1400
f 1398 1400 1403
f 1400 1404 1405
f 821 1284 1406
f 1284 828 956
f 828 1286 1407
f 1286 1285 1408
f 1285 1288 1409
f 1288 1287 1410
f 833 957 1411
f 1287 1292 1412
f 1292 1290 1413
f 1290 1294 1414
f 1294 1293 1415
f 1293 1296 1416
f 1296 1295 1417
f 1295 1418 1419
f 1275 1401 1297
f 1297 1420 1276
f 1276 1403 1298
f 1298 1421 1280
f 1280 1405 1300
f 1300 1422 1299
f 1299 1423 1302
f 1302 1424 1301
f 1301 1425 1333
f 821 1406 942
f 1284 956 1406
f 828 1407 956
f 1286 1408 1407
f 1285 1409 1408
f 1288 1410 1409
f 1287 1412 1410
f 955 957 833
f 1292 1413 1412
f 1290 1414 1413
f 1294 1415 1414
f 1293 1416 1415
f 1296 1417 1416
f 1295 1419 1417
f 942 1406 956
f 956 1407 1408
f 954 956 1408
f 1408 1409 1410
f 954 1408 957
f 1408 1410 957
f 1410 1426 957
f 1410 1413 1426
f 1413 1427 1426
f 1410 1412 1413
f 1413 1414 1415
f 1415 1417 1427
f 1413 1415 1427
f 1415 1416 1417
f 1297 1401 1420
f 1276 1420 1403
f 1298 1403 1421
f 1280 1421 1405
f 1300 1405 1422
f 1299 1422 1423
f 1302 1423 1424
f 1301 1424 1425
f 1333 1425 1428
f 1401 1403 1420
f 1403 1405 1421
f 1400 1405 1403
f 1405 1423 1422
f 1405 1404 1423
f 1423 1429 1425
f 1423 1425 1424
f 1066 1237 1303
f 1303 1238 1068
f 1068 1238 1075
f 1075 1238 1304
f 1304 1430 1078
f 1078 1431 1305
f 1305 1432 1081
f 1081 1433 1307
f 1307 1434 1084
f 1084 1435 1308
f 1308 1436 1306
f 1281 1310 1402
f 1310 1309 1404
f 1309 1312 1437
f 1312 1311 1429
f 1311 1329 1438
f 1230 1313 1439
f 1313 1316 1440
f 1316 1315 1441
f 1315 1318 1442
f 1306 1443 1319
f 1319 1444 1314
f 1314 1445 1323
f 1318 1317 1446
f 1317 1100 1241
f 1099 1239 1100
f 1323 1447 1320
f 1320 1448 1324
f 1324 1449 1321
f 1321 1450 1326
f 1326 1451 1325
f 1325 1452 1327
f 1327 1453 1322
f 1322 1454 1357
f 1355 1357 1455
f 1237 1456 1303
f 1303 1456 1238
f 1304 1238 1430
f 1078 1430 1431
f 1305 1431 1432
f 1081 1432 1433
f 1307 1433 1434
f 1084 1434 1435
f 1308 1435 1436
f 1237 1238 1456
f 1238 1431 1430
f 1227 1431 1238
f 1431 1433 1432
f 1227 1433 1431
f 1227 1229 1433
f 1229 1435 1433
f 1433 1435 1434
f 1435 1443 1436
f 1310 1404 1402
f 1309 1437 1404
f 1312 1429 1437
f 1311 1438 1429
f 1400 1402 1404
f 1404 1437 1429
f 1230 1439 1231
f 1313 1440 1439
f 1316 1441 1440
f 1315 1442 1441
f 1306 1436 1443
f 1319 1443 1444
f 1314 1444 1445
f 1318 1446 1442
f 1317 1241 1446
f 1239 1241 1100
f 1229 1439 1435
f 1229 1231 1439
f 1435 1439 1441
f 1439 1440 1441
f 1441 1446 1443
f 1441 1442 1446
f 1435 1441 1443
f 1443 1445 1444
f 1443 1446 1445
f 1445 1446 1448
f 1446 1241 1448
f 1241 1450 1448
f 1241 1240 1454
f 1323 1445 1447
f 1320 1447 1448
f 1324 1448 1449
f 1321 1449 1450
f 1326 1450 1451
f 1325 1451 1452
f 1327 1452 1453
f 1322 1453 1454
f 1355 1455 1457
f 1357 1454 1455
f 1445 1448 1447
f 1448 1450 1449
f 1241 1452 1450
f 1450 1452 1451
f 1241 1454 1452
f 1454 1240 1455
f 1452 1454 1453
f 1329 1328 1458
f 1328 1331 1459
f 1333 1428 1283
f 1283 1460 1335
f 1335 1461 1334
f 1334 1462 1336
f 1331 1330 1463
f 1330 1340 1464
f 1340 1339 1465
f 1339 1342 1466
f 1342 1341 1467
f 1341 1346 1468
f 1336 1469 1332
f 1332 1470 1337
f 1337 1471 1338
f 1338 1472 1348
f 1348 1473 1343
f 1343 1474 1349
f 1349 1475 1344
f 1344 1476 1350
f 1350 1477 1347
f 1346 1345 1478
f 1345 1352 1479
f 1352 1351 1480
f 1351 1354 1481
f 1354 1353 1482
f 1355 1457 1356
f 1358 1356 1483
f 1358 1484 1359
f 1347 1485 1362
f 1362 1486 1360
f 1360 1487 1363
f 1363 1488 1361
f 1353 1359 1489
f 1329 1458 1438
f 1328 1459 1458
f 1283 1428 1460
f 1335 1460 1461
f 1334 1461 1462
f 1336 1462 1469
f 1331 1463 1459
f 1330 1464 1463
f 1340 1465 1464
f 1339 1466 1465
f 1342 1467 1466
f 1341 1468 1467
f 1423 1404 1429
f 1425 1429 1460
f 1429 1458 1460
f 1429 1438 1458
f 1458 1459 1463
f 1458 1463 1460
f 1425 1460 1428
f 1460 1462 1461
f 1460 1463 1462
f 1462 1463 1465
f 1462 1470 1469
f 1462 1465 1470
f 1463 1464 1465
f 1465 1466 1467
f 1465 1467 1470
f 1467 1472 1470
f 1467 1468 1478
f 1467 1478 1472
f 1474 1478 1480
f 1332 1469 1470
f 1337 1470 1471
f 1338 1471 1472
f 1348 1472 1473
f 1343 1473 1474
f 1349 1474 1475
f 1344 1475 1476
f 1350 1476 1477
f 1347 1477 1485
f 1470 1472 1471
f 1472 1474 1473
f 1472 1478 1474
f 1474 1480 1476
f 1474 1476 1475
f 1476 1485 1477
f 1346 1478 1468
f 1345 1479 1478
f 1352 1480 1479
f 1351 1481 1480
f 1354 1482 1481
f 1356 1457 1483
f 1358 1483 1484
f 1359 1484 1489
f 1478 1479 1480
f 1480 1481 1482
f 1484 1483 1489
f 1353 1489 1482
f 1362 1485 1486
f 1360 1486 1487
f 1363 1487 1488
f 1361 1488 1490
f 1476 1480 1482
f 1476 1482 1485
f 1482 1487 1485
f 1482 1489 1487
f 1485 1487 1486
f 1487 1490 1488
f 1487 1489 1490
f 231 1242 232
f 145 232 233
f 267 1491 1492
f 233 232 236
f 1491 1493 1494
f 1493 1495 1496
f 1495 1497 1498
f 1497 1499 1500
f 1499 1501 1502
f 1501 1503 1504
f 1503 1505 1506
f 1505 1507 1508
f 236 232 256
f 256 232 257
f 257 232 263
f 263 232 265
f 265 232 267
f 267 232 1491
f 1491 232 1493
f 1493 232 1495
f 1495 232 1497
f 1497 232 1499
f 268 267 344
f 267 1492 1509
f 1492 1491 1510
f 1491 1494 1511
f 1494 1493 1512
f 1493 1496 1513
f 1496 1495 1514
f 1495 1498 1515
f 1498 1497 1516
f 1497 1500 1517
f 1500 1499 1518
f 1499 1502 1519
f 1502 1501 1520
f 1501 1504 1521
f 1504 1503 1522
f 1503 1506 1523
f 1506 1505 1524
f 1505 1508 1525
f 1508 1507 1526
f 267 1509 344
f 1492 1510 1509
f 1491 1511 1510
f 344 1509 1510
f 1494 1512 1511
f 1493 1513 1512
f 1496 1514 1513
f 1495 1515 1514
f 1498 1516 1515
f 1510 1511 1512
f 1512 1513 1514
f 1514 1515 1516
f 1497 1517 1516
f 1500 1518 1517
f 1499 1519 1518
f 1502 1520 1519
f 1501 1521 1520
f 1504 1522 1521
f 1503 1523 1522
f 1506 1524 1523
f 1505 1525 1524
f 1508 1526 1525
f 1507 1527 1526
f 1516 1517 1518
f 1518 1519 1520
f 1520 1521 1522
f 1522 1523 1524
f 1524 1525 1526
f 1499 232 1501
f 1501 232 1503
f 1503 232 1505
f 1505 232 1507
f 1507 232 1528
f 232 1529 1528
f 232 1530 1529
f 232 1531 1530
f 232 1532 1531
f 232 1533 1532
f 120 199 113
f 199 290 113
f 762 889 767
f 767 1534 770
f 771 770 1535
f 770 1536 1535
f 1507 1528 1537
f 1528 1529 1538
f 771 1535 773
f 773 1535 1539
f 773 1539 1540
f 773 1541 895
f 773 1540 1541
f 1540 1542 1541
f 1535 1543 1539
f 1539 1544 1540
f 1540 1545 1542
f 1540 1546 1545
f 1541 1542 1547
f 1542 1548 1549
f 1548 1550 1551
f 1542 1545 1548
f 1545 1552 1553
f 1548 1545 1553
f 1548 1553 1550
f 1550 1553 1554
f 1550 1555 1556
f 1553 1557 1554
f 1550 1554 1555
f 1554 1558 1555
f 1555 1559 1560
f 1529 1530 1561
f 1530 1531 1562
f 1531 1532 1563
f 1532 1533 1564
f 1533 1565 1566
f 1565 1567 1568
f 1550 1556 1569
f 1555 1570 1556
f 1556 1570 1571
f 1570 1572 1573
f 1555 1560 1570
f 1570 1560 1572
f 1560 1574 1572
f 1572 1575 1576
f 1572 1574 1575
f 1560 1577 1574
f 1575 1574 1578
f 1574 1579 1578
f 1578 1580 1581
f 1575 1582 1583
f 1575 1578 1582
f 1582 1584 1585
f 1578 1581 1582
f 1582 1581 1584
f 1584 1581 1586
f 1584 1586 1587
f 1584 1587 1588
f 1587 1586 1589
f 1587 1589 1590
f 1587 1590 1591
f 1590 1592 1593
f 1592 1594 1595
f 1581 1596 1586
f 1586 1597 1589
f 1590 1589 1598
f 1589 1599 1598
f 1567 1600 1601
f 1590 1598 1592
f 1598 1602 1603
f 1592 1598 1603
f 1592 1603 1594
f 1594 1603 1604
f 1594 1604 1605
f 1603 1606 1604
f 1604 1607 1605
f 1604 1608 1607
f 1594 1605 1609
f 1607 1610 1605
f 1605 1610 1611
f 1610 1612 1613
f 1607 1612 1610
f 1607 1614 1612
f 1612 1614 1615
f 1614 1616 1615
f 889 1617 767
f 767 897 1534
f 1534 1618 770
f 770 898 1536
f 1536 1619 1535
f 1507 1537 1527
f 1537 1528 1620
f 1528 1538 1621
f 1535 1622 1543
f 1543 1623 1539
f 1539 1624 1544
f 1544 1625 1540
f 1540 1626 1546
f 1546 1627 1545
f 895 1541 1628
f 1541 1547 1629
f 1547 1542 1630
f 1542 1549 1631
f 1549 1548 1632
f 1548 1551 1633
f 1545 1634 1552
f 1551 1550 1635
f 1552 1636 1553
f 1553 1637 1557
f 1557 1638 1554
f 1554 1639 1558
f 1558 1640 1555
f 1555 1641 1559
f 1559 1642 1560
f 888 1617 889
f 767 1617 897
f 1534 897 1618
f 770 1618 898
f 1536 898 1619
f 1535 1619 1622
f 888 897 1617
f 897 898 1618
f 898 1622 1619
f 1537 1620 1527
f 1528 1621 1620
f 1538 1643 1621
f 1526 1527 1620
f 1620 1621 1643
f 1543 1622 1623
f 1539 1623 1624
f 1544 1624 1625
f 1540 1625 1626
f 1546 1626 1627
f 1545 1627 1634
f 895 1628 896
f 1541 1629 1628
f 1547 1630 1629
f 1542 1631 1630
f 1549 1632 1631
f 1548 1633 1632
f 1551 1635 1633
f 1552 1634 1636
f 1550 1644 1635
f 894 1622 898
f 1622 1628 1624
f 894 1628 1622
f 894 896 1628
f 1624 1628 1626
f 1626 1628 1630
f 1622 1624 1623
f 1624 1626 1625
f 1626 1634 1627
f 1628 1629 1630
f 1626 1630 1632
f 1630 1631 1632
f 1632 1633 1635
f 1626 1632 1634
f 1632 1635 1634
f 1634 1637 1636
f 1634 1635 1637
f 1637 1645 1639
f 1635 1645 1637
f 1553 1636 1637
f 1557 1637 1638
f 1554 1638 1639
f 1558 1639 1640
f 1555 1640 1641
f 1559 1641 1642
f 1637 1639 1638
f 1639 1645 1641
f 1639 1641 1640
f 1641 1646 1642
f 1538 1529 1643
f 1529 1561 1647
f 1561 1530 1648
f 1530 1562 1649
f 1562 1531 1650
f 1531 1563 1651
f 1563 1532 1652
f 1532 1564 1653
f 1564 1533 1654
f 1533 1566 1655
f 1566 1565 1656
f 1565 1568 1657
f 1568 1567 1658
f 1529 1647 1643
f 1561 1648 1647
f 1530 1649 1648
f 1562 1650 1649
f 1531 1651 1650
f 1563 1652 1651
f 1532 1653 1652
f 1643 1647 1648
f 1648 1649 1650
f 1650 1651 1652
f 1564 1654 1653
f 1533 1655 1654
f 1566 1656 1655
f 1565 1657 1656
f 1568 1658 1657
f 1567 1659 1658
f 1652 1653 1654
f 1654 1655 1656
f 1656 1657 1658
f 1550 1569 1644
f 1569 1556 1645
f 1556 1571 1660
f 1571 1570 1661
f 1570 1573 1662
f 1573 1572 1663
f 1572 1576 1664
f 1576 1575 1665
f 1560 1646 1577
f 1577 1666 1574
f 1574 1667 1579
f 1579 1668 1578
f 1578 1669 1580
f 1580 1670 1581
f 1575 1583 1671
f 1583 1582 1672
f 1582 1585 1673
f 1585 1584 1674
f 1584 1588 1675
f 1581 1676 1596
f 1588 1587 1677
f 1587 1591 1678
f 1591 1590 1679
f 1590 1593 1680
f 1593 1592 1681
f 1592 1595 1682
f 1569 1645 1644
f 1556 1660 1645
f 1571 1661 1660
f 1570 1662 1661
f 1573 1663 1662
f 1635 1644 1645
f 1641 1645 1661
f 1645 1660 1661
f 1661 1662 1663
f 1560 1642 1646
f 1572 1664 1663
f 1576 1665 1664
f 1577 1646 1666
f 1574 1666 1667
f 1579 1667 1668
f 1578 1668 1669
f 1580 1669 1670
f 1575 1671 1665
f 1583 1672 1671
f 1582 1673 1672
f 1585 1674 1673
f 1584 1675 1674
f 1581 1670 1676
f 1588 1677 1675
f 1641 1661 1663
f 1641 1663 1646
f 1646 1663 1665
f 1663 1664 1665
f 1646 1665 1667
f 1665 1672 1667
f 1646 1667 1666
f 1667 1669 1668
f 1667 1672 1669
f 1669 1676 1670
f 1665 1671 1672
f 1672 1673 1674
f 1669 1674 1676
f 1669 1672 1674
f 1674 1677 1676
f 1674 1675 1677
f 1676 1677 1683
f 1677 1679 1683
f 1587 1678 1677
f 1591 1679 1678
f 1590 1680 1679
f 1593 1681 1680
f 1592 1682 1681
f 1595 1684 1682
f 1677 1678 1679
f 1679 1681 1685
f 1679 1680 1681
f 1681 1682 1684
f 1567 1601 1659
f 1596 1686 1586
f 1586 1683 1597
f 1597 1687 1589
f 1589 1685 1599
f 1599 1688 1598
f 1598 1689 1602
f 1601 1600 1690
f 1595 1594 1684
f 1602 1691 1603
f 1603 1692 1606
f 1606 1693 1604
f 1604 1694 1608
f 1608 1695 1607
f 1607 1696 1614
f 1594 1609 1697
f 1609 1605 1698
f 1605 1611 1699
f 1611 1610 1700
f 1610 1613 1701
f 1613 1612 1702
f 1600 1614 1703
f 1596 1676 1686
f 1586 1686 1683
f 1597 1683 1687
f 1589 1687 1685
f 1599 1685 1688
f 1598 1688 1689
f 1602 1689 1691
f 1676 1683 1686
f 1683 1685 1687
f 1679 1685 1683
f 1685 1689 1688
f 1601 1690 1659
f 1600 1703 1690
f 1603 1691 1692
f 1606 1692 1693
f 1604 1693 1694
f 1608 1694 1695
f 1607 1695 1696
f 1594 1697 1684
f 1609 1698 1697
f 1605 1699 1698
f 1611 1700 1699
f 1610 1701 1700
f 1613 1702 1701
f 1612 1704 1702
f 1681 1689 1685
f 1689 1692 1691
f 1689 1684 1692
f 1681 1684 1689
f 1684 1698 1692
f 1692 1698 1694
f 1692 1694 1693
f 1694 1696 1695
f 1684 1697 1698
f 1694 1698 1700
f 1698 1699 1700
f 1700 1701 1702
f 1694 1700 1696
f 1696 1700 1702
f 1696 1705 1703
f 1696 1702 1705
f 1703 1705 1706
f 1614 1696 1703
f 232 1565 1533
f 232 1567 1565
f 232 1600 1567
f 232 1614 1600
f 232 1707 1614
f 833 1411 1289
f 1289 1708 1291
f 1291 1709 1710
f 1293 1291 1710
f 1293 1710 1295
f 1295 1710 1711
f 1295 1711 1712
f 1295 1712 1418
f 1711 1713 1712
f 1710 1714 1711
f 1711 1715 1713
f 1713 1716 1717
f 1713 1718 1716
f 1712 1717 1719
f 1713 1717 1712
f 1717 1720 1721
f 1720 1722 1723
f 1716 1720 1717
f 1716 1724 1725
f 1716 1725 1720
f 1720 1725 1722
f 1722 1725 1726
f 1722 1727 1728
f 1722 1726 1727
f 1727 1729 1730
f 1727 1730 1731
f 1730 1732 1733
f 1725 1734 1726
f 1727 1726 1729
f 1726 1735 1729
f 1730 1729 1736
f 1729 1737 1736
f 1730 1736 1732
f 1736 1738 1732
f 1732 1738 1739
f 1736 1740 1738
f 1738 1741 1742
f 1738 1742 1739
f 1612 1615 1743
f 1615 1616 1744
f 1614 1745 1616
f 1746 1745 1747
f 1748 1747 1749
f 1750 1751 1752
f 1753 1752 1754
f 1732 1739 1755
f 1739 1756 1757
f 1742 1756 1739
f 1742 1754 1756
f 1758 1759 1760
f 1322 1357 1707
f 1357 1356 1707
f 1356 1359 1707
f 1351 1707 1353
f 1353 1707 1359
f 1351 1361 1707
f 1761 1749 1707
f 1761 1707 1751
f 1751 1707 1752
f 1756 1707 1759
f 1754 1707 1756
f 1752 1707 1754
f 1762 1763 1707
f 1764 1760 1707
f 1765 1766 1707
f 1764 1707 1766
f 1767 1707 1768
f 1769 1707 1763
f 1769 1768 1707
f 1767 1770 1707
f 1765 1707 1770
f 1361 1771 1707
f 1762 1707 1771
f 1760 1759 1707
f 1411 1772 1289
f 1289 1426 1708
f 1708 1773 1291
f 1291 1427 1709
f 1709 1774 1710
f 1710 1775 1714
f 1714 1776 1711
f 1711 1777 1715
f 1715 1778 1713
f 1713 1779 1718
f 1718 1780 1716
f 1716 1781 1724
f 1418 1712 1782
f 1712 1719 1783
f 1719 1717 1784
f 1717 1721 1785
f 1721 1720 1786
f 1720 1723 1787
f 1723 1722 1788
f 1722 1728 1789
f 1728 1727 1790
f 1727 1731 1791
f 1731 1730 1792
f 1730 1733 1793
f 1733 1732 1794
f 1724 1795 1725
f 1725 1796 1734
f 1734 1797 1726
f 1726 1798 1735
f 1735 1799 1729
f 1729 1800 1737
f 1737 1801 1736
f 1736 1802 1740
f 1740 1803 1738
f 1738 1804 1741
f 1741 1805 1742
f 1742 1806 1754
f 957 1772 1411
f 1289 1772 1426
f 1708 1426 1773
f 1291 1773 1427
f 1709 1427 1774
f 1710 1774 1775
f 1714 1775 1776
f 1711 1776 1777
f 1715 1777 1778
f 1713 1778 1779
f 1718 1779 1780
f 1716 1780 1781
f 1724 1781 1795
f 957 1426 1772
f 1426 1427 1773
f 1427 1775 1774
f 1417 1775 1427
f 1417 1782 1775
f 1417 1419 1782
f 1775 1782 1777
f 1777 1782 1779
f 1775 1777 1776
f 1777 1779 1778
f 1779 1784 1781
f 1779 1781 1780
f 1418 1782 1419
f 1712 1783 1782
f 1719 1784 1783
f 1717 1785 1784
f 1721 1786 1785
f 1720 1787 1786
f 1723 1788 1787
f 1722 1789 1788
f 1728 1790 1789
f 1727 1791 1790
f 1731 1792 1791
f 1730 1793 1792
f 1733 1794 1793
f 1782 1783 1784
f 1779 1782 1784
f 1784 1785 1786
f 1786 1787 1788
f 1781 1784 1786
f 1781 1796 1795
f 1781 1786 1796
f 1786 1788 1796
f 1788 1798 1796
f 1788 1789 1790
f 1788 1790 1798
f 1790 1792 1800
f 1790 1791 1792
f 1792 1793 1794
f 1725 1795 1796
f 1734 1796 1797
f 1726 1797 1798
f 1735 1798 1799
f 1729 1799 1800
f 1737 1800 1801
f 1736 1801 1802
f 1740 1802 1803
f 1738 1803 1804
f 1741 1804 1805
f 1742 1805 1806
f 1754 1806 1807
f 1796 1798 1797
f 1790 1800 1798
f 1798 1800 1799
f 1792 1794 1800
f 1800 1802 1801
f 1800 1794 1802
f 1802 1794 1808
f 1802 1808 1804
f 1802 1804 1803
f 1804 1806 1805
f 1804 1808 1806
f 1612 1743 1704
f 1743 1615 1705
f 1615 1744 1809
f 1744 1616 1706
f 1746 1810 1745
f 1616 1745 1811
f 1746 1747 1812
f 1748 1813 1747
f 1761 1814 1749
f 1750 1815 1751
f 1761 1751 1816
f 1748 1749 1817
f 1750 1752 1818
f 1753 1819 1752
f 1753 1754 1807
f 1743 1705 1704
f 1615 1809 1705
f 1744 1706 1809
f 1616 1811 1706
f 1745 1810 1811
f 1746 1812 1810
f 1747 1813 1812
f 1702 1704 1705
f 1705 1809 1706
f 1703 1706 1811
f 1810 1812 1811
f 1761 1816 1814
f 1749 1814 1817
f 1751 1815 1816
f 1748 1817 1813
f 1750 1818 1815
f 1752 1819 1818
f 1753 1807 1819
f 1813 1817 1812
f 1815 1818 1816
f 1819 1807 1818
f 1767 1768 1820
f 1765 1770 1821
f 1765 1822 1766
f 1767 1823 1770
f 1732 1755 1824
f 1755 1739 1808
f 1739 1757 1825
f 1757 1756 1826
f 1756 1759 1827
f 1758 1828 1759
f 1758 1760 1829
f 1764 1830 1760
f 1764 1766 1831
f 1769 1763 1832
f 1762 1833 1763
f 1762 1771 1834
f 1361 1490 1771
f 1769 1835 1768
f 1767 1820 1823
f 1765 1821 1822
f 1766 1822 1831
f 1770 1823 1821
f 1822 1821 1831
f 1823 1820 1821
f 1732 1824 1794
f 1755 1808 1824
f 1739 1825 1808
f 1757 1826 1825
f 1756 1827 1826
f 1758 1829 1828
f 1760 1830 1829
f 1764 1831 1830
f 1759 1828 1827
f 1794 1824 1808
f 1808 1825 1826
f 1806 1808 1826
f 1806 1826 1827
f 1806 1827 1807
f 1828 1829 1827
f 1830 1831 1829
f 1769 1832 1835
f 1763 1833 1832
f 1762 1834 1833
f 1490 1834 1771
f 1768 1835 1820
f 1833 1834 1832
f 1835 1832 1820
f 1457 1455 1836
f 1457 1836 1483
f 1483 1836 1489
f 1490 1489 1836
f 1814 1836 1817
f 1814 1816 1836
f 1816 1818 1836
f 1807 1827 1836
f 1818 1807 1836
f 1829 1831 1836
f 1832 1836 1820
f 1821 1820 1836
f 1821 1836 1831
f 1490 1836 1834
f 1832 1834 1836
f 1829 1836 1827
f 1614 1707 1745
f 1745 1707 1747
f 232 1837 1707
f 1747 1707 1749
f 1690 1703 1838
f 1703 1811 1836
f 1811 1812 1836
f 1812 1817 1836
f 1703 1836 1839
f 1703 1839 1838
f 1242 1840 232
f 232 1841 1837
f 232 1842 1841
f 232 1843 1842
f 232 1844 1843
f 232 1845 1844
f 232 1846 1845
f 232 1847 1846
f 232 1848 1847
f 232 1849 1848
f 232 1850 1849
f 232 1851 1850
f 75 112 1852
f 290 293 113
f 293 313 113
f 313 319 113
f 319 321 113
f 321 323 113
f 323 344 113
f 344 1510 113
f 1510 1512 113
f 1512 1514 113
f 1514 1516 113
f 1516 1518 113
f 1518 1520 113
f 1520 1522 113
f 1522 1524 113
f 1524 1526 113
f 1526 1620 113
f 1620 1643 113
f 1643 1648 113
f 1648 1650 113
f 1650 1652 113
f 1652 1654 113
f 1654 1656 113
f 1656 1658 113
f 1658 1659 113
f 1659 1690 113
f 1690 1838 113
f 113 1838 1853
f 113 1853 1854
f 113 1854 1855
f 113 1855 1856
f 113 1856 1857
f 113 1857 1858
f 113 1859 1860
f 113 1861 1862
f 113 1860 1861
f 113 1858 1863
f 113 1863 1864
f 113 1864 1865
f 113 1865 1866
f 113 1866 1867
f 113 1867 1868
f 113 1868 1859
f 3 8 1869
f 3 1869 1870
f 3 1870 82
f 1869 1871 1872
f 1869 1873 1871
f 1869 1874 1875
f 1869 1875 1873
f 1869 1876 1874
f 1869 1877 1876
f 1869 1878 1877
f 1869 1879 1878
f 1869 1880 1879
f 1869 1872 1881
f 1869 1881 1882
f 1869 1882 1883
f 1869 1883 1884
f 1869 1884 1885
f 1869 1885 1886
f 1869 1886 1887
f 1869 1887 1888
f 1869 1889 1880
f 1869 1890 1870
f 1875 1874 1891
f 1881 1872 1892
f 1882 1881 1893
f 1873 1894 1871
f 1872 1871 1895
f 1873 1875 1896
f 1874 1876 1897
f 1876 1877 1898
f 1877 1878 1899
f 1878 1879 1900
f 1879 1880 1901
f 1880 1902 1903
f 1902 1904 1905
f 1904 1906 1907
f 1906 1908 1909
f 1908 1910 1911
f 1869 8 1889
f 1889 8 1912
f 1880 1889 1902
f 1902 1889 1904
f 1904 1889 1906
f 1906 1889 1908
f 1908 1889 1910
f 1910 1889 1913
f 1889 1914 1913
f 1869 1888 1890
f 1888 1915 1890
f 1915 1916 1890
f 1916 1917 1890
f 1917 1918 1890
f 1918 1919 1890
f 1919 1920 1890
f 1920 1921 1890
f 1921 1922 1890
f 1922 1923 1914
f 1923 1924 1914
f 1924 1925 1914
f 1925 1926 1914
f 1926 1927 1914
f 1922 1914 1890
f 1882 1928 1883
f 1883 1929 1884
f 1884 1930 1885
f 1885 1931 1886
f 1886 1932 1887
f 1887 1933 1888
f 1888 1934 1915
f 1915 1935 1916
f 1916 1936 1917
f 1917 1937 1918
f 1918 1938 1919
f 1919 1939 1920
f 1920 1940 1921
f 1921 1941 1922
f 1910 1913 1942
f 1913 1943 1944
f 1943 1945 1946
f 1945 1947 1948
f 1947 1949 1950
f 1949 1951 1952
f 1951 1953 1954
f 1927 1955 1956
f 1922 1957 1923
f 1923 1958 1924
f 1924 1959 1925
f 1925 1960 1926
f 1926 1961 1927
f 1962 1963 1964
f 1962 1965 1966
f 1967 1968 1963
f 1956 1969 1967
f 1953 1966 1970
f 1890 1914 1971
f 1913 1914 1943
f 1943 1914 1945
f 1953 1914 1966
f 1962 1966 1914
f 1945 1914 1947
f 1947 1914 1949
f 1949 1914 1951
f 1951 1914 1953
f 1927 1956 1914
f 1956 1967 1914
f 1962 1914 1963
f 1967 1963 1914
f 1872 1895 1892
f 1882 1893 1928
f 1881 1892 1893
f 1871 1894 1895
f 1873 1896 1894
f 1875 1891 1896
f 1874 1897 1891
f 1876 1898 1897
f 1877 1899 1898
f 1878 1900 1899
f 1879 1901 1900
f 1880 1903 1901
f 1902 1905 1903
f 1904 1907 1905
f 1906 1909 1907
f 1908 1911 1909
f 1892 1895 1972
f 1894 1972 1895
f 1894 1896 1972
f 1896 1891 1972
f 1891 1897 1972
f 1897 1898 1972
f 1898 1899 1972
f 1899 1900 1972
f 1900 1901 1972
f 1901 1903 1972
f 1903 1905 1972
f 1905 1907 1972
f 1890 1971 1870
f 1883 1928 1929
f 1884 1929 1930
f 1885 1930 1931
f 1886 1931 1932
f 1887 1932 1933
f 1888 1933 1934
f 1915 1934 1935
f 1916 1935 1936
f 1917 1936 1937
f 1918 1937 1938
f 1919 1938 1939
f 1920 1939 1940
f 1921 1940 1941
f 1922 1941 1957
f 1910 1942 1911
f 1913 1944 1942
f 1943 1946 1944
f 1945 1948 1946
f 1947 1950 1948
f 1949 1952 1950
f 1951 1954 1952
f 1953 1970 1954
f 1956 1955 1969
f 1923 1957 1958
f 1924 1958 1959
f 1925 1959 1960
f 1926 1960 1961
f 1927 1961 1955
f 1962 1964 1965
f 1967 1969 1968
f 1963 1968 1964
f 1966 1965 1970
f 1931 1972 1932
f 1893 1892 1972
f 1928 1893 1972
f 1928 1972 1929
f 1929 1972 1930
f 1930 1972 1931
f 1932 1972 1933
f 1933 1972 1934
f 1934 1972 1935
f 1935 1972 1936
f 1936 1972 1937
f 1937 1972 1938
f 1938 1972 1939
f 1939 1972 1940
f 1940 1972 1941
f 1907 1909 1972
f 1909 1911 1972
f 1911 1942 1972
f 1972 1942 1944
f 1972 1944 1946
f 1972 1946 1948
f 1972 1948 1950
f 1972 1950 1952
f 1972 1952 1954
f 1972 1954 1970
f 1972 1970 1965
f 1972 1965 1964
f 1941 1972 1957
f 1972 1958 1957
f 1972 1959 1958
f 1972 1960 1959
f 1972 1961 1960
f 1972 1955 1961
f 1972 1968 1969
f 1972 1964 1968
f 1972 1969 1955
f 1914 1973 1971
f 1914 1974 1973
f 1974 1975 1976
f 1870 1971 1977
f 1971 1973 1977
f 1976 1912 1978
f 1870 1977 1979
f 1973 1974 1980
f 1974 1976 1980
f 1973 1980 1977
f 1976 1981 1980
f 1974 1982 1975
f 1889 1912 1983
f 1889 1983 1914
f 1914 1984 1974
f 1976 1983 1912
f 1985 1986 1987
f 1974 1984 1982
f 1976 1975 1983
f 1985 1988 1986
f 1982 1989 1975
f 1975 1989 1987
f 1982 1985 1990
f 1985 1987 1990
f 1982 1991 1989
f 1982 1990 1991
f 1987 1989 1992
f 1987 1992 1990
f 1988 1993 1986
f 1986 1993 1994
f 1988 1995 1993
f 1988 1996 1995
f 9 1997 8
f 75 82 95
f 79 1997 9
f 84 98 85
f 86 85 99
f 86 100 87
f 87 101 88
f 88 102 89
f 89 103 1998
f 85 98 99
f 86 99 100
f 87 100 101
f 88 101 102
f 89 102 103
f 91 79 92
f 91 90 1999
f 84 83 96
f 83 92 97
f 94 93 2000
f 90 94 2001
f 93 95 2002
f 95 2003 2004
f 92 79 97
f 91 1999 79
f 90 2001 1999
f 83 97 96
f 84 96 98
f 94 2000 2001
f 93 2002 2000
f 95 2004 2002
f 1998 104 2005
f 2005 105 2006
f 2006 106 2007
f 2007 107 2008
f 1998 103 104
f 2005 104 105
f 2006 105 106
f 2007 106 107
f 2008 107 108
f 2008 108 2009
f 2009 109 2010
f 2010 110 2011
f 2011 111 2012
f 2012 2013 2014
f 2014 2015 2016
f 2016 2017 2018
f 2018 2019 2020
f 2009 108 109
f 2010 109 110
f 2011 110 111
f 2012 111 2013
f 2014 2013 2015
f 2016 2015 2017
f 2018 2017 2019
f 2020 2019 2021
f 95 82 2003
f 2003 82 2022
f 2022 82 2023
f 2023 82 2024
f 79 1999 1997
f 1999 2001 1997
f 2000 2002 1997
f 2001 2000 1997
f 2002 2004 1997
f 2004 2025 1997
f 2025 2026 1997
f 2026 2027 1997
f 2027 2028 1997
f 2003 2022 2025
f 2022 2023 2026
f 2023 2024 2027
f 2024 2029 2028
f 2029 2030 2031
f 2030 2032 2033
f 2032 2034 2035
f 2034 2036 2037
f 2036 2038 2039
f 2038 2040 2041
f 2040 2042 2043
f 2003 2025 2004
f 2022 2026 2025
f 2023 2027 2026
f 2024 2028 2027
f 2029 2031 2028
f 2030 2033 2031
f 2032 2035 2033
f 2034 2037 2035
f 2036 2039 2037
f 2038 2041 2039
f 2040 2043 2041
f 2042 2044 2043
f 2042 2045 2044
f 2045 2046 2047
f 2048 2049 2050
f 2046 2051 2052
f 2051 2050 2053
f 2054 2055 2056
f 2057 2054 2058
f 2020 2021 2059
f 2059 2060 2055
f 2057 2061 2062
f 2048 2062 2063
f 2045 2047 2044
f 2046 2052 2047
f 2051 2053 2052
f 2050 2049 2053
f 2054 2056 2058
f 2057 2058 2061
f 2021 2060 2059
f 2055 2060 2056
f 2062 2061 2063
f 2048 2063 2049
f 2057 82 2064
f 82 2065 2064
f 2061 113 1978
f 113 2066 1978
f 1870 1979 82
f 1979 1977 82
f 1977 1980 82
f 1976 1978 1981
f 1980 1981 1991
f 2049 1978 1997
f 2024 82 2029
f 2029 82 2030
f 2030 82 2032
f 2032 82 2034
f 2034 82 2036
f 2036 82 2038
f 2038 82 2040
f 2040 82 2042
f 2042 82 2045
f 2045 82 2046
f 2048 2050 82
f 2046 82 2051
f 2051 82 2050
f 2057 2062 82
f 2048 82 2062
f 2028 2031 1997
f 2031 2033 1997
f 2033 2035 1997
f 2035 2037 1997
f 2037 2039 1997
f 2039 2041 1997
f 2041 2043 1997
f 2043 2044 1997
f 2044 2047 1997
f 2047 2052 1997
f 2052 2053 1997
f 2049 1997 2053
f 2061 1978 2063
f 2049 2063 1978
f 82 2067 2065
f 2068 2069 2070
f 2068 2070 2064
f 2070 2071 2072
f 89 1998 112
f 1998 2005 112
f 2005 2006 112
f 2006 2007 112
f 2007 2008 112
f 2008 2009 112
f 2009 2010 112
f 2010 2011 112
f 2011 2012 112
f 2012 2014 2064
f 2014 2016 2064
f 2016 2018 2064
f 2018 2020 2064
f 2020 2059 2064
f 2059 2055 2064
f 2054 2064 2055
f 2057 2064 2054
f 2012 2064 112
f 2068 2064 2065
f 111 113 2013
f 2058 2056 113
f 2061 2058 113
f 2013 113 2015
f 2015 113 2017
f 2017 113 2019
f 2019 113 2021
f 2021 113 2060
f 2060 113 2056
f 2070 2072 2064
f 2064 2072 112
f 112 2072 2067
f 112 2066 113
f 2068 2065 2069
f 2070 2069 2071
f 2069 2073 2071
f 2069 2065 2073
f 2065 2067 2073
f 2072 2071 2073
f 2072 2073 2067
f 112 2067 2066
f 112 113 1852
f 2067 2074 2066
f 1981 1989 1991
f 1990 1992 1995
f 1992 1993 1995
f 1980 1991 2075
f 1981 2076 1989
f 2066 2074 1978
f 1980 2075 82
f 1981 1978 2076
f 82 2075 2067
f 11 2077 12
f 11 27 2077
f 2077 27 2078
f 2077 2078 2079
f 2077 2079 2080
f 2077 2080 2081
f 2077 2081 2082
f 2077 2082 2083
f 2077 2083 2084
f 2077 2084 2085
f 2077 2085 2086
f 2077 2086 2087
f 25 68 26
f 26 2088 27
f 27 2089 2078
f 2078 2090 2079
f 2077 43 2091
f 2077 2087 2092
f 2077 2092 2093
f 2077 2093 43
f 42 43 64
f 64 43 66
f 66 43 2094
f 2095 2094 43
f 2096 43 2097
f 2095 43 2096
f 2097 43 2098
f 2099 43 2093
f 2099 2100 43
f 2098 43 2101
f 2102 2101 43
f 2100 2102 43
f 2079 2103 2080
f 2080 2104 2081
f 2081 2105 2082
f 2082 2106 2083
f 2083 2107 2084
f 2099 2108 2100
f 2100 2109 2102
f 2084 2110 2085
f 2085 2111 2086
f 2086 2112 2087
f 2087 2113 2092
f 2092 2114 2093
f 2099 2093 2115
f 2095 2116 2094
f 2095 2096 2117
f 2096 2097 2118
f 66 2094 2119
f 2098 2101 2120
f 2097 2098 2121
f 2102 2122 2101
f 34 70 43
f 26 68 2088
f 27 2088 2089
f 2078 2089 2090
f 2079 2090 2103
f 2080 2103 2104
f 2081 2104 2105
f 2082 2105 2106
f 2083 2106 2107
f 2084 2107 2110
f 2100 2108 2109
f 2102 2109 2122
f 2085 2110 2111
f 2086 2111 2112
f 2087 2112 2113
f 2092 2113 2114
f 2093 2114 2115
f 2099 2115 2108
f 43 70 2091
f 2095 2117 2116
f 2096 2118 2117
f 66 2119 67
f 2094 2116 2119
f 2098 2120 2121
f 2097 2121 2118
f 2101 2122 2120
f 68 71 2088
f 2088 71 2089
f 2089 71 2090
f 2090 71 2103
f 2103 71 2104
f 2104 71 2105
f 2105 71 2106
f 2106 71 2107
f 2107 71 2110
f 2110 71 2111
f 71 2117 2118
f 71 2121 2120
f 71 2118 2121
f 71 2112 2111
f 71 2113 2112
f 71 2114 2113
f 71 2115 2114
f 71 2108 2115
f 71 2122 2109
f 71 2109 2108
f 71 2120 2122
f 71 67 2119
f 71 2119 2116
f 71 2116 2117
f 10 12 2123
f 12 2077 2123
f 2091 70 2124
f 2077 2091 2125
f 69 2124 70
f 2091 2124 2125
f 2126 2127 2128
f 2126 2129 2127
f 2127 2130 2128
f 2126 2131 2129
f 2129 2131 2127
f 2126 2128 401
f 2127 2132 2130
f 2127 122 2132
f 2077 2125 2123
f 10 2123 116
f 69 117 2124
f 2124 117 2125
f 2125 116 2123
f 2125 117 2133
f 118 2134 117
f 2125 2133 116
f 117 2134 2133
f 123 76 401
f 124 2135 402
f 124 403 2135
f 121 123 403
f 2136 2137 2138
f 2139 2138 2140
f 2141 2142 2143
f 2144 2140 2142
f 2145 2143 2146
f 2147 2146 2148
f 2136 2149 2137
f 2149 2150 2137
f 2139 2151 2138
f 2136 2138 2152
f 2139 2140 2153
f 2144 2154 2140
f 2141 2155 2142
f 2141 2143 2156
f 2144 2142 2157
f 2145 2158 2143
f 2147 2159 2146
f 2145 2146 2160
f 2147 2148 2161
f 2136 2152 2149
f 2138 2151 2152
f 2139 2153 2151
f 2140 2154 2153
f 2141 2156 2155
f 2144 2157 2154
f 2142 2155 2157
f 2149 2152 2150
f 2151 2153 2152
f 2155 2156 2157
f 2154 2157 2153
f 2143 2158 2156
f 2145 2160 2158
f 2146 2159 2160
f 2147 2161 2159
f 2158 2160 2156
f 2159 2161 2160
f 2162 2163 2164
f 2165 2166 2167
f 2168 2167 2163
f 2169 2170 2166
f 1090 2171 1240
f 1090 1240 1235
f 2162 2164 2172
f 2162 2173 2163
f 2168 2163 2174
f 2165 2175 2166
f 2168 2176 2167
f 2165 2167 2177
f 2169 2178 2170
f 2169 2166 2179
f 2180 2170 2181
f 2162 2172 2173
f 2168 2174 2176
f 2163 2173 2174
f 2173 2172 2174
f 2180 2181 2182
f 2165 2177 2175
f 2166 2175 2179
f 2167 2176 2177
f 2169 2179 2178
f 2170 2178 2181
f 2175 2177 2179
f 2176 2174 2177
f 1090 1707 2171
f 1322 1707 1090
f 2180 2183 2170
f 2184 2185 2183
f 2183 2185 2186
f 2183 2186 2187
f 2186 2188 2187
f 2187 2189 2190
f 2171 1836 1240
f 2180 2182 2183
f 2184 2183 2191
f 2184 2192 2185
f 2185 2193 2186
f 2186 2194 2188
f 2188 2195 2187
f 2187 2196 2189
f 2189 2197 2190
f 2182 2191 2183
f 2184 2191 2192
f 2185 2192 2193
f 2186 2193 2194
f 2188 2194 2195
f 2187 2195 2196
f 2189 2196 2197
f 2190 2197 2198
f 2192 2194 2193
f 2194 2196 2195
f 2196 2198 2197
f 2190 2198 2199
f 2200 2201 2202
f 2203 2204 2201
f 2199 2198 2205
f 2200 2202 2206
f 2201 2204 2202
f 2207 2208 2209
f 2210 2209 2211
f 2212 2213 2214
f 2215 2214 2216
f 2217 2216 2218
f 2219 2211 2213
f 2220 2221 2222
f 2223 2218 2221
f 2224 2222 2225
f 2226 2227 2228
f 2229 2225 2227
f 2230 2228 2137
f 2231 2232 2208
f 2233 2164 2232
f 2218 2234 2221
f 2216 2234 2218
f 2216 2214 2234
f 2213 2234 2214
f 2232 2234 2208
f 2232 2164 2234
f 2163 2234 2164
f 2209 2234 2211
f 2213 2211 2234
f 2209 2208 2234
f 2138 2234 2140
f 2142 2234 2143
f 2140 2234 2142
f 2143 2234 2146
f 2146 2234 2148
f 2222 2234 2225
f 2227 2234 2228
f 2225 2234 2227
f 2221 2234 2222
f 2228 2234 2137
f 2138 2137 2234
f 2217 2218 2235
f 2210 2211 2236
f 2207 2209 2237
f 2207 2238 2208
f 2210 2239 2209
f 2219 2213 2240
f 2212 2241 2213
f 2212 2214 2242
f 2215 2216 2243
f 2215 2244 2214
f 2217 2245 2216
f 2219 2246 2211
f 2224 2225 2247
f 2220 2248 2221
f 2220 2222 2249
f 2223 2250 2218
f 2223 2221 2251
f 2224 2252 2222
f 2226 2253 2227
f 2229 2227 2254
f 2229 2255 2225
f 2230 2256 2228
f 2226 2228 2257
f 2230 2137 2150
f 2217 2235 2245
f 2210 2236 2239
f 2207 2237 2238
f 2208 2238 2258
f 2209 2239 2237
f 2219 2240 2246
f 2212 2242 2241
f 2213 2241 2240
f 2215 2243 2244
f 2214 2244 2242
f 2216 2245 2243
f 2211 2246 2236
f 2238 2237 2258
f 2239 2236 2237
f 2241 2242 2240
f 2244 2243 2242
f 2245 2235 2243
f 2246 2240 2236
f 2224 2247 2252
f 2220 2249 2248
f 2221 2248 2251
f 2223 2251 2250
f 2218 2250 2235
f 2222 2252 2249
f 2226 2257 2253
f 2229 2254 2255
f 2225 2255 2247
f 2227 2253 2254
f 2228 2256 2257
f 2230 2150 2256
f 2248 2249 2251
f 2250 2251 2235
f 2252 2247 2249
f 2253 2257 2254
f 2255 2254 2247
f 2256 2150 2257
f 2231 2259 2232
f 2231 2208 2258
f 2233 2232 2260
f 2233 2261 2164
f 2231 2258 2259
f 2232 2259 2260
f 2233 2260 2261
f 2164 2261 2172
f 2259 2258 2260
f 2261 2260 2172
f 2235 2251 2262
f 2243 2235 2262
f 2243 2262 2242
f 2240 2242 2262
f 2260 2258 2262
f 2260 2262 2172
f 2174 2172 2262
f 2237 2236 2262
f 2240 2262 2236
f 2237 2262 2258
f 2152 2153 2262
f 2157 2156 2262
f 2153 2157 2262
f 2156 2160 2262
f 2160 2161 2262
f 2249 2247 2262
f 2254 2257 2262
f 2247 2254 2262
f 2251 2249 2262
f 2257 2150 2262
f 2152 2262 2150
f 2170 2183 2234
f 2183 2187 2234
f 2163 2167 2234
f 2167 2166 2234
f 2166 2170 2234
f 2187 2190 2234
f 2203 2263 2264
f 2190 2199 2234
f 2203 2264 2265
f 2264 2266 2265
f 2266 2267 2265
f 2178 2262 2181
f 2182 2181 2262
f 2182 2262 2191
f 2192 2191 2262
f 2192 2262 2194
f 2194 2262 2196
f 2174 2262 2177
f 2177 2262 2179
f 2178 2179 2262
f 2196 2262 2198
f 2264 2268 2266
f 2204 2268 2269
f 2199 2205 2262
f 2198 2262 2205
f 2203 2270 2204
f 2264 2271 2268
f 2204 2270 2268
f 2199 2262 2234
f 2203 2265 2270
f 2234 2262 2265
f 2266 2272 2273
f 2266 2268 2272
f 2268 2270 2272
f 2265 2262 2270
f 2274 2148 2275
f 403 2276 2277
f 2278 2275 2279
f 403 2277 2135
f 2277 2279 2135
f 2274 2280 2148
f 2274 2275 2281
f 403 123 2276
f 2276 2282 2277
f 2277 2283 2279
f 2278 2284 2275
f 2278 2279 2285
f 2274 2281 2280
f 2148 2280 2161
f 2280 2281 2161
f 2276 123 2282
f 2277 2282 2283
f 2279 2283 2285
f 2278 2285 2284
f 2275 2284 2281
f 123 2283 2282
f 2284 2285 2281
f 2234 2275 2148
f 2234 2135 2279
f 2234 2279 2275
f 2234 2265 2135
f 2262 2161 2281
f 2265 1840 2135
f 402 2135 2286
f 2200 2287 2201
f 2201 2287 2288
f 2289 2290 2287
f 1242 402 2286
f 2289 2291 2292
f 1455 1240 1836
f 2171 1707 1836
f 2200 2206 2287
f 2289 2287 2293
f 2206 2293 2287
f 2289 2293 2294
f 2206 2202 2293
f 2289 2294 2295
f 2294 2293 2295
f 2202 2295 2293
f 2202 2296 2295
f 2289 2295 2297
f 1707 1837 2298
f 1837 1841 2299
f 1841 1842 2300
f 1842 1843 2301
f 2289 2297 2291
f 2291 2302 2292
f 2302 2303 2292
f 2291 2304 2302
f 2302 2305 2303
f 1707 2298 2306
f 2298 1837 1839
f 1837 2299 2307
f 2299 1841 1838
f 1841 2300 2308
f 2300 1842 1853
f 1842 2301 2309
f 2301 1843 1854
f 1707 2306 1836
f 2298 1839 2306
f 1836 2306 1839
f 1837 2307 1839
f 2299 1838 2307
f 1841 2308 1838
f 2300 1853 2308
f 1842 2309 1853
f 2301 1854 2309
f 1839 2307 1838
f 1838 2308 1853
f 1853 2309 1854
f 2295 2310 2311
f 2295 2312 2297
f 2295 2311 2312
f 2311 2310 2313
f 2313 2310 2314
f 2297 2312 2291
f 2291 2311 2304
f 2304 2315 2302
f 2302 2313 2305
f 2305 2316 2303
f 2303 2314 2317
f 2317 2318 2319
f 2291 2312 2311
f 2304 2311 2315
f 2302 2315 2313
f 2305 2313 2316
f 2303 2316 2314
f 2317 2314 2318
f 2311 2313 2315
f 2313 2314 2316
f 2203 2201 2288
f 2287 2320 2288
f 2203 2288 2263
f 2288 2321 2263
f 2287 2322 2320
f 2287 2290 2323
f 2287 2323 2322
f 2320 2322 2324
f 2264 2263 2325
f 2322 2323 2326
f 2289 2292 2290
f 2290 2292 2327
f 2323 2290 2328
f 2266 2273 2267
f 2265 2267 2329
f 2267 2330 2329
f 2265 2329 2331
f 2332 2333 2334
f 2335 2334 2331
f 2265 2331 2328
f 2323 2328 2333
f 2331 2334 2328
f 2333 2328 2334
f 2288 2336 2321
f 2288 2320 2296
f 2320 2324 2337
f 2263 2269 2325
f 2264 2325 2271
f 2263 2321 2338
f 2324 2322 2339
f 2322 2326 2340
f 2326 2323 2341
f 2321 2336 2338
f 2288 2296 2336
f 2204 2336 2202
f 2202 2336 2296
f 2204 2269 2336
f 2336 2269 2338
f 2320 2337 2296
f 2296 2337 2339
f 2325 2269 2271
f 2263 2338 2269
f 2268 2271 2269
f 2324 2339 2337
f 2322 2340 2339
f 2326 2341 2340
f 2323 2342 2341
f 2339 2340 2341
f 2292 2310 2327
f 2290 2327 2343
f 2290 2344 2328
f 2295 2296 2339
f 2327 2310 2343
f 2290 2343 2344
f 2295 2339 2344
f 2295 2344 2310
f 2344 2343 2310
f 2339 2341 2344
f 2341 2342 2344
f 2323 2333 2342
f 2273 2345 2267
f 2267 2346 2330
f 2330 2347 2329
f 2329 2348 2331
f 2332 2349 2333
f 2335 2331 2350
f 2335 2351 2334
f 2332 2334 2352
f 2272 2345 2273
f 2267 2345 2346
f 2330 2346 2347
f 2329 2347 2348
f 2272 2346 2345
f 2346 2348 2347
f 2333 2349 2342
f 2331 2348 2350
f 2335 2350 2351
f 2332 2352 2349
f 2334 2351 2352
f 2349 2352 2342
f 2351 2350 2352
f 2328 2344 2353
f 2344 2342 2353
f 2350 2353 2352
f 2342 2352 2353
f 2303 2317 2292
f 2317 2354 2292
f 2292 2355 2356
f 2292 2354 2355
f 2317 2319 2354
f 2354 2357 2355
f 2358 2359 2360
f 2361 2362 2363
f 2364 2363 2359
f 2292 2356 2310
f 2310 2356 2365
f 2314 2310 2318
f 2318 2310 2366
f 2310 2365 2367
f 2310 2367 2366
f 2354 2366 2357
f 2354 2319 2368
f 2355 2367 2356
f 2355 2357 2369
f 2318 2368 2319
f 2354 2368 2366
f 2355 2369 2367
f 2356 2367 2365
f 2357 2366 2369
f 2318 2366 2368
f 2366 2367 2369
f 2328 2353 2360
f 2361 2370 2362
f 2358 2371 2359
f 2358 2360 2372
f 2364 2359 2373
f 2364 2374 2363
f 2361 2363 2375
f 2353 2372 2360
f 2358 2372 2371
f 2359 2371 2373
f 2364 2373 2374
f 2363 2374 2375
f 2361 2375 2370
f 2371 2372 2373
f 2370 2375 1862
f 2374 2373 2375
f 75 1852 122
f 1843 1844 2376
f 1844 1845 2377
f 1845 1846 2378
f 1846 1847 2379
f 1847 1848 2380
f 1848 1849 2381
f 1849 1850 2382
f 1242 2286 1840
f 232 1840 1851
f 1843 2376 2383
f 2376 1844 1855
f 1844 2377 2384
f 2377 1845 1856
f 1845 2378 2385
f 2378 1846 1857
f 1846 2379 2386
f 2379 1847 1858
f 1847 2380 2387
f 2380 1848 1863
f 1848 2381 2388
f 2381 1849 1864
f 1849 2382 2389
f 2382 1850 1865
f 1843 2383 1854
f 2376 1855 2383
f 1844 2384 1855
f 2377 1856 2384
f 1845 2385 1856
f 2378 1857 2385
f 1854 2383 1855
f 1855 2384 1856
f 1856 2385 1857
f 1846 2386 1857
f 2379 1858 2386
f 1847 2387 1858
f 2380 1863 2387
f 1848 2388 1863
f 2381 1864 2388
f 1849 2389 1864
f 2382 1865 2389
f 1857 2386 1858
f 1858 2387 1863
f 1863 2388 1864
f 1864 2389 1865
f 1850 1866 1865
f 2390 1851 2391
f 2392 2391 2393
f 2394 2393 2395
f 2396 2397 2362
f 2398 2399 2397
f 2400 2395 2399
f 2391 1840 2393
f 2391 1851 1840
f 1850 1851 1866
f 2390 2401 1851
f 2390 2391 1867
f 2392 2402 2391
f 2394 2403 2393
f 2394 2395 1859
f 2400 2404 2395
f 2392 2393 1868
f 2398 2405 2399
f 2400 2399 1860
f 2396 2406 2397
f 2396 2362 1862
f 2398 2397 1861
f 2390 1867 2401
f 2391 2402 1867
f 2392 1868 2402
f 2393 2403 1868
f 2394 1859 2403
f 2395 2404 1859
f 2401 1867 1866
f 2402 1868 1867
f 2403 1859 1868
f 1851 2401 1866
f 2400 1860 2404
f 2399 2405 1860
f 2370 1862 2362
f 2396 1862 2406
f 2398 1861 2405
f 2397 2406 1861
f 2406 1862 1861
f 2405 1861 1860
f 2404 1860 1859
f 2135 1840 2286
f 2265 2328 1840
f 2328 2360 1840
f 2395 1840 2399
f 2399 1840 2397
f 2362 2397 1840
f 2360 2359 1840
f 2359 2363 1840
f 2363 2362 1840
f 2395 2393 1840
f 118 122 2134
f 116 2133 2407
f 80 116 401
f 2134 2408 2133
f 123 2409 2283
f 2283 2409 2285
f 2281 2285 2409
f 2262 2281 2409
f 2262 2409 2270
f 2272 2409 2346
f 2272 2270 2409
f 2346 2409 2348
f 2348 2409 2350
f 2350 2409 2353
f 2353 2409 2372
f 2375 2409 1862
f 2373 2409 2375
f 2372 2409 2373
f 113 1862 2409
f 113 2409 2410
f 2126 2411 2412
f 2126 2412 2131
f 2127 2131 2413
f 2126 401 2411
f 2127 2413 122
f 2134 2413 2408
f 2134 122 2413
f 2133 2408 2407
f 116 2407 401
f 123 401 2409
f 2412 2411 2131
f 2411 2413 2131
f 2411 2407 2413
f 2407 2408 2413
f 2411 401 2407
f 2130 2414 2409
f 122 1852 2415
f 2410 2409 2416
f 122 2417 2418
f 122 2419 2420
f 122 2418 2419
f 122 2420 2421
f 122 2415 2422
f 122 2422 2417
f 122 2421 2423
f 122 2423 2424
f 122 2424 2425
f 122 2425 2426
f 122 2426 2427
f 122 2427 2428
f 122 2428 2429
f 122 2429 2430
f 122 2430 2431
f 122 2431 2432
f 2416 2409 2433
f 2433 2409 2434
f 2434 2409 2435
f 2435 2409 2436
f 2436 2409 2437
f 2437 2409 2438
f 2438 2409 2439
f 2439 2409 2440
f 2440 2409 2441
f 2441 2409 2442
f 2442 2409 2443
f 2443 2409 2444
f 1982 1984 1985
f 1975 1987 1983
f 2445 2446 1994
f 1985 1984 1988
f 1987 1986 1983
f 2445 2447 2446
f 1988 1984 2445
f 1914 1983 1984
f 1986 1994 1983
f 2445 1984 2447
f 1994 2446 1983
f 2447 1984 2448
f 2448 2449 2450
f 1988 2445 1996
f 2445 1994 1996
f 1993 2451 1994
f 1994 2451 1996
f 2447 2452 2446
f 2446 2452 2450
f 2447 2448 2453
f 2448 2450 2453
f 2447 2454 2452
f 2447 2453 2454
f 2450 2452 2455
f 2450 2455 2453
f 2132 2456 2130
f 2456 2457 2130
f 122 2458 2132
f 2130 2457 2414
f 2446 2450 1983
f 2448 1984 2459
f 2448 2459 2449
f 2450 2449 1983
f 2459 1984 2460
f 2449 2461 1983
f 2462 1984 2463
f 2462 2464 2465
f 2462 2466 2467
f 2462 2465 2466
f 2462 2467 2468
f 2462 2469 2470
f 2462 2471 2469
f 2462 2472 2464
f 2462 2473 2472
f 2462 2470 2473
f 2462 2474 2471
f 2462 2475 2474
f 2462 2463 2475
f 2462 2468 2132
f 2463 1984 2476
f 2470 2469 2477
f 2466 2478 2467
f 2466 2465 2479
f 2464 2480 2465
f 2472 2473 2481
f 2464 2472 2482
f 2470 2483 2473
f 2462 2132 2484
f 2467 2485 2468
f 2468 2486 2487
f 2487 2488 2489
f 2489 2490 2491
f 2491 2492 2493
f 2493 2494 2495
f 2495 2496 2497
f 2469 2471 2498
f 2471 2474 2499
f 2474 2475 2500
f 2475 2463 2501
f 2463 2476 2502
f 2476 2503 2504
f 2503 2505 2506
f 2505 2507 2508
f 2507 2509 2510
f 2509 2511 2512
f 2511 2513 2514
f 2513 2515 2516
f 2515 2517 2518
f 2517 2519 2520
f 2519 2521 2522
f 2521 2523 2524
f 2523 2525 2526
f 2525 2527 2528
f 2476 1984 2503
f 2503 1984 2505
f 2505 1984 2507
f 2507 1984 2509
f 2509 1984 2511
f 2511 1984 2513
f 2513 1984 2515
f 2515 1984 2517
f 2517 1984 2519
f 2519 1984 2521
f 2521 1984 2523
f 2462 2460 1984
f 2468 2487 2132
f 2487 2489 2132
f 2489 2491 2132
f 2491 2493 2132
f 2493 2495 2132
f 2495 2497 2132
f 2497 2529 2132
f 2529 2530 2132
f 2530 2531 2132
f 2531 2532 2132
f 2532 2533 2132
f 2533 2534 2132
f 2534 2535 2132
f 2535 2536 2132
f 2536 2537 2132
f 2537 2538 2132
f 2539 2132 2538
f 2539 2456 2132
f 2497 2540 2529
f 2529 2541 2530
f 2530 2542 2531
f 2531 2543 2532
f 2532 2544 2533
f 2533 2545 2534
f 2539 2546 2547
f 2534 2548 2535
f 2535 2549 2536
f 2536 2550 2537
f 2537 2551 2538
f 2539 2538 2552
f 2553 2554 2527
f 2555 2556 2553
f 2555 2557 2558
f 2557 2547 2559
f 2525 2456 2527
f 2555 2553 2456
f 2553 2527 2456
f 2523 2456 2525
f 2523 1984 2456
f 2557 2456 2547
f 2539 2547 2456
f 2555 2456 2557
f 1984 1983 2456
f 2456 1983 2457
f 2462 2484 2460
f 2470 2477 2483
f 2464 2482 2480
f 2466 2479 2478
f 2465 2480 2479
f 2472 2481 2482
f 2473 2483 2481
f 2467 2478 2485
f 2468 2485 2486
f 2487 2486 2488
f 2489 2488 2490
f 2491 2490 2492
f 2493 2492 2494
f 2495 2494 2496
f 2497 2496 2540
f 2469 2498 2477
f 2471 2499 2498
f 2474 2500 2499
f 2475 2501 2500
f 2463 2502 2501
f 2476 2504 2502
f 2503 2506 2504
f 2505 2508 2506
f 2507 2510 2508
f 2509 2512 2510
f 2511 2514 2512
f 2513 2516 2514
f 2515 2518 2516
f 2517 2520 2518
f 2519 2522 2520
f 2521 2524 2522
f 2523 2526 2524
f 2525 2528 2526
f 2483 2560 2481
f 2480 2482 2560
f 2482 2481 2560
f 2488 2560 2490
f 2480 2560 2479
f 2478 2479 2560
f 2478 2560 2485
f 2485 2560 2486
f 2486 2560 2488
f 2490 2560 2492
f 2492 2560 2494
f 2494 2560 2496
f 2496 2560 2540
f 2560 2541 2540
f 2560 2542 2541
f 2483 2477 2560
f 2477 2498 2560
f 2498 2499 2560
f 2499 2500 2560
f 2500 2501 2560
f 2501 2502 2560
f 2502 2504 2560
f 2504 2506 2560
f 2506 2508 2560
f 2508 2510 2560
f 2510 2512 2560
f 2512 2514 2560
f 2560 2514 2516
f 2560 2516 2518
f 2560 2518 2520
f 2560 2524 2526
f 2560 2520 2522
f 2560 2522 2524
f 2560 2526 2528
f 2560 2528 2554
f 2560 2554 2556
f 2132 2458 2484
f 2529 2540 2541
f 2530 2541 2542
f 2531 2542 2543
f 2532 2543 2544
f 2533 2544 2545
f 2534 2545 2548
f 2539 2552 2546
f 2547 2546 2559
f 2535 2548 2549
f 2536 2549 2550
f 2537 2550 2551
f 2538 2551 2552
f 2553 2556 2554
f 2557 2559 2558
f 2555 2558 2556
f 2527 2554 2528
f 2560 2543 2542
f 2560 2544 2543
f 2560 2545 2544
f 2560 2548 2545
f 2560 2549 2548
f 2560 2550 2549
f 2560 2551 2550
f 2560 2552 2551
f 2560 2546 2552
f 2560 2559 2546
f 2560 2558 2559
f 2560 2556 2558
f 2459 2461 2449
f 2459 2460 2561
f 2459 2562 2461
f 2484 2561 2460
f 2484 2458 2563
f 2484 2563 2561
f 113 2410 1852
f 2067 2564 2074
f 2565 2566 2567
f 2565 2567 2568
f 2567 2569 2570
f 2565 2568 2571
f 1852 2564 2568
f 2567 2570 2568
f 1852 2568 2570
f 1852 2410 2564
f 1852 2570 2572
f 2570 2573 2572
f 1852 2572 2415
f 2410 2574 2575
f 2410 2575 2576
f 2410 2576 2577
f 2410 2577 2578
f 2410 2578 2579
f 2410 2579 2580
f 2410 2581 2582
f 2410 2583 2581
f 2410 2584 2583
f 2410 2416 2584
f 2410 2585 2586
f 2410 2587 2585
f 2410 2588 2587
f 2410 2582 2588
f 2410 2586 2574
f 2410 2580 2589
f 2410 2589 2590
f 2567 2566 2569
f 2565 2571 2566
f 2566 2573 2569
f 2568 2564 2571
f 2566 2571 2573
f 2571 2564 2573
f 2410 2074 2564
f 2570 2569 2573
f 2573 2591 2572
f 2573 2592 2591
f 2573 2593 2592
f 2573 2594 2593
f 2573 2595 2594
f 2573 2596 2595
f 2573 2597 2596
f 2573 2598 2597
f 1996 2451 2454
f 2451 2452 2454
f 1991 1990 2075
f 1989 2076 1992
f 1990 1995 2075
f 1992 2076 1993
f 2453 2455 2562
f 1995 1996 2075
f 1993 2076 2451
f 1996 2454 2075
f 2451 2076 2452
f 2074 2076 1978
f 2067 2075 2564
f 122 2075 2458
f 2418 2588 2419
f 2420 2581 2421
f 2419 2582 2420
f 2421 2583 2423
f 2423 2584 2424
f 2419 2588 2582
f 2420 2582 2581
f 2421 2581 2583
f 2423 2583 2584
f 2418 2417 2587
f 2422 2585 2417
f 2422 2415 2586
f 2572 2574 2415
f 2572 2591 2575
f 2591 2592 2576
f 2592 2593 2577
f 2593 2594 2578
f 2572 2575 2574
f 2422 2586 2585
f 2417 2585 2587
f 2418 2587 2588
f 2415 2574 2586
f 2591 2576 2575
f 2592 2577 2576
f 2593 2578 2577
f 2424 2416 2425
f 2425 2433 2426
f 2426 2434 2427
f 2427 2435 2428
f 2428 2436 2429
f 2424 2584 2416
f 2425 2416 2433
f 2426 2433 2434
f 2427 2434 2435
f 2428 2435 2436
f 2429 2436 2437
f 2429 2437 2430
f 2430 2438 2431
f 2431 2439 2432
f 2432 2440 2599
f 2599 2441 2600
f 2600 2442 2601
f 2601 2443 2602
f 2602 2444 2603
f 2430 2437 2438
f 2431 2438 2439
f 2432 2439 2440
f 2599 2440 2441
f 2600 2441 2442
f 2601 2442 2443
f 2602 2443 2444
f 2603 2444 2604
f 2594 2595 2579
f 2595 2596 2580
f 2596 2597 2589
f 2597 2598 2590
f 2598 2605 2606
f 2605 2607 2608
f 2607 2609 2610
f 2609 2611 2612
f 2611 2613 2614
f 2613 2615 2616
f 2594 2579 2578
f 2595 2580 2579
f 2596 2589 2580
f 2597 2590 2589
f 2598 2606 2590
f 2605 2608 2606
f 2607 2610 2608
f 2609 2612 2610
f 2611 2614 2612
f 2613 2616 2614
f 2615 2617 2616
f 2615 2618 2617
f 2618 2619 2620
f 2619 2621 2622
f 2621 2623 2624
f 2623 2625 2626
f 2627 2628 2629
f 2603 2604 2627
f 2629 2630 2631
f 2632 2631 2633
f 2625 2634 2635
f 2632 2636 2637
f 2634 2637 2638
f 2618 2620 2617
f 2619 2622 2620
f 2621 2624 2622
f 2623 2626 2624
f 2629 2628 2630
f 2604 2628 2627
f 2631 2630 2633
f 2632 2633 2636
f 2634 2638 2635
f 2637 2636 2638
f 2625 2635 2626
f 2410 2076 2074
f 2410 2590 2076
f 2432 2599 2075
f 2599 2600 2075
f 2600 2601 2075
f 2601 2602 2075
f 2602 2603 2075
f 2603 2627 2075
f 2627 2629 2075
f 2629 2631 2075
f 2444 2076 2604
f 122 2432 2075
f 2444 2409 2414
f 2455 2461 2562
f 2459 2075 2562
f 2454 2453 2075
f 2452 2076 2455
f 2453 2562 2075
f 2455 2076 2461
f 2459 2561 2075
f 2461 2076 1983
f 2458 2075 2563
f 2561 2563 2075
f 2564 2075 2573
f 2573 2075 2598
f 2598 2075 2605
f 2605 2075 2607
f 2607 2075 2609
f 2609 2075 2611
f 2611 2075 2613
f 2613 2075 2615
f 2615 2075 2618
f 2618 2075 2619
f 2619 2075 2621
f 2625 2075 2634
f 2621 2075 2623
f 2623 2075 2625
f 2632 2075 2631
f 2632 2637 2075
f 2634 2075 2637
f 2590 2606 2076
f 2606 2608 2076
f 2608 2610 2076
f 2610 2612 2076
f 2612 2614 2076
f 2614 2616 2076
f 2626 2635 2076
f 2635 2638 2076
f 2616 2617 2076
f 2617 2620 2076
f 2620 2622 2076
f 2622 2624 2076
f 2624 2626 2076
f 2628 2076 2630
f 2630 2076 2633
f 2604 2076 2628
f 2636 2633 2076
f 2636 2076 2638
f 2444 2414 2076
f 2 76 4
f 76 9 4
f 1912 8 1978
f 1997 1978 8
f 2409 2128 2130
f 2409 401 2128
f 1983 2076 2457
f 2414 2457 2076

